time,I,II,III,aVR,aVL,aVF,V1,V2,V3,V4,V5,V6
0.0,-0.18474412,0.11995188,0.30488127,0.032503612,-0.24487905,0.21189345,-0.14028579,-0.24750184,0.112099014,0.18894814,0.08229088,0.17971022
0.01,-0.18554652,0.1547929,0.34046423,0.01543507,-0.26301903,0.247005,-0.14977872,-0.2816079,0.10415235,0.2056777,0.10300696,0.2006605
0.02,-0.19021039,0.17217435,0.3623594,0.008941472,-0.2762261,0.2666534,-0.1582717,-0.31270307,0.10058689,0.22126767,0.12256621,0.22465569
0.03,-0.18696748,0.20637149,0.39349568,-0.009684939,-0.2902854,0.29950446,-0.1662853,-0.34399718,0.098100595,0.23371229,0.13815685,0.24500202
0.04,-0.19515087,0.19862136,0.39365768,-0.001678494,-0.2943576,0.29551685,-0.1626582,-0.36380106,0.07993619,0.22649315,0.13542841,0.24030195
0.05,-0.21367556,0.17823116,0.3918894,0.017891739,-0.3027777,0.2845631,-0.1381941,-0.35109383,0.069378786,0.20773588,0.11842741,0.21562822
0.06,-0.23150077,0.14099894,0.37260747,0.045254502,-0.30197808,0.25630644,-0.101921454,-0.31177038,0.07258257,0.1849978,0.09286859,0.17820284
0.07,-0.247203,0.109577835,0.35675004,0.068845846,-0.30214563,0.2325987,-0.07811669,-0.27438188,0.08635871,0.16291812,0.06764817,0.14984256
0.08,-0.2526528,0.07026705,0.3229041,0.09119928,-0.2877508,0.19607192,-0.07000886,-0.24298377,0.085190795,0.13788031,0.042063188,0.11762259
0.09,-0.24453688,0.051292583,0.296034,0.096634865,-0.2702837,0.17351422,-0.077017315,-0.22589679,0.08556823,0.11983118,0.023348678,0.10638867
0.1,-0.2352691,0.033987287,0.2692771,0.10067005,-0.2523442,0.15166686,-0.08906686,-0.2047591,0.08462984,0.10787028,0.012156395,0.09911691
0.11,-0.22484818,0.028530236,0.25350216,0.09822692,-0.23916104,0.14096667,-0.10022536,-0.19628647,0.077599205,0.09958084,0.0047347285,0.07921626
0.12,-0.21775575,0.011644344,0.2293004,0.10299109,-0.22342362,0.12049888,-0.10473607,-0.18451689,0.07915224,0.088479914,-0.0068387715,0.071289
0.13,-0.20995119,0.013489486,0.2233533,0.09812886,-0.21661648,0.118237376,-0.108891554,-0.1772488,0.08102464,0.07985819,-0.0100687565,0.07533805
0.14,-0.20406328,0.013841169,0.2179647,0.09514263,-0.2109026,0.11585544,-0.112574905,-0.17016698,0.08755236,0.08156357,-0.010051585,0.06604537
0.15,-0.20443444,0.016458495,0.22100534,0.09395916,-0.21274363,0.1187835,-0.11729505,-0.1716912,0.084696464,0.07680778,-0.013834422,0.06334206
0.16,-0.20581357,0.011387737,0.21712378,0.09735886,-0.21140505,0.11414132,-0.114679456,-0.16434112,0.075798534,0.070671715,-0.018504841,0.058757685
0.17,-0.1998312,0.020006368,0.21977335,0.08991203,-0.20978157,0.1198729,-0.11946489,-0.16869694,0.07052676,0.07128975,-0.017877493,0.058144197
0.18,-0.20492174,0.01732722,0.22240676,0.0938661,-0.21371447,0.11979557,-0.11967043,-0.17076069,0.0670791,0.06588307,-0.023783188,0.05812724
0.19,-0.20123917,0.022804525,0.22410284,0.089112274,-0.21257254,0.12344323,-0.12160779,-0.17171626,0.06618781,0.06913615,-0.02354287,0.052196767
0.2,-0.20179513,0.016409932,0.21827184,0.09270433,-0.2100373,0.11728872,-0.1288555,-0.17308742,0.0750406,0.06833389,-0.024533939,0.055872746
0.21,-0.20324099,0.015233346,0.21855791,0.09396601,-0.21079923,0.1168024,-0.13088872,-0.17617075,0.07141919,0.06997333,-0.02588707,0.059917357
0.22,-0.20022322,0.011468813,0.21152921,0.09438781,-0.20583612,0.1114267,-0.13015655,-0.178429,0.06551016,0.06510157,-0.032227222,0.046382863
0.23,-0.19846278,0.013209823,0.21157177,0.09266004,-0.20499057,0.11245845,-0.13444413,-0.18222977,0.054596707,0.0510559,-0.044013314,0.044652093
0.24,-0.19668907,0.0096599,0.20619524,0.09344973,-0.20147108,0.10804268,-0.13540769,-0.18447009,0.06340604,0.05291519,-0.0403348,0.052684255
0.25,-0.19325288,0.012363758,0.20543902,0.090324275,-0.19931261,0.108902566,-0.1423752,-0.19144084,0.05005086,0.044400316,-0.046694174,0.04553959
0.26,-0.19073258,0.012165521,0.20291981,0.08927111,-0.19676411,0.10751044,-0.14458245,-0.19261783,0.049061067,0.0399497,-0.05265962,0.025346726
0.27,-0.1941725,0.012272495,0.20630068,0.09097643,-0.20025302,0.10927729,-0.14538787,-0.18870243,0.05163359,0.041513056,-0.049734727,0.03882486
0.28,-0.19487798,0.0017035373,0.19659726,0.09657818,-0.19562568,0.099088535,-0.14913233,-0.19397946,0.045521107,0.03726838,-0.052235313,0.042969707
0.29,-0.19675955,0.007866079,0.20460066,0.09446233,-0.20069568,0.1062758,-0.15157025,-0.19238183,0.05002938,0.040605795,-0.048205175,0.041822366
0.3,-0.18254127,0.008189565,0.19062324,0.08706231,-0.18646203,0.09937554,-0.15704031,-0.19697921,0.04264259,0.032799285,-0.058166966,0.028351208
0.31,-0.19506009,0.007612064,0.20256491,0.09383102,-0.19872849,0.10494044,-0.15297745,-0.19470492,0.043918356,0.033239234,-0.05641081,0.057270907
0.32,-0.17661533,0.01182158,0.18841472,0.08238016,-0.18246453,0.09993396,-0.16097705,-0.20152853,0.037375264,0.025066784,-0.062748715,0.002490013
0.33,-0.19245534,0.019574556,0.21192062,0.086414784,-0.20219766,0.11575655,-0.16249536,-0.19804397,0.04269122,0.032650158,-0.056667555,0.03163228
0.34,-0.18676078,0.011537294,0.19807656,0.087582566,-0.19245873,0.104795836,-0.15989596,-0.19703127,0.033898547,0.03302053,-0.051737893,0.051992908
0.35,-0.17852037,0.029934581,0.20855862,0.074366,-0.19349712,0.11927652,-0.15300235,-0.19218822,0.052929793,0.047011547,-0.03982043,0.044683836
0.36,-0.17373632,0.04905904,0.22266252,0.062433112,-0.19813962,0.13593656,-0.12948851,-0.16855125,0.061765946,0.0517357,-0.032803692,0.060134336
0.37,-0.15059267,0.07259059,0.22316568,0.039012287,-0.18695664,0.14778677,-0.11298203,-0.1513811,0.07082525,0.055963065,-0.027904117,0.06529325
0.38,-0.14124814,0.07686876,0.21806645,0.03221422,-0.17967667,0.14744388,-0.10158314,-0.13158135,0.09267067,0.06971034,-0.017521946,0.07970784
0.39,-0.10293501,0.13476181,0.23775524,-0.015901323,-0.17034031,0.18588243,-0.08349671,-0.100997895,0.124720655,0.10645284,0.015488227,0.10579739
0.4,-0.0719999,0.17238578,0.24425574,-0.050162453,-0.1580928,0.20777713,-0.12253907,-0.10646495,0.13050894,0.121604115,0.034990262,0.12816912
0.41,-0.08327891,0.16430083,0.2473977,-0.04058696,-0.1653254,0.20538686,-0.18975632,-0.17693447,0.081360005,0.100696184,0.020337146,0.12250398
0.42,-0.10837406,0.101116724,0.20953493,0.003640645,-0.15903547,0.15519199,-0.21813527,-0.21705881,0.041530255,0.06321808,-0.018563932,0.08811595
0.43,-0.1526494,0.06886134,0.2214873,0.04188415,-0.18707283,0.14516817,-0.20052953,-0.21121308,0.03347191,0.045637272,-0.034380566,0.07717199
0.44,-0.18883547,0.03434061,0.2231336,0.077273466,-0.20606056,0.12869751,-0.18758118,-0.21175903,0.026729286,0.028798647,-0.051227055,0.04618292
0.45,-0.19989178,0.008640647,0.20831676,0.09564886,-0.20405893,0.10847425,-0.19272724,-0.22087307,0.0028517048,0.0061331913,-0.07324179,0.020793451
0.46,-0.20421307,-0.0071939332,0.19700903,0.105531886,-0.20048502,0.09476586,-0.20555918,-0.23145932,0.0030356909,0.0022372871,-0.08081778,0.017358143
0.47,-0.20805797,-0.006283618,0.20193298,0.1071695,-0.20498607,0.09775141,-0.19589812,-0.23068719,-0.00987774,-0.005520722,-0.09197904,0.009426687
0.48,-0.20290047,-0.011467415,0.19150929,0.10725404,-0.19712527,0.08997102,-0.20341574,-0.23764215,-0.003891118,-0.0037724765,-0.08869766,0.01139936
0.49,-0.23361138,-0.014644431,0.21883921,0.12409958,-0.22621764,0.10206021,-0.16612835,-0.21344359,0.006218399,-0.0019354362,-0.087287545,0.0039661927
0.5,-0.28163922,0.01812305,0.29985556,0.1318844,-0.2906641,0.1588991,-0.26800725,-0.37061894,-0.03532131,0.032064255,-0.04464959,0.057020284
0.51,-0.22990128,-0.01610055,0.21382384,0.122968554,-0.221894,0.09896207,-0.4881339,-0.70543903,-0.24824464,-0.048696876,-0.094177626,0.038364258
0.52,0.13964723,0.28463498,0.14510065,-0.21220453,-0.0027928038,0.2143851,-0.6150131,-0.6534933,-0.12781984,0.118150465,0.08847697,0.28164032
0.53,0.36812088,0.31217113,-0.055883527,-0.34020883,0.21207628,0.1280064,-0.61959517,-0.67425656,-0.18705307,0.034294773,0.016252577,0.25782585
0.54,-0.17852528,0.09226819,0.27086312,0.042976554,-0.22458258,0.18129581,-0.29430643,-0.6842014,-0.23457123,-0.059992895,-0.09583723,0.048559997
0.55,-0.44075334,-0.08773526,0.35308364,0.26430857,-0.39687437,0.13248819,-0.37574443,-0.76074374,-0.32971302,-0.13057345,-0.17441681,-0.059536543
0.56,-0.33284825,-0.14788352,0.18484984,0.24043614,-0.25897896,0.018540874,-0.44288248,-0.6424194,-0.28133988,-0.15215078,-0.20856753,-0.08748726
0.57,-0.23070943,-0.043157063,0.18751222,0.13694865,-0.20911807,0.0720677,-0.26432648,-0.31205577,-0.058010686,-0.031547736,-0.11248907,-0.0093300175
0.58,-0.20336443,-0.035978217,0.16723394,0.11969439,-0.18532638,0.065654345,-0.22427231,-0.25414371,-0.03115603,-0.023623431,-0.107483804,-0.006333726
0.59,-0.197613,-0.021365657,0.17610362,0.10943676,-0.18677613,0.07733193,-0.21215272,-0.22035675,-0.010251166,-0.012309424,-0.094876975,0.0036423125
0.6,-0.19006152,-0.031700503,0.15826564,0.11082879,-0.17414658,0.06326862,-0.21910034,-0.22166954,-0.0055809664,-0.014288172,-0.0986118,-0.0001675645
0.61,-0.19649239,-0.027044635,0.16944742,0.111695476,-0.18287596,0.07105243,-0.21250035,-0.21723647,-0.0048963437,-0.010166558,-0.0959162,0.0042927214
0.62,-0.18772216,-0.030772908,0.15709214,0.10921144,-0.1724009,0.063023195,-0.21291353,-0.21798635,-0.0075127785,-0.015493577,-0.09926914,0.004282201
0.63,-0.18596594,-0.02371451,0.16232143,0.10481904,-0.17426082,0.0692863,-0.21140294,-0.21638624,-0.0037562118,-0.010578577,-0.091937214,0.013987357
0.64,-0.18630613,-0.02522004,0.16099755,0.10577478,-0.1736835,0.06775954,-0.20790827,-0.21422854,-0.004456662,-0.0019149849,-0.08759821,0.015017663
0.65,-0.18490002,-0.014647425,0.1703872,0.0998145,-0.17768133,0.077929616,-0.21313193,-0.21662149,-0.00082291604,0.0077635506,-0.0812682,0.021778898
0.66,-0.17664912,-0.007062601,0.16974562,0.09187141,-0.17310806,0.08125275,-0.20493664,-0.21575783,0.001356419,0.012817144,-0.07474935,0.02478408
0.67,-0.18551435,-0.009877736,0.17576517,0.09773524,-0.1807124,0.08299591,-0.22059084,-0.22417887,0.0036630689,0.0142996125,-0.075318724,0.025038674
0.68,-0.1810833,-0.0067290016,0.17456304,0.093970306,-0.177937,0.08398684,-0.22166999,-0.2264773,0.0011381917,0.019284181,-0.06969206,0.039832186
0.69,-0.17520839,0.018868849,0.1940941,0.07810866,-0.18464975,0.106398374,-0.22545744,-0.23023649,0.010861617,0.030504553,-0.054895677,0.050960496
0.7,-0.17599754,0.02550806,0.201498,0.075193584,-0.1886933,0.1134464,-0.23132206,-0.23935072,0.006308292,0.03857728,-0.0405595,0.058121305
0.71,-0.17035381,0.04793597,0.2183338,0.06124557,-0.19433682,0.13302176,-0.23889863,-0.25182718,0.015968703,0.05173011,-0.027784875,0.06531553
0.72,-0.16869396,0.05792724,0.22660132,0.055332262,-0.19768254,0.1423633,-0.23720856,-0.26307642,0.0136509705,0.060809094,-0.01649973,0.089865446
0.73,-0.1673895,0.084945805,0.25240833,0.041240517,-0.20988084,0.16856147,-0.25015178,-0.28572655,0.011803609,0.078922465,0.0012458272,0.10919607
0.74,-0.16496222,0.10425334,0.26935527,0.030351993,-0.21722151,0.18639505,-0.25993145,-0.310808,0.018539194,0.100598656,0.020372638,0.13196677
0.75,-0.1607759,0.14482313,0.30567187,0.008003714,-0.23327033,0.22464776,-0.26873183,-0.34476015,0.0064860852,0.11348374,0.03998724,0.15295497
0.76,-0.16309957,0.16684559,0.33005643,-0.0018342809,-0.24656223,0.24785997,-0.27779165,-0.3820021,0.00087212195,0.13077044,0.059388243,0.17672987
0.77,-0.16573721,0.20881209,0.37454548,-0.021493025,-0.27021268,0.29113895,-0.27915442,-0.41137934,0.0003804082,0.15633917,0.08512823,0.20475884
0.78,-0.17248434,0.21344833,0.3857758,-0.020497689,-0.27911463,0.29902261,-0.2790583,-0.4464997,-0.012407805,0.16197617,0.0930727,0.2146735
0.79,-0.18312164,0.20593844,0.3890064,-0.011457039,-0.28605345,0.29698187,-0.26734024,-0.4585138,-0.017110365,0.1572231,0.08406904,0.20567615
0.8,-0.19824648,0.18151169,0.37973106,0.008423412,-0.28903717,0.28009453,-0.23813127,-0.44449335,-0.03382744,0.13319491,0.056825634,0.17360091
0.81,-0.21401699,0.148399,0.36237592,0.03276126,-0.2881208,0.2549163,-0.19145331,-0.39356643,-0.026595354,0.10384365,0.0257287,0.13215235
0.82,-0.2313142,0.091817714,0.32315838,0.06986,-0.27715176,0.20693935,-0.16008441,-0.34620094,-0.024262877,0.07595244,-0.00823262,0.10159923
0.83,-0.22927253,0.07335461,0.30256665,0.07800175,-0.26596314,0.18740758,-0.15118167,-0.3092827,-0.010449901,0.060306843,-0.0305924,0.07661962
0.84,-0.2345387,0.031946864,0.26655382,0.10119169,-0.25047112,0.14927422,-0.15531996,-0.2808812,-0.0073695914,0.04419888,-0.051376984,0.052967202
0.85,-0.21884772,0.028981874,0.24781348,0.09481727,-0.23327017,0.13842197,-0.16350257,-0.26450315,-0.0014927577,0.04097971,-0.05964675,0.04203617
0.86,-0.20517628,0.008748167,0.21383134,0.098202795,-0.20952731,0.111262314,-0.1656074,-0.2450489,-0.0009289561,0.028457467,-0.06990531,0.0319489
0.87,-0.19507024,0.010974988,0.20592254,0.092085145,-0.2004926,0.1083755,-0.17303954,-0.2326796,0.0012676384,0.018488111,-0.07557263,0.028059687
0.88,-0.18993977,-0.0010259437,0.18889001,0.095478155,-0.18941338,0.0939997,-0.17476983,-0.2159973,0.012043305,0.019907255,-0.07925945,0.022403909
0.89,-0.18467206,0.005423654,0.19009173,0.089668676,-0.18741664,0.09777196,-0.17663607,-0.21171764,0.017412817,0.024494564,-0.080402635,0.021386022
0.9,-0.18423535,-0.002330167,0.18191756,0.09340076,-0.18320343,0.08987731,-0.18040577,-0.20954385,0.019117361,0.02558522,-0.07986467,0.019340176
0.91,-0.18290874,0.0048171747,0.1879327,0.08912354,-0.18549128,0.09633548,-0.1840808,-0.20832795,0.019708341,0.026284086,-0.07971606,0.013772872
0.92,-0.18263799,-0.004339437,0.17823468,0.09346407,-0.1804034,0.08696306,-0.18367712,-0.20306619,0.020342344,0.024146326,-0.08195355,0.010403006
0.93,-0.17422917,0.005805121,0.17995982,0.08414989,-0.17705536,0.09287954,-0.1886361,-0.20326109,0.026599035,0.02641805,-0.08151157,0.015494226
0.94,-0.1687205,0.0026978615,0.17132926,0.083072655,-0.17006943,0.086933464,-0.18863055,-0.20103243,0.022738745,0.02482215,-0.082175575,0.018801672
0.95,-0.1785215,0.00070485944,0.17922895,0.08898068,-0.17893818,0.08995064,-0.19412027,-0.20597431,0.028104598,0.02448998,-0.08378524,0.011135605
0.96,-0.17188253,-0.0037372746,0.16811505,0.0876906,-0.17002581,0.08219236,-0.1921532,-0.20295663,0.030504877,0.025399085,-0.08340361,0.012484887
0.97,-0.17481391,-0.0048272796,0.17008477,0.089689806,-0.17235592,0.08268575,-0.19785564,-0.20717172,0.026815763,0.024664583,-0.083005324,0.011928184
0.98,-0.17850563,-0.015323641,0.16316664,0.09690324,-0.17079504,0.073867284,-0.19983561,-0.20426725,0.032833267,0.031201608,-0.08024825,0.0047372947
0.99,-0.17538787,-0.010350601,0.16486843,0.092871994,-0.17007335,0.07747277,-0.20105162,-0.20291547,0.029954266,0.03310753,-0.08078742,0.0073029273
1.0,-0.1770767,-0.016356079,0.16088137,0.09669762,-0.16901292,0.07238955,-0.20227733,-0.20176275,0.028161112,0.029605806,-0.08547847,0.008346996
1.01,-0.17076576,-0.009311698,0.16148004,0.089914925,-0.16618913,0.07623171,-0.20158146,-0.20245351,0.026381942,0.029987678,-0.085615255,0.008817468
1.02,-0.17367674,-0.014424948,0.15915652,0.09413333,-0.16643895,0.07237397,-0.20127963,-0.20178768,0.03156601,0.03326443,-0.08505666,0.007245222
1.03,-0.17348026,-0.0077591487,0.16571559,0.0905172,-0.16947854,0.07894523,-0.20352356,-0.20342723,0.024934614,0.033388313,-0.08458422,0.0017283617
1.04,-0.17248526,-0.0155552,0.15684931,0.094076365,-0.16457313,0.070569836,-0.2022359,-0.20133035,0.030970274,0.037053093,-0.0844799,0.0033140501
1.05,-0.1662871,-0.007580399,0.15886906,0.08696524,-0.1625796,0.07564751,-0.20039712,-0.19915122,0.031512674,0.042414382,-0.07792569,0.0055901236
1.06,-0.16590905,-0.012815742,0.15323022,0.08938412,-0.1596196,0.07014866,-0.2003715,-0.19924095,0.032416668,0.040100623,-0.08051163,0.004316836
1.07,-0.16403729,-0.006314118,0.15772434,0.08512522,-0.16079295,0.07571572,-0.19854173,-0.19757107,0.038285997,0.041721165,-0.07949213,0.014546027
1.08,-0.17390883,-0.027032143,0.14691171,0.100435644,-0.16040376,0.05991451,-0.20162357,-0.1974266,0.0330068,0.04260016,-0.081869654,0.0014407631
1.09,-0.16696247,-0.0067962604,0.16020225,0.08687808,-0.1634793,0.07666274,-0.19364892,-0.19006783,0.03587684,0.049007516,-0.073772214,0.0076842043
1.1,-0.15244325,0.013225389,0.16549525,0.06956115,-0.158899,0.089389,-0.16022342,-0.16070163,0.066048406,0.07071475,-0.055874266,0.0232671
1.11,-0.1377916,0.035889804,0.1735881,0.0510361,-0.1557165,0.1047002,-0.13876392,-0.13609341,0.08679704,0.084256314,-0.04448579,0.032332033
1.12,-0.1202604,0.040999908,0.16122876,0.039694894,-0.14077285,0.10109926,-0.1245241,-0.11633473,0.09779606,0.09038475,-0.039131247,0.036277283
1.13,-0.09168197,0.08783547,0.17937472,0.0019825136,-0.13550259,0.13352934,-0.105151646,-0.08479663,0.12956361,0.12101399,-0.010479622,0.06396972
1.14,-0.05325784,0.1264579,0.17974873,-0.036614712,-0.11645867,0.15311481,-0.13325605,-0.07579616,0.15411095,0.14924036,0.016592212,0.09564129
1.15,-0.06694387,0.12196337,0.1888862,-0.027616305,-0.12782997,0.15554748,-0.21067983,-0.15254454,0.10389511,0.13169013,0.006196867,0.08870658
1.16,-0.086470306,0.060042012,0.14655057,0.013243157,-0.11646552,0.103119686,-0.23018114,-0.1922489,0.06581911,0.09692319,-0.02639826,0.05982596
1.17,-0.12588596,0.030824648,0.15685354,0.047560975,-0.14132673,0.093838766,-0.21459743,-0.18591559,0.06527165,0.08579738,-0.040088296,0.045466896
1.18,-0.16108853,-0.0058483267,0.15531638,0.083445884,-0.15828067,0.07474553,-0.20271939,-0.17972562,0.056755643,0.07072905,-0.057165574,0.027866213
1.19,-0.1652905,-0.02583103,0.13943905,0.09556603,-0.15231714,0.05676622,-0.2042733,-0.1877346,0.04618691,0.05463241,-0.075288266,0.005437342
1.2,-0.17705062,-0.04519228,0.1318408,0.11112421,-0.15448375,0.04332001,-0.21369608,-0.20092522,0.034948003,0.046734307,-0.08074196,-0.0050849323
1.21,-0.18250938,-0.046103846,0.1365615,0.11427267,-0.15951672,0.04527215,-0.20602857,-0.19462305,0.028748905,0.039445028,-0.08925887,-0.011503897
1.22,-0.17604205,-0.047869295,0.12823778,0.111924715,-0.15211011,0.040121228,-0.21453059,-0.19682057,0.03477527,0.04412747,-0.08441869,-0.0012877742
1.23,-0.1966455,-0.054795966,0.141737,0.1256903,-0.16915677,0.043530762,-0.18132007,-0.17870386,0.040121093,0.0390566,-0.09194866,-0.012030981
1.24,-0.248196,-0.024631763,0.2236042,0.13631642,-0.23584685,0.09943961,-0.25205877,-0.30918938,0.016057022,0.07751146,-0.043509815,0.033581074
1.25,-0.2085242,-0.06392181,0.14451931,0.1362552,-0.17653978,0.040362924,-0.48662528,-0.65691555,-0.19918711,-0.012333721,-0.09897283,0.015391632
1.26,0.095345356,0.20116234,0.10580254,-0.14820902,-0.0052686865,0.15336913,-0.6038667,-0.63245815,-0.1030953,0.13861428,0.068288244,0.24479324
1.27,0.36976954,0.3080991,-0.061614703,-0.3390036,0.21585569,0.1231488,-0.6546142,-0.66750383,-0.14206381,0.10348909,0.05154164,0.27183118
1.28,-0.11542063,0.069191456,0.18460883,0.02306983,-0.15002906,0.12682001,-0.38907757,-0.7551746,-0.25242195,-0.03415102,-0.100299455,0.045545697
1.29,-0.41908136,-0.11800897,0.3009418,0.26871657,-0.36006534,0.09129549,-0.44296652,-0.8135001,-0.33047807,-0.096857145,-0.17078233,-0.069952756
1.3,-0.31779677,-0.17342757,0.144415,0.24560997,-0.23101492,-0.014564069,-0.4634923,-0.63474613,-0.2680968,-0.116896905,-0.20579119,-0.11310411
1.31,-0.21687908,-0.066883944,0.14995657,0.14194949,-0.18352729,0.041479997,-0.26977167,-0.27887774,-0.01862051,0.0112056285,-0.10237574,-0.024817878
1.32,-0.18280166,-0.060480118,0.122409835,0.12171243,-0.15256688,0.030918472,-0.22747202,-0.20676118,0.020642204,0.022217788,-0.092973694,-0.018273074
1.33,-0.1830679,-0.04474541,0.13846159,0.113934845,-0.16084923,0.046893463,-0.21702495,-0.18249193,0.041603502,0.03908475,-0.07829959,-0.007583199
1.34,-0.1758518,-0.053098343,0.12267333,0.11455106,-0.14939491,0.034836166,-0.21500567,-0.18127176,0.041480996,0.035455395,-0.08379515,-0.008515367
1.35,-0.17984688,-0.044085193,0.13581388,0.11201421,-0.15785554,0.04579761,-0.21367668,-0.17693442,0.045900255,0.04102587,-0.07867419,-0.0050811074
1.36,-0.17867923,-0.055436816,0.12340779,0.117241666,-0.1511324,0.03396791,-0.21241735,-0.1740548,0.04705618,0.045017857,-0.076668434,-0.0009518217
1.37,-0.18035975,-0.041183997,0.13936827,0.11079569,-0.15980999,0.049122166,-0.21208358,-0.17457253,0.050609425,0.046611287,-0.07522122,0.002164352
1.38,-0.17458093,-0.038468104,0.13622488,0.1064427,-0.15535699,0.048901215,-0.21278979,-0.17256287,0.054924723,0.05005502,-0.070394196,0.0065795965
1.39,-0.17639889,-0.030741517,0.14561771,0.10361496,-0.1609328,0.057462774,-0.21441562,-0.17127737,0.057091586,0.05611202,-0.06447459,0.011849502
1.4,-0.17599678,-0.03277627,0.14331384,0.10440635,-0.15949439,0.055171646,-0.2156381,-0.17079884,0.055557355,0.060384758,-0.062543176,0.013759126
1.41,-0.1725523,-0.018795898,0.15349512,0.09574247,-0.16308782,0.06724904,-0.21277687,-0.16998208,0.06025887,0.06620801,-0.053922165,0.025792357
1.42,-0.16866446,-0.016242264,0.15241657,0.09238949,-0.16052888,0.068107896,-0.21263519,-0.1701939,0.065827064,0.07417542,-0.045260184,0.02977264
1.43,-0.16390331,-0.00072355743,0.16331097,0.082289994,-0.16357233,0.081396475,-0.2157167,-0.17513646,0.06776722,0.081902534,-0.035122722,0.043705203
1.44,-0.16605368,-0.00090499484,0.16516691,0.08342442,-0.16556665,0.08224111,-0.21771151,-0.18002178,0.06947176,0.08812612,-0.027516916,0.053750683
1.45,-0.16636744,0.017575853,0.18382631,0.07438999,-0.17508928,0.10060864,-0.2227108,-0.18880945,0.07084922,0.09944992,-0.013446152,0.06433324
1.46,-0.15654826,0.04095392,0.19756857,0.05777476,-0.17709209,0.119319834,-0.22298276,-0.1996362,0.07806736,0.11722262,0.0026269462,0.089448765
1.47,-0.15437578,0.07024095,0.22429818,0.042057205,-0.1891554,0.14726202,-0.2332038,-0.22481546,0.074727535,0.13001822,0.019434988,0.11176597
1.48,-0.15181811,0.090762384,0.2425211,0.030481808,-0.19724001,0.16650602,-0.24119452,-0.25148234,0.06995181,0.14562173,0.039287254,0.13341616
1.49,-0.1562081,0.120149314,0.27652866,0.017959462,-0.21633705,0.19771546,-0.2515005,-0.28946504,0.06363804,0.15875727,0.0559901,0.15367463
1.5,-0.15942095,0.13994235,0.29950818,0.00987823,-0.22949885,0.21926725,-0.2590969,-0.3303609,0.05718815,0.17441657,0.07348206,0.17276528
1.51,-0.16948763,0.17263913,0.342171,-0.0015398609,-0.2559552,0.2568748,-0.26644844,-0.3709028,0.046953008,0.18822,0.09050853,0.19987074
1.52,-0.1732598,0.18761398,0.360762,-0.0072255773,-0.26690552,0.2737105,-0.27192605,-0.4073554,0.0345762,0.19707441,0.10189699,0.21152286
1.53,-0.17589565,0.19761805,0.37349868,-0.010889729,-0.27467704,0.28499192,-0.25757378,-0.4220181,0.02739857,0.1931334,0.09994928,0.2096044
1.54,-0.19874977,0.15198638,0.35081276,0.02355975,-0.27476272,0.2507738,-0.2247448,-0.4045566,0.024538603,0.1731309,0.078152,0.18733537
1.55,-0.2234074,0.11742569,0.34091854,0.052974794,-0.28220907,0.22861974,-0.18852583,-0.3639267,0.027453447,0.15281981,0.05512396,0.15367301
1.56,-0.21954745,0.08029565,0.29969,0.06972248,-0.25958225,0.18946755,-0.15901826,-0.31522444,0.05075159,0.12120775,0.020994987,0.12397402
1.57,-0.2285719,0.055402774,0.28386202,0.08660479,-0.25617623,0.1695609,-0.15250903,-0.2754718,0.055429835,0.11822592,0.010362441,0.09951106
1.58,-0.21634091,0.030088436,0.24649554,0.093057595,-0.23151207,0.13841443,-0.15771,-0.24249415,0.066358246,0.112131424,-0.002574197,0.08006115
1.59,-0.2115854,0.017896302,0.22948998,0.0968349,-0.220605,0.12358914,-0.16615647,-0.21853888,0.0740401,0.09662655,-0.020743547,0.06467192
1.6,-0.19564888,0.003728152,0.19937658,0.095914446,-0.19751984,0.10157864,-0.17244783,-0.19996643,0.081812724,0.083618015,-0.033814497,0.058142107
1.61,-0.19664043,-0.002382854,0.19420284,0.099546194,-0.19540066,0.09583252,-0.17771806,-0.18679197,0.08415167,0.08017785,-0.037411284,0.052666847
1.62,-0.18563606,0.0009890152,0.18645291,0.09226319,-0.18612008,0.093613364,-0.17417939,-0.16730994,0.09064614,0.085686564,-0.036867645,0.05299458
1.63,-0.17301266,0.008058617,0.18102562,0.08249415,-0.17704527,0.09451174,-0.18035701,-0.163192,0.09225998,0.07557058,-0.03676078,0.046498623
1.64,-0.17626368,1.051762e-05,0.17621656,0.088082634,-0.17623919,0.088231824,-0.17830677,-0.15335198,0.099876024,0.08026095,-0.03536654,0.047138322
1.65,-0.17764735,-0.006978279,0.17071797,0.09221921,-0.17425257,0.081851274,-0.18187305,-0.1543183,0.098154195,0.07132743,-0.04096763,0.04634607
1.66,-0.17459549,-0.0076383,0.16711187,0.09107022,-0.17084016,0.07969612,-0.17690934,-0.1481723,0.10410128,0.07585814,-0.038670916,0.04808696
1.67,-0.1658291,0.00031242933,0.16610081,0.082775764,-0.16603468,0.08330619,-0.17617717,-0.14260998,0.108887285,0.077269636,-0.038994417,0.050521597
1.68,-0.17019403,-0.008979503,0.16129105,0.08964232,-0.16577409,0.07615751,-0.17670773,-0.13924676,0.110159576,0.07690649,-0.040308617,0.044929735
1.69,-0.16840744,-0.0021792199,0.1661026,0.08527126,-0.16721891,0.08193337,-0.178397,-0.1407323,0.10799295,0.075773835,-0.04444404,0.043436065
1.7,-0.16742602,-0.015624362,0.15183054,0.09151191,-0.15971771,0.0681911,-0.1764646,-0.13686135,0.11088763,0.07905677,-0.041901555,0.04549173
1.71,-0.16828215,-0.009093274,0.15925007,0.088721044,-0.16372457,0.07516812,-0.18063846,-0.14153595,0.10592392,0.077475764,-0.042671982,0.04101305
1.72,-0.16420099,-0.0142870415,0.15012304,0.08929127,-0.15719576,0.06784152,-0.18130192,-0.14048357,0.10775681,0.07770965,-0.042217538,0.041702755
1.73,-0.16552912,-0.0151869245,0.1504561,0.090456374,-0.15818696,0.06763392,-0.18485609,-0.14414468,0.10715831,0.075490035,-0.043474063,0.04142622
1.74,-0.16632944,-0.024418462,0.14196135,0.09536803,-0.154129,0.058720887,-0.1874075,-0.1501194,0.10290942,0.06948243,-0.044534184,0.03873226
1.75,-0.16041726,-0.014057957,0.14638297,0.087274134,-0.15345381,0.06610009,-0.18839002,-0.14846216,0.102280445,0.07009788,-0.042691886,0.041007712
1.76,-0.16024916,-0.01944892,0.14067893,0.08978178,-0.1503665,0.06061537,-0.19056718,-0.1488655,0.100508146,0.07060357,-0.042958636,0.037100077
1.77,-0.16094777,-0.013432055,0.14761814,0.08710285,-0.15424533,0.06710015,-0.191475,-0.14997883,0.100351624,0.07015327,-0.040626284,0.037832756
1.78,-0.16284494,-0.022893054,0.13983901,0.09286011,-0.15123513,0.058448598,-0.19172995,-0.14983366,0.09959029,0.06573963,-0.0419527,0.0362987
1.79,-0.15974757,-0.013847531,0.14576532,0.08678789,-0.15275735,0.06589942,-0.19022745,-0.14907974,0.09858808,0.067385875,-0.038642947,0.039011005
1.8,-0.15861283,-0.015416734,0.1430152,0.08706731,-0.15084785,0.063728355,-0.18980928,-0.14638215,0.097908035,0.067930065,-0.037082866,0.04070133
1.81,-0.16136473,-0.013425463,0.14784224,0.08744098,-0.15458606,0.06715966,-0.19552338,-0.1488876,0.09419723,0.066466406,-0.04072892,0.04088081
1.82,-0.15661557,-0.01680199,0.1397821,0.08672466,-0.1482513,0.061459534,-0.19100991,-0.14416446,0.0992379,0.06880462,-0.03648442,0.043206874
1.83,-0.15791935,-0.015203769,0.1427703,0.08642656,-0.15044174,0.06379475,-0.19377917,-0.14625746,0.098313384,0.06387087,-0.039329693,0.043302353
1.84,-0.15413405,-0.016713688,0.13720745,0.08549076,-0.1457141,0.060256384,-0.18735181,-0.1379806,0.106991604,0.07319386,-0.03078692,0.047506116
1.85,-0.14383437,0.021629918,0.16564648,0.06108614,-0.1547707,0.093741514,-0.16120239,-0.115541086,0.12917559,0.09520431,-0.009859343,0.060901474
1.86,-0.12597534,0.037600536,0.1635577,0.04422643,-0.1448046,0.10062796,-0.13298774,-0.08442733,0.15230621,0.10903206,0.004107894,0.07445803
1.87,-0.11170646,0.046538435,0.15822928,0.032589417,-0.13495839,0.10240242,-0.12348018,-0.070185766,0.16168344,0.11164796,0.01080534,0.074059345
1.88,-0.07364633,0.08540378,0.15897779,-0.0059480653,-0.11621822,0.12220433,-0.1005866,-0.032844815,0.1950169,0.13930798,0.036328845,0.10224234
1.89,-0.04301552,0.1296794,0.17262895,-0.04339796,-0.10782473,0.15118347,-0.13169739,-0.02937203,0.21274213,0.16136299,0.061822917,0.13545613
1.9,-0.040469877,0.12115494,0.1614859,-0.04027455,-0.10090866,0.1413603,-0.20651236,-0.10091152,0.1736905,0.14068559,0.048997883,0.12698926
1.91,-0.06357176,0.06640326,0.12992829,-0.0014033496,-0.096641965,0.09817697,-0.23018658,-0.14371608,0.12619318,0.10248056,0.017404182,0.1005774
1.92,-0.111060694,0.02470515,0.13573162,0.0431325,-0.12346129,0.080273926,-0.21551035,-0.1386681,0.122256316,0.0989763,0.007913486,0.08263715
1.93,-0.14566062,0.0031065487,0.14875977,0.07128937,-0.14725527,0.075929806,-0.20735793,-0.14190853,0.11625656,0.0878284,-0.0066230875,0.06746681
1.94,-0.16073948,-0.03668557,0.12410087,0.098641984,-0.14238676,0.04369651,-0.20701972,-0.14885421,0.101874895,0.07198143,-0.028250346,0.048328497
1.95,-0.17211443,-0.043965243,0.12828824,0.108084016,-0.15021296,0.042094722,-0.21544622,-0.16456096,0.092107125,0.06384359,-0.033261508,0.04526889
1.96,-0.17229445,-0.054517254,0.117696755,0.11341308,-0.14496769,0.03168603,-0.20968473,-0.1620968,0.09104659,0.05523932,-0.04432513,0.036944278
1.97,-0.16758727,-0.041647743,0.12590168,0.104617104,-0.14673397,0.042155508,-0.22174807,-0.16620727,0.090291984,0.06237903,-0.03921665,0.04459676
1.98,-0.19141859,-0.0599551,0.13146135,0.12583765,-0.16154402,0.035783708,-0.19301426,-0.15338537,0.089740306,0.05805855,-0.04809236,0.027429087
1.99,-0.2433024,-0.021847213,0.22133282,0.13252246,-0.23229876,0.099704556,-0.26841903,-0.29082343,0.056577485,0.09110536,-0.008427198,0.07028691
2.0,-0.20179093,-0.082261585,0.11953954,0.14194167,-0.1606601,0.018630262,-0.50889885,-0.62659705,-0.14906375,0.005899444,-0.06313553,0.053448
2.01,0.111673124,0.17508477,0.06342242,-0.14333266,0.024104832,0.11930143,-0.616201,-0.58467954,-0.052401632,0.14542654,0.09264581,0.2645078
2.02,0.39189792,0.26878566,-0.12278415,-0.33035222,0.2575573,0.072716214,-0.7299255,-0.70339817,-0.13086629,0.10527489,0.07570235,0.29394177
2.03,-0.07316449,0.028771725,0.102078415,0.022128548,-0.08752454,0.06540436,-0.5722722,-0.90931535,-0.31617048,-0.05435152,-0.087181486,0.069859765
2.04,-0.36945462,-0.13653398,0.23290001,0.25307983,-0.30117378,0.04804683,-0.59211826,-0.8917691,-0.33726948,-0.08405018,-0.12752606,-0.011382012
2.05,-0.29063916,-0.1572645,0.1335767,0.2239123,-0.21215409,-0.011910984,-0.4873781,-0.5829494,-0.1907035,-0.06739567,-0.13151355,-0.039984304
2.06,-0.1926231,-0.0672931,0.12523198,0.12989683,-0.15887733,0.029029256,-0.26446664,-0.22519587,0.052732006,0.054240964,-0.040312372,0.03245489
2.07,-0.16396151,-0.04766029,0.11614636,0.10583389,-0.14011848,0.034314074,-0.23383579,-0.16424523,0.090102404,0.07268779,-0.024413204,0.045474686
2.08,-0.17255373,-0.05950523,0.11287718,0.11600104,-0.14273252,0.026726449,-0.22323553,-0.14353482,0.105622195,0.08217094,-0.018223587,0.051153217
2.09,-0.15961109,-0.04816715,0.11134358,0.10388643,-0.1354598,0.03168779,-0.22147305,-0.14200877,0.10782289,0.08467352,-0.0146648185,0.054896373
2.1,-0.16145428,-0.05174819,0.10968686,0.1065378,-0.13555478,0.029044267,-0.2140564,-0.1317996,0.11496743,0.09502207,-0.007666343,0.059538357
2.11,-0.14516005,-0.03156957,0.11355012,0.088306494,-0.12935917,0.040949956,-0.21029007,-0.124623075,0.12084748,0.10427715,-0.0031008066,0.068590134
2.12,-0.15568422,-0.039232247,0.11638228,0.09750317,-0.13605979,0.038553424,-0.20816311,-0.1215404,0.1259697,0.107455984,-0.00058052776,0.070705235
2.13,-0.14301148,-0.025997238,0.116993405,0.084503934,-0.12999234,0.04544086,-0.20608884,-0.12044044,0.12893769,0.11415929,0.006651447,0.07537746
2.14,-0.16457626,-0.053854827,0.11070207,0.10921712,-0.13761212,0.028418731,-0.2135293,-0.1265755,0.1270377,0.110564806,-0.00037820594,0.068518355
2.15,-0.16943231,-0.03971851,0.12982485,0.104562216,-0.1496675,0.04507311,-0.2133145,-0.12452609,0.13603628,0.11989912,0.0077035544,0.07783073
2.16,-0.15370056,-0.022573862,0.13111933,0.08809972,-0.1423972,0.054358277,-0.20685427,-0.1162309,0.14228271,0.13632017,0.02123863,0.08910362
2.17,-0.15909265,-0.009407986,0.14956026,0.08419142,-0.1542795,0.07010753,-0.21069779,-0.12220623,0.14510566,0.14497711,0.026719345,0.09847501
2.18,-0.14881936,-0.0018150517,0.14694041,0.07534022,-0.14783317,0.07259901,-0.2081255,-0.12179801,0.15429424,0.15331696,0.038198013,0.11220548
2.19,-0.14557943,0.013983931,0.15963249,0.06583779,-0.15266363,0.08674671,-0.21576092,-0.13162163,0.15515201,0.15967853,0.046308022,0.1179688
2.2,-0.144539,0.021102373,0.16555029,0.0617918,-0.15511407,0.09338291,-0.2155823,-0.1365366,0.16413343,0.17375217,0.06061551,0.13519211
2.21,-0.13462406,0.058109067,0.19270329,0.03822324,-0.16366391,0.1255026,-0.2170839,-0.14707424,0.16839834,0.19143407,0.07972484,0.1574688
2.22,-0.13915987,0.06248814,0.20172371,0.038370665,-0.17038594,0.13204396,-0.228307,-0.17220679,0.1607126,0.2018942,0.09190155,0.17093933
2.23,-0.13998778,0.092376746,0.23251517,0.023648974,-0.18628302,0.16253911,-0.23826195,-0.20197809,0.15775453,0.21472935,0.11255812,0.1955455
2.24,-0.14394863,0.107541345,0.25141844,0.018109504,-0.19764404,0.17923993,-0.24988626,-0.24076165,0.1485103,0.22756691,0.12588754,0.212843
2.25,-0.14714478,0.14086306,0.28787586,0.0032557365,-0.2175402,0.21392216,-0.25515458,-0.27706867,0.14109609,0.24563922,0.14846753,0.23751122
2.26,-0.15230663,0.16269828,0.3149127,-0.005329518,-0.23357071,0.23832631,-0.2574108,-0.31081367,0.1365998,0.26351026,0.16839653,0.25997913
2.27,-0.15671244,0.19271468,0.34954342,-0.017993549,-0.2530428,0.27057332,-0.26023686,-0.3439397,0.12863775,0.27345908,0.18182115,0.27683645
2.28,-0.16582574,0.17882721,0.34468302,-0.0064551965,-0.25526237,0.26122203,-0.24918206,-0.35538954,0.12044209,0.27176917,0.18116343,0.2727418
2.29,-0.17958242,0.161578,0.341039,0.00899346,-0.26025647,0.2506523,-0.22060956,-0.33932513,0.116872884,0.25927502,0.16290902,0.24919745
2.3,-0.19346121,0.11936976,0.31263947,0.037045777,-0.2529833,0.21553428,-0.18509209,-0.29815266,0.12252125,0.24151826,0.14026596,0.21656507
2.31,-0.2039046,0.08560952,0.28951687,0.059152085,-0.24670391,0.18721524,-0.16879027,-0.2609256,0.12804025,0.22173592,0.11510655,0.18831678
2.32,-0.2049646,0.04660026,0.25169435,0.07922684,-0.22841078,0.14926314,-0.16787055,-0.23106457,0.13454027,0.20386867,0.09011636,0.1610739
2.33,-0.1985817,0.027559446,0.22608705,0.085501,-0.21230258,0.12680717,-0.17501548,-0.2048652,0.14030628,0.19441722,0.075292155,0.14234555
2.34,-0.18557099,0.007474873,0.19300722,0.089122534,-0.18931943,0.10023608,-0.18085647,-0.18043634,0.14717092,0.1878678,0.06418229,0.13120374
2.35,-0.17391378,0.0031295894,0.17694026,0.085335605,-0.1754154,0.090073094,-0.1848498,-0.16128443,0.15397523,0.18102475,0.0568573,0.124185115
2.36,-0.17114364,-0.015922341,0.15518394,0.09353123,-0.1631967,0.069666125,-0.18966198,-0.14731704,0.15960005,0.17417435,0.048886012,0.11989037
2.37,-0.16746256,-0.013274147,0.1541641,0.09035213,-0.16071892,0.07043431,-0.1906222,-0.1348859,0.16741735,0.17457928,0.04749959,0.116543084
2.38,-0.15978442,-0.022440571,0.13740362,0.09122955,-0.14865653,0.05748638,-0.18692355,-0.11982345,0.17648926,0.17967647,0.04775481,0.11936865
2.39,-0.15708092,-0.023226775,0.13373072,0.090115935,-0.14545089,0.055361986,-0.18469335,-0.11302611,0.1796741,0.1803266,0.0479383,0.11805527
2.4,-0.15843487,-0.035330705,0.123242244,0.09684456,-0.1407021,0.04388465,-0.18120204,-0.10512901,0.1838186,0.18317804,0.047161072,0.115591116
2.41,-0.16077894,-0.035136234,0.12559184,0.09788875,-0.14328155,0.045244746,-0.17958361,-0.10139124,0.18566184,0.1860543,0.050745722,0.11842139
2.42,-0.1542103,-0.03934664,0.114772014,0.09679715,-0.1344312,0.037684437,-0.17513531,-0.09525886,0.19261354,0.18972377,0.05301109,0.11806104
2.43,-0.15862396,-0.035736118,0.12277799,0.09711834,-0.1407009,0.043587714,-0.17766792,-0.09699259,0.18904614,0.18637146,0.050188877,0.11632267
2.44,-0.16093466,-0.0461265,0.11492501,0.10353854,-0.13806282,0.034343544,-0.17720173,-0.09202897,0.19190226,0.18660454,0.049372975,0.115565196
2.45,-0.1551009,-0.03599642,0.11888757,0.095538355,-0.1369844,0.041422386,-0.17799431,-0.091161296,0.19303946,0.18958111,0.052642036,0.11507098
2.46,-0.15594901,-0.048721764,0.107100435,0.10231262,-0.13144396,0.029093435,-0.18020326,-0.092762396,0.19484946,0.18947227,0.05132485,0.115990825
2.47,-0.1551239,-0.046525415,0.10869414,0.1009045,-0.13183431,0.031018883,-0.18257712,-0.094856896,0.19412829,0.18641126,0.048363134,0.114867665
2.48,-0.1545078,-0.0532255,0.10118483,0.103905655,-0.12786578,0.024073733,-0.18295106,-0.094880804,0.19135769,0.18602307,0.04826822,0.11237089
2.49,-0.1557483,-0.052731197,0.10279978,0.104176216,-0.12926215,0.025149778,-0.18749775,-0.09514706,0.19044422,0.18253839,0.04526644,0.10789785
2.5,-0.14570417,-0.053273514,0.092251204,0.09942551,-0.11903314,0.01947379,-0.18705346,-0.09300767,0.19232394,0.18566382,0.04711293,0.109413765
2.51,-0.14784221,-0.04885667,0.09905833,0.098308645,-0.12351417,0.025039457,-0.19139586,-0.09334101,0.18993555,0.18359007,0.04628642,0.10860614
2.52,-0.14160658,-0.047770597,0.09401038,0.09475301,-0.11790801,0.023024777,-0.18897693,-0.09183628,0.19687039,0.19530578,0.051708724,0.10963263
2.53,-0.14287263,-0.043769617,0.099314585,0.0934229,-0.12114335,0.02781486,-0.19182628,-0.09530293,0.19599839,0.1949703,0.053640466,0.10767275
2.54,-0.1470648,-0.05151455,0.09558456,0.09927056,-0.121319056,0.021974972,-0.1957649,-0.095407575,0.19387841,0.19230078,0.04931847,0.10498883
2.55,-0.1470599,-0.04781312,0.09931046,0.097430006,-0.12314029,0.025830297,-0.19652559,-0.09562926,0.19504873,0.190287,0.051744834,0.10724999
2.56,-0.14383578,-0.04748866,0.096387684,0.09580013,-0.12007969,0.024473127,-0.19571419,-0.095333494,0.19370727,0.19165328,0.050781652,0.10398041
2.57,-0.14996976,-0.046486802,0.10353145,0.098198466,-0.12682512,0.028452577,-0.19734633,-0.09876317,0.19225954,0.19023745,0.047085196,0.10565498
2.58,-0.13748406,-0.040240906,0.097263716,0.08878951,-0.117328614,0.028483147,-0.19486201,-0.09546125,0.19694194,0.1943362,0.050678473,0.1126934
2.59,-0.12962455,-0.019482298,0.110134356,0.07452617,-0.11981621,0.045348503,-0.18514392,-0.08875474,0.20854557,0.20392814,0.056957394,0.11662578
2.6,-0.12568776,-0.0023596592,0.123178184,0.06397963,-0.12454352,0.060564607,-0.15550269,-0.06537229,0.2275597,0.2181914,0.07025803,0.13046873
2.61,-0.10845423,0.018760752,0.12716249,0.044939723,-0.11771893,0.072949655,-0.13430656,-0.040674783,0.24535534,0.23346874,0.07836991,0.14088573
2.62,-0.087802894,0.022735735,0.11050057,0.032597426,-0.09923028,0.06664499,-0.12259128,-0.018688984,0.26051983,0.24364565,0.08544842,0.14966856
2.63,-0.048345424,0.077725835,0.12602918,-0.014785826,-0.08721667,0.10187324,-0.10858932,0.015361488,0.29459727,0.2674694,0.11243654,0.17909741
2.64,-0.019282734,0.10780331,0.12695563,-0.044308405,-0.07308567,0.117330626,-0.15550356,-0.0017167773,0.29686356,0.2838738,0.129803,0.201527
2.65,-0.02654515,0.09036434,0.11703498,-0.03186734,-0.0717799,0.103685424,-0.21991439,-0.07025397,0.25069186,0.26714575,0.11919672,0.19727382
2.66,-0.050716225,0.02583285,0.07676513,0.012245795,-0.063635804,0.05120049,-0.23077762,-0.097965516,0.2190411,0.23347777,0.08374763,0.16688775
2.67,-0.09775272,0.0085450625,0.10634375,0.044647846,-0.10206861,0.057388954,-0.21540011,-0.095678955,0.21637584,0.23067929,0.077359356,0.15713046
2.68,-0.130996,-0.03526443,0.09604645,0.08322067,-0.113552086,0.03046069,-0.20682524,-0.09568444,0.20845848,0.21875179,0.060110904,0.1334413
2.69,-0.14381959,-0.05270848,0.09109193,0.09828767,-0.11744073,0.019192306,-0.21045072,-0.1071734,0.19110698,0.19796924,0.041543145,0.11685466
2.7,-0.1478256,-0.06722732,0.08046385,0.107476905,-0.1141129,0.0065420847,-0.21923968,-0.11846225,0.183092,0.19587326,0.03656574,0.1114403
2.71,-0.15307103,-0.0623135,0.09062163,0.10768057,-0.121879436,0.014173688,-0.20957315,-0.110636786,0.18607296,0.19977151,0.041110005,0.11313131
2.72,-0.1445425,-0.07199764,0.07240747,0.108193964,-0.108433805,0.00014517012,-0.22202483,-0.11888793,0.18200824,0.19512402,0.039970126,0.112585254
2.73,-0.18787032,-0.0709136,0.11705592,0.1293707,-0.15240127,0.02304977,-0.18360445,-0.1074554,0.19074893,0.20592521,0.044210248,0.10805052
2.74,-0.22149336,-0.05916317,0.16232368,0.14027424,-0.1919412,0.0516184,-0.3233606,-0.31967232,0.11163004,0.21484588,0.06866938,0.14744824
2.75,-0.1481374,-0.08227952,0.065906905,0.11521926,-0.1069639,-0.008273719,-0.5407067,-0.6038425,-0.06782433,0.13477905,0.020768026,0.14173149
2.76,0.24256998,0.21070248,-0.031815644,-0.22669502,0.13718434,0.08947023,-0.6578193,-0.5381339,0.048382327,0.2903182,0.19072545,0.37250116
2.77,0.36814833,0.1731627,-0.19442415,-0.27069855,0.28138104,-0.01091735,-0.7374445,-0.74014795,-0.12767017,0.16397801,0.08060432,0.28393272
2.78,-0.1768952,-0.069840096,0.10699449,0.123326,-0.14187594,0.018495925,-0.5710838,-0.87988824,-0.24727923,0.056288168,-0.034128804,0.10364713
2.79,-0.35270667,-0.19159248,0.16106816,0.27219477,-0.25704217,-0.015298682,-0.6127317,-0.80735165,-0.24011335,0.03661229,-0.0665896,0.047208916
2.8,-0.25203463,-0.17107424,0.08095226,0.21155424,-0.16652007,-0.045045786,-0.42936972,-0.43775356,-0.035085402,0.10142533,-0.03292867,0.05787092
2.81,-0.1782662,-0.09062436,0.08746895,0.13432366,-0.1328921,-0.0016445711,-0.24812855,-0.15793884,0.15706207,0.19928378,0.044269945,0.120444685
2.82,-0.15920363,-0.088084675,0.07111264,0.12366924,-0.115262516,-0.008513497,-0.2315014,-0.12395443,0.17654453,0.2050638,0.045944303,0.11744832
2.83,-0.16215518,-0.08065816,0.081666425,0.12143783,-0.12199335,0.0006220739,-0.22186357,-0.1064566,0.19113469,0.21369761,0.057113063,0.12731579
2.84,-0.15826982,-0.08672821,0.071535036,0.12241975,-0.1147886,-0.0076804548,-0.22179636,-0.105553605,0.18817928,0.21199629,0.051331054,0.12760293
2.85,-0.1490489,-0.068646625,0.080595866,0.10871352,-0.11475446,0.006053216,-0.21406537,-0.096955925,0.19898598,0.220492,0.060217842,0.13243033
2.86,-0.14987665,-0.07405883,0.075836584,0.1119149,-0.11286787,0.0010329225,-0.21270254,-0.09619536,0.19893065,0.21641004,0.06029486,0.13301052
2.87,-0.15618587,-0.07097706,0.08533959,0.113594554,-0.120784484,0.0071592554,-0.21249287,-0.093644805,0.19941166,0.22192384,0.06236851,0.13600552
2.88,-0.15364088,-0.06750119,0.085998766,0.11058899,-0.11984689,0.00926971,-0.20921686,-0.09005884,0.20316607,0.23024091,0.06915835,0.13844833
2.89,-0.15412945,-0.06356055,0.09057512,0.10871337,-0.12225956,0.013400881,-0.20914242,-0.09091855,0.20789933,0.23150331,0.07379681,0.14229463
2.9,-0.1565703,-0.060177736,0.09647318,0.108358204,-0.12653117,0.018069921,-0.20926318,-0.09155342,0.20787773,0.2369516,0.07706388,0.14544195
2.91,-0.15967803,-0.053780463,0.105907984,0.10670271,-0.13280313,0.02608165,-0.21141762,-0.089780904,0.20852973,0.24607353,0.08524295,0.15620233
2.92,-0.14740139,-0.040710583,0.10679547,0.09405812,-0.12710798,0.033119723,-0.2107459,-0.08999359,0.2168346,0.2538254,0.09486373,0.16714174
2.93,-0.14919321,-0.031016804,0.118012235,0.09016211,-0.13360678,0.0434336,-0.21482298,-0.09659502,0.21707018,0.2603522,0.10138073,0.17543273
2.94,-0.14344275,-0.017568447,0.12600325,0.08046055,-0.13464417,0.0541711,-0.21549499,-0.10193279,0.22303271,0.27158117,0.11244929,0.18593305
2.95,-0.1415684,0.0008733267,0.14248732,0.07044494,-0.14214805,0.07170705,-0.22133398,-0.11574907,0.21958946,0.27705124,0.119875215,0.1982782
2.96,-0.1406066,0.01560498,0.15635091,0.06254677,-0.14857759,0.085951574,-0.22480834,-0.13053803,0.22003599,0.29060978,0.13679415,0.21460296
2.97,-0.13969432,0.041120876,0.18086821,0.049345635,-0.160374,0.11108003,-0.23236379,-0.15437123,0.21909949,0.30803335,0.15654956,0.23254642
2.98,-0.13648917,0.06346486,0.19983596,0.03651639,-0.16821611,0.13174245,-0.23862566,-0.18229383,0.21296096,0.31943256,0.17201774,0.25208133
2.99,-0.13903977,0.09125964,0.23033038,0.02387657,-0.1846117,0.16083236,-0.2460907,-0.21657428,0.20892979,0.332608,0.18806157,0.27274293
3.0,-0.13763568,0.12099179,0.25870395,0.008284162,-0.19821425,0.18948635,-0.25089732,-0.25094977,0.20058723,0.34390697,0.20386736,0.29248953
3.01,-0.14216003,0.15250888,0.29476136,-0.005062253,-0.21868119,0.22312751,-0.256778,-0.2848476,0.19561379,0.3610169,0.22354159,0.30850282
3.02,-0.14570329,0.16816089,0.31397077,-0.011138426,-0.22994322,0.24066831,-0.25605857,-0.31196296,0.18755531,0.36942807,0.23101382,0.3166541
3.03,-0.15346399,0.1639897,0.31765246,-0.005274722,-0.23553808,0.2402206,-0.24014093,-0.31720084,0.17653982,0.35967273,0.22357722,0.30603024
3.04,-0.17331159,0.13014309,0.30355024,0.021535002,-0.23834816,0.21622375,-0.2114759,-0.2987547,0.17742649,0.33647457,0.19414912,0.27849406
3.05,-0.1914593,0.09659686,0.28796276,0.04741144,-0.23964344,0.1918423,-0.17824829,-0.26212087,0.18059006,0.3136605,0.16911952,0.24310721
3.06,-0.19861567,0.061531045,0.26017553,0.068466425,-0.22930935,0.16082013,-0.16240355,-0.22919858,0.19039051,0.29569888,0.14414628,0.2125562
3.07,-0.20046166,0.03167846,0.2321844,0.08426852,-0.21629156,0.13197838,-0.16240358,-0.20128031,0.18458155,0.27212796,0.118315,0.18658422
3.08,-0.19351867,0.0036554374,0.1970759,0.09487404,-0.19533247,0.10039099,-0.16758436,-0.17510583,0.19322123,0.26019007,0.10192623,0.17206101
3.09,-0.18693605,-0.002748221,0.18413311,0.09488669,-0.18556772,0.090714805,-0.17615233,-0.1577007,0.19759807,0.24962927,0.088968754,0.15750149
3.1,-0.17900266,-0.015506963,0.16345288,0.0972448,-0.17112204,0.07393234,-0.18145487,-0.14160313,0.20153613,0.24111344,0.077848464,0.14681864
3.11,-0.17105795,-0.016555928,0.15435539,0.09372134,-0.16263424,0.06902981,-0.18588936,-0.12803243,0.20348799,0.23761772,0.070830725,0.14217274
3.12,-0.1719839,-0.026913261,0.1449715,0.099405475,-0.15850239,0.059055615,-0.1871534,-0.118301295,0.20539464,0.23429511,0.06531405,0.13676937
3.13,-0.16908558,-0.024270203,0.145002,0.09671269,-0.15714781,0.06038535,-0.18694705,-0.11207989,0.20915127,0.23494917,0.064562686,0.13280909
3.14,-0.16322207,-0.022524124,0.14062414,0.09297472,-0.15184623,0.058973618,-0.1835228,-0.102612235,0.21551277,0.23747571,0.06623835,0.13165647
3.15,-0.17650208,-0.030875402,0.14556341,0.10372877,-0.1609553,0.05731273,-0.18399702,-0.100748725,0.21421152,0.23685822,0.06276184,0.13173859
3.16,-0.16998196,-0.025038633,0.14510809,0.097549364,-0.15753068,0.06004956,-0.18008332,-0.09344457,0.22100899,0.23970854,0.06409497,0.1260514
3.17,-0.17035544,-0.020936286,0.14938481,0.09571249,-0.1598422,0.06407706,-0.18034004,-0.0917353,0.221161,0.23840319,0.06107229,0.12451115
3.18,-0.17288792,-0.021919778,0.15082361,0.09748072,-0.16186835,0.064422004,-0.17802429,-0.088975616,0.22047225,0.2388565,0.059577264,0.12264239
3.19,-0.17435867,-0.024131382,0.14998248,0.09928833,-0.16202353,0.06285794,-0.17864315,-0.088596545,0.2210822,0.23551334,0.057565067,0.11794075
3.2,-0.16981883,-0.021282794,0.14847378,0.09556999,-0.15913346,0.06356853,-0.17643659,-0.08498316,0.22383115,0.2422727,0.06184466,0.118364036
3.21,-0.16640663,-0.020304097,0.1461315,0.093316,-0.15626131,0.06294003,-0.17896646,-0.08643077,0.22344837,0.23769242,0.05706597,0.12019671
3.22,-0.16373162,-0.020627134,0.14322497,0.09230029,-0.15355782,0.06132133,-0.17872138,-0.08582396,0.22584625,0.23757048,0.05613547,0.11557333
3.23,-0.16734304,-0.018548768,0.14888184,0.09296073,-0.15815185,0.06506608,-0.18176852,-0.086838745,0.22583766,0.2360546,0.054670967,0.11380145
3.24,-0.16638161,-0.023068927,0.14324836,0.0947551,-0.15475263,0.06004084,-0.18346167,-0.08616879,0.2241914,0.23266178,0.049041886,0.11646808
3.25,-0.16317704,-0.021560296,0.14168748,0.09240317,-0.15254112,0.060099483,-0.18726043,-0.08771894,0.22536772,0.23200817,0.04664366,0.106668584
3.26,-0.16588372,-0.022650667,0.14322792,0.09446829,-0.15453392,0.060287632,-0.18238835,-0.082104266,0.23456371,0.23971534,0.051770326,0.10839707
3.27,-0.1633771,-0.016871544,0.146547,0.09025306,-0.1550136,0.06482569,-0.18583861,-0.086277105,0.23273738,0.23888014,0.046302933,0.10557537
3.28,-0.16477537,-0.020439425,0.14438814,0.09259855,-0.15461934,0.06204407,-0.18433277,-0.084828705,0.23447073,0.2412243,0.048989423,0.11223859
3.29,-0.16219404,-0.012740431,0.14940523,0.08749736,-0.15577732,0.06831454,-0.1870337,-0.08770298,0.2353374,0.24112809,0.049083874,0.1006917
3.3,-0.15951543,-0.014858466,0.14461337,0.087177694,-0.15196475,0.064836346,-0.18430671,-0.080583096,0.24213803,0.24455336,0.049512807,0.10035736
3.31,-0.15904105,-0.017518846,0.14147411,0.08842435,-0.15022509,0.061843626,-0.18298236,-0.07981161,0.23857306,0.23987633,0.043773443,0.10087682
3.32,-0.1657646,-0.02256758,0.1433207,0.09416698,-0.15459788,0.06030704,-0.17964013,-0.07473206,0.2441775,0.23930186,0.0416043,0.09822295
3.33,-0.16337939,-0.017642273,0.14565323,0.090492144,-0.15453278,0.06396114,-0.18041362,-0.07463635,0.24300149,0.23448664,0.037984584,0.09501317
3.34,-0.15734923,-0.008301236,0.14882319,0.08271838,-0.15310785,0.07035223,-0.16916424,-0.06605744,0.25483966,0.2430243,0.04318503,0.101794526
3.35,-0.14930911,0.018468142,0.16752352,0.06533937,-0.15834063,0.09304506,-0.14327206,-0.043651365,0.27992386,0.25634336,0.054826103,0.1103629
3.36,-0.12971105,0.035927005,0.16564433,0.046842057,-0.14772008,0.10063775,-0.11526755,-0.016204664,0.29977334,0.2678787,0.06574266,0.119582586
3.37,-0.120827034,0.03321821,0.1540558,0.04381371,-0.13738592,0.09357404,-0.10161321,0.0066599916,0.31346586,0.27028504,0.06869432,0.12202165
3.38,-0.06830566,0.09252247,0.1607799,-0.012091646,-0.114625975,0.12672657,-0.07681192,0.04894524,0.36031982,0.30366737,0.10016013,0.1573845
3.39,-0.03966411,0.12816562,0.16787705,-0.044368293,-0.10386912,0.14807239,-0.10743908,0.05181809,0.38217363,0.33121294,0.12796311,0.18682875
3.4,-0.043884348,0.11176466,0.15546781,-0.03386902,-0.09964207,0.13357548,-0.17840244,-0.014997477,0.33889505,0.3077754,0.10917847,0.17705077
3.41,-0.071491204,0.054016475,0.12551366,0.008768987,-0.09860643,0.08993636,-0.1957586,-0.050063074,0.2977808,0.27324128,0.07267793,0.14805232
3.42,-0.11554355,0.015041457,0.13061665,0.05011611,-0.12311392,0.072873615,-0.17598039,-0.041300684,0.3036354,0.26568127,0.06016349,0.13439603
3.43,-0.15987918,-0.02271302,0.13712619,0.09117773,-0.14851251,0.05728034,-0.16534775,-0.04211529,0.30084437,0.25365865,0.044483133,0.11632405
3.44,-0.1727626,-0.04935995,0.12353885,0.111022465,-0.1482614,0.03724803,-0.16643684,-0.048072595,0.28786334,0.23610571,0.024102015,0.092065245
3.45,-0.17231397,-0.051518876,0.120736614,0.11184005,-0.14652742,0.034698863,-0.17227067,-0.055812124,0.28155938,0.22713196,0.016186075,0.080875956
3.46,-0.18659784,-0.07207888,0.114669755,0.12937076,-0.15077451,0.02133553,-0.16183794,-0.049408752,0.28371006,0.22122504,0.0072506866,0.07699968
3.47,-0.17632468,-0.06539093,0.11088444,0.120849684,-0.14370333,0.022698462,-0.17163369,-0.051879056,0.2945949,0.22796924,0.013125557,0.08309772
3.48,-0.20199661,-0.079393655,0.122549854,0.14065823,-0.16228049,0.021662522,-0.13666858,-0.034937005,0.29803282,0.22708185,0.007367728,0.07136493
3.49,-0.26328197,-0.03507815,0.22814193,0.14933273,-0.24573416,0.096454695,-0.20820755,-0.16209209,0.28024337,0.2712227,0.054402858,0.12202122
3.5,-0.22150828,-0.095827006,0.12571703,0.15860933,-0.17362529,0.014956228,-0.4456926,-0.49722973,0.069849096,0.1764035,-0.015884308,0.08932178
3.51,0.12645543,0.16669826,0.040276866,-0.14656372,0.04312917,0.10347504,-0.5695246,-0.48250917,0.14079686,0.29833516,0.1222791,0.28742757
3.52,0.40857878,0.22035466,-0.18776739,-0.31445926,0.29832953,0.01604103,-0.64876443,-0.557292,0.061209306,0.22743687,0.06857528,0.28466657
3.53,-0.10643249,-0.00024352368,0.10616169,0.053393453,-0.10628964,0.05278039,-0.41656628,-0.6485102,-0.026302956,0.11930621,-0.049991075,0.08543155
3.54,-0.40691647,-0.14117585,0.26572567,0.27401224,-0.33635625,0.062240254,-0.4404849,-0.65449965,-0.045059968,0.10876625,-0.07207169,0.023937242
3.55,-0.32231048,-0.18398026,0.13833587,0.25316554,-0.2303768,-0.022788746,-0.42071536,-0.45510024,0.03200915,0.097569816,-0.09876591,-0.016973492
3.56,-0.2194462,-0.08760084,0.13165186,0.1535638,-0.17551279,0.022015844,-0.21489629,-0.11514381,0.26911643,0.21477968,-0.009635897,0.054165233
3.57,-0.19105466,-0.08161305,0.109322816,0.13629489,-0.15004443,0.013935158,-0.17957306,-0.054470364,0.3003836,0.22458154,-0.00491376,0.06844608
3.58,-0.19044247,-0.0679164,0.12242101,0.1291477,-0.1563442,0.027189333,-0.16570973,-0.028054694,0.32759443,0.23942062,0.007620344,0.07137044
3.59,-0.18654302,-0.070900105,0.11575113,0.12870078,-0.15109108,0.022400701,-0.16688703,-0.030519813,0.32043442,0.23605952,0.003387356,0.06732728
3.6,-0.18237294,-0.06622501,0.11616833,0.12431416,-0.14927343,0.02499945,-0.16313402,-0.023652954,0.3253499,0.23831037,0.0037881483,0.07625268
3.61,-0.18736546,-0.067811646,0.119704,0.12762105,-0.15354332,0.025913186,-0.16507465,-0.026407925,0.3221193,0.23544417,0.002566633,0.06836193
3.62,-0.18127026,-0.06222263,0.11901722,0.12171823,-0.15006538,0.028391609,-0.16187157,-0.025110234,0.3205999,0.23742893,0.0036994908,0.06843857
3.63,-0.17610621,-0.059219714,0.11694329,0.11773619,-0.14652623,0.028751016,-0.16163978,-0.021194885,0.33257997,0.24283667,0.007992205,0.078728184
3.64,-0.17136887,-0.046108857,0.12538224,0.10869025,-0.14828499,0.039573267,-0.16000044,-0.021192921,0.3394089,0.24851574,0.016179321,0.079324864
3.65,-0.17612833,-0.043056227,0.13318174,0.10951743,-0.15461154,0.0450974,-0.15988502,-0.026584407,0.3303116,0.24879622,0.014510702,0.07998023
3.66,-0.17445116,-0.038408514,0.13606343,0.10637744,-0.1552365,0.048768282,-0.15950987,-0.027553018,0.32702067,0.24796885,0.01683734,0.08422338
3.67,-0.17954105,-0.032101717,0.1474865,0.10592822,-0.16352782,0.057655867,-0.1645264,-0.031494938,0.33392987,0.25286424,0.02502104,0.09088375
3.68,-0.17323424,-0.017103551,0.15591237,0.095120005,-0.16448829,0.06935502,-0.16883925,-0.03878813,0.33814946,0.26072797,0.03451905,0.0955262
3.69,-0.17576982,-0.002909762,0.17291488,0.08936242,-0.17420723,0.08504707,-0.1731104,-0.043524347,0.33800748,0.26632613,0.043167137,0.10168069
3.7,-0.17391494,0.0058961767,0.18002148,0.08401364,-0.17692572,0.09288176,-0.17903356,-0.054054197,0.3324505,0.27001867,0.05001394,0.11563101
3.71,-0.16840269,0.026850658,0.19520356,0.0707813,-0.18185757,0.11108186,-0.18570182,-0.06849984,0.33207026,0.27781832,0.059363015,0.13040346
3.72,-0.16672885,0.050946273,0.21775182,0.057853337,-0.1922381,0.1343996,-0.19201834,-0.086268805,0.3314037,0.2956992,0.07681889,0.14301041
3.73,-0.16498423,0.0792607,0.24426797,0.04298242,-0.2046627,0.16179301,-0.20006989,-0.112220526,0.33114994,0.31478927,0.094524495,0.1670121
3.74,-0.16772275,0.09872082,0.2663852,0.034478977,-0.21698584,0.18227144,-0.20832483,-0.1398705,0.3180338,0.3215369,0.10782197,0.18962158
3.75,-0.16128057,0.13224953,0.29352674,0.014407522,-0.22732183,0.2123153,-0.2165343,-0.17158483,0.3140223,0.33528197,0.12801352,0.20688087
3.76,-0.1703592,0.15542008,0.32567662,0.0075028506,-0.24803515,0.24010654,-0.22226797,-0.20036022,0.32357782,0.35498542,0.1482096,0.22542398
3.77,-0.17277853,0.17240514,0.34517157,0.00026895574,-0.25897163,0.25812423,-0.22564413,-0.22904456,0.31090075,0.36583963,0.16300236,0.23780279
3.78,-0.18123576,0.1646412,0.34592152,0.008301376,-0.26361573,0.25477153,-0.21935666,-0.24727765,0.28984517,0.3576546,0.15350789,0.23093694
3.79,-0.19015583,0.14652266,0.33680722,0.02185416,-0.2634667,0.24127154,-0.18814923,-0.23152669,0.28524062,0.3326982,0.12953344,0.21082497
3.8,-0.20969568,0.10942719,0.31924993,0.050082013,-0.2643854,0.21382572,-0.1495884,-0.1896319,0.29249564,0.31104004,0.104895115,0.1817578
3.81,-0.22484429,0.070585094,0.29535058,0.07730854,-0.26016358,0.18259391,-0.12411003,-0.15236002,0.29712594,0.29339567,0.0803527,0.14728051
3.82,-0.23316057,0.03769479,0.27089378,0.09770869,-0.25186864,0.15422542,-0.11926159,-0.12900756,0.29234025,0.26972508,0.051768422,0.114610784
3.83,-0.23817454,0.002901491,0.24121912,0.11757813,-0.23975465,0.1220286,-0.11923398,-0.10818293,0.2987584,0.25449988,0.03225321,0.09718247
3.84,-0.22075984,-0.005984938,0.21472904,0.11338645,-0.21789514,0.10432828,-0.1295282,-0.09340032,0.2985734,0.24805875,0.023987768,0.08068336
3.85,-0.21533504,-0.014732636,0.20064393,0.11496333,-0.20790192,0.092979334,-0.1378348,-0.08088602,0.2961907,0.23882242,0.011575264,0.06932034
3.86,-0.20628063,-0.029123083,0.17713782,0.11772516,-0.19185327,0.07399247,-0.13945377,-0.070293665,0.28955498,0.22725505,-0.0020436905,0.06458283
3.87,-0.196347,-0.02418039,0.1720514,0.11027365,-0.18421991,0.07388569,-0.1459915,-0.06347876,0.29476002,0.22436781,-0.0052032885,0.06234499
3.88,-0.19692086,-0.027033124,0.16982411,0.11199201,-0.1833786,0.07144011,-0.14316273,-0.057043087,0.29310063,0.2204462,-0.0073217484,0.058382228
3.89,-0.19163457,-0.030570488,0.16102555,0.1109862,-0.17619549,0.06518785,-0.14682364,-0.053505123,0.29152808,0.21737503,-0.009866212,0.057308327
3.9,-0.19023128,-0.028264437,0.161881,0.10925058,-0.17600672,0.066832624,-0.14626795,-0.052684423,0.30079195,0.2247574,-0.004348805,0.055462554
3.91,-0.19509135,-0.028882714,0.16616938,0.11181262,-0.1805333,0.068658076,-0.14617829,-0.04894958,0.2920407,0.21928914,-0.005802382,0.049402587
3.92,-0.19077145,-0.028251277,0.1624932,0.10937476,-0.17655489,0.067166165,-0.14930137,-0.051434767,0.28494078,0.21347606,-0.009555398,0.048668195
3.93,-0.19162655,-0.024016324,0.16754483,0.10780584,-0.1795772,0.071787074,-0.14764424,-0.055130664,0.29106888,0.21602531,-0.009156726,0.052290317
3.94,-0.19393899,-0.0261389,0.1677684,0.10998152,-0.1807768,0.07070798,-0.15166116,-0.056797855,0.28932586,0.21557926,-0.009262969,0.051840156
3.95,-0.19886091,-0.027747912,0.17118703,0.11322484,-0.1849538,0.07183622,-0.15733151,-0.06264229,0.28786364,0.21244211,-0.010031764,0.047895398
3.96,-0.189385,-0.022243628,0.16705559,0.10577389,-0.17815459,0.072332785,-0.15570815,-0.06293512,0.28769556,0.21362257,-0.008469595,0.0515766
3.97,-0.18824787,-0.022564571,0.16574143,0.10548407,-0.17689957,0.07145115,-0.1666598,-0.07146764,0.27667484,0.20540938,-0.015627002,0.041560177
3.98,-0.19011612,-0.029003264,0.16112064,0.1096148,-0.17556363,0.065936595,-0.16918646,-0.07094944,0.26398873,0.19654408,-0.016698577,0.050138142
3.99,-0.18525746,-0.02796213,0.15715705,0.106781356,-0.17128725,0.064471975,-0.17250676,-0.078876875,0.2610118,0.19706309,-0.0143125085,0.049055677
4.0,-0.18639971,-0.02038568,0.1662226,0.10335365,-0.17622083,0.07293177,-0.16998836,-0.07807991,0.27404964,0.21141407,-0.0049375514,0.047733404
4.01,-0.18453112,-0.020129124,0.16433197,0.10232323,-0.17436512,0.07213502,-0.17032707,-0.08183173,0.256923,0.20287794,-0.009271942,0.046401322
4.02,-0.18103278,-0.018044556,0.1630501,0.09958848,-0.17213684,0.07235107,-0.17263767,-0.08657644,0.25262725,0.19521086,-0.01413544,0.04310552
4.03,-0.18248753,-0.019433375,0.16308579,0.10107796,-0.17267999,0.071749136,-0.17742947,-0.08797486,0.25262752,0.19526865,-0.014968703,0.041014727
4.04,-0.18189546,-0.01582467,0.16622582,0.09893504,-0.17414333,0.07518746,-0.17640513,-0.09181007,0.24445608,0.19498895,-0.015953215,0.047281306
4.05,-0.18051413,-0.017153392,0.16355395,0.098868266,-0.17202644,0.07317998,-0.18228213,-0.09345631,0.24442898,0.19228873,-0.014207218,0.042992946
4.06,-0.17620912,-0.011357485,0.16479133,0.09385457,-0.17056419,0.07680029,-0.18930672,-0.09430915,0.24323705,0.19416407,-0.009510607,0.03716222
4.07,-0.1860763,-0.016736165,0.16955347,0.101433165,-0.17783993,0.07633535,-0.19163199,-0.10103825,0.23981044,0.18809582,-0.013290728,0.031906884
4.08,-0.18113014,-0.0129341865,0.16834448,0.09702478,-0.17482412,0.07772079,-0.18622847,-0.099035636,0.23340447,0.1833634,-0.017447619,0.03789574
4.09,-0.17917658,-0.015503029,0.16385439,0.09730334,-0.17147581,0.074253716,-0.18706967,-0.10108304,0.23240861,0.18465155,-0.018673839,0.040959008
4.1,-0.17422564,0.012627706,0.18677717,0.08078725,-0.18041064,0.099539,-0.16396949,-0.08322442,0.24905407,0.20353039,-0.0006692037,0.046846785
4.11,-0.15793608,0.03497145,0.19299343,0.06133433,-0.175409,0.11393894,-0.13763061,-0.058859456,0.2637656,0.21258941,0.009789069,0.061868988
4.12,-0.14382876,0.043694284,0.18755,0.050110456,-0.16570069,0.11562794,-0.12666462,-0.044001,0.2812469,0.22099058,0.02072833,0.073212154
4.13,-0.1147506,0.07687845,0.19169186,0.018844685,-0.15321778,0.1344049,-0.11387852,-0.022021879,0.29673353,0.23675826,0.03925183,0.08125878
4.14,-0.072792605,0.12957363,0.20245473,-0.028395608,-0.13769366,0.16592139,-0.119743474,0.0070208027,0.32370314,0.26409975,0.06632091,0.121124335
4.15,-0.06752955,0.139469,0.20693713,-0.035972036,-0.13722628,0.17299579,-0.19152135,-0.04875634,0.287948,0.25671336,0.06748361,0.13605742
4.16,-0.09048204,0.101321794,0.19180363,-0.005341594,-0.14116585,0.14656216,-0.23159675,-0.11111392,0.23475596,0.2209979,0.038684227,0.097243905
4.17,-0.12491235,0.047227126,0.17217797,0.0388974,-0.14852953,0.10968417,-0.22896291,-0.12268209,0.21366702,0.19750874,0.015514639,0.08089446
4.18,-0.17013775,0.025930839,0.19593997,0.07208704,-0.1829551,0.11095968,-0.21182844,-0.116072096,0.22224565,0.19961561,0.01457209,0.068752594
4.19,-0.19003268,-0.013198498,0.17665616,0.10157786,-0.18338174,0.08177077,-0.21574207,-0.12384314,0.19352958,0.17217714,-0.01025183,0.034298323
4.2,-0.18927413,-0.013978524,0.17538893,0.10159343,-0.18234172,0.08069569,-0.2238789,-0.14156705,0.18190327,0.16250649,-0.016363861,0.028487865
4.21,-0.19221893,-0.02895885,0.16318402,0.11057699,-0.17766795,0.06711395,-0.22548959,-0.14165063,0.16757637,0.1502027,-0.028184695,0.01881091
4.22,-0.19722478,-0.023162281,0.17393872,0.110083774,-0.18549778,0.0751897,-0.23118876,-0.14512114,0.16853105,0.15512419,-0.023795078,0.02901616
4.23,-0.19473734,-0.037221037,0.15746984,0.11593896,-0.17617296,0.060162354,-0.22165519,-0.14081031,0.15745538,0.14468448,-0.033755187,0.018579828
4.24,-0.26087716,0.008357246,0.26916867,0.12626176,-0.26499745,0.13867593,-0.21028098,-0.1703095,0.18181539,0.19965474,0.021823207,0.049799748
4.25,-0.25739136,-0.03647131,0.22100046,0.14684041,-0.23912148,0.09231062,-0.4365578,-0.5091859,-0.008991599,0.13270561,-0.020543147,0.04081724
4.26,-0.059016544,0.11792263,0.17711411,-0.029483384,-0.11803579,0.14729203,-0.5940421,-0.63420063,-0.036398437,0.19253986,0.061360024,0.17522265
4.27,0.3768522,0.3682809,-0.008402467,-0.3725161,0.19258553,0.17960732,-0.69993705,-0.5680115,0.026140118,0.2745847,0.16496658,0.34382272
4.28,0.08620298,0.16930467,0.08326941,-0.12775059,0.0014438785,0.12615831,-0.46391827,-0.6282613,-0.096585624,0.106395245,-0.0078105954,0.12216284
4.29,-0.41373354,-0.0006236603,0.41306722,0.20723264,-0.41339457,0.20583355,-0.31937683,-0.641371,-0.10029421,0.09630798,-0.040341448,0.012043782
4.3,-0.39060697,-0.15994711,0.23073013,0.2753282,-0.31063432,0.035563037,-0.50352144,-0.68652743,-0.20496051,-0.0052013122,-0.1463176,-0.084720366
4.31,-0.27171558,-0.08290385,0.18884668,0.1773978,-0.23030584,0.052886564,-0.36463928,-0.36299127,0.0051467656,0.09760649,-0.064762205,-0.025653891
4.32,-0.20781824,-0.037840694,0.16998598,0.12286943,-0.1889182,0.06617813,-0.2663211,-0.20008123,0.11383574,0.1508,-0.026990017,0.0019766241
4.33,-0.1998001,-0.022778505,0.17677891,0.11117292,-0.18823434,0.07702025,-0.25919193,-0.18034494,0.11820587,0.15856577,-0.02031317,0.015093013
4.34,-0.19107543,-0.023310032,0.16783418,0.107194126,-0.17941064,0.07229585,-0.25540745,-0.16918275,0.12711635,0.15698914,-0.022543475,0.016922811
4.35,-0.19080923,-0.023116885,0.16753845,0.107014924,-0.17919655,0.07220565,-0.25202826,-0.16496074,0.12596737,0.1603248,-0.018736508,0.017878994
4.36,-0.18209995,-0.010455864,0.171635,0.09633077,-0.17685768,0.08060577,-0.25175065,-0.16439848,0.1358966,0.16814741,-0.015134128,0.01739553
4.37,-0.1843368,-0.016364759,0.16800766,0.10043642,-0.17631467,0.07581345,-0.25476247,-0.16417648,0.12216499,0.17157178,-0.014543456,0.019571213
4.38,-0.1805883,-0.013614206,0.16712886,0.09707103,-0.17388657,0.0767483,-0.24872085,-0.16550668,0.12104373,0.17353906,-0.012668256,0.022145241
4.39,-0.17712231,-0.01284114,0.16436517,0.095090345,-0.17068338,0.07586695,-0.25458938,-0.17247252,0.12077483,0.1736249,-0.0111858845,0.025179414
4.4,-0.17558947,0.0021188813,0.17760329,0.08666781,-0.17658706,0.089827,-0.25693685,-0.17465743,0.119633704,0.18226244,-0.0022976322,0.033555027
4.41,-0.17637269,0.0016429132,0.17780016,0.08735167,-0.17706777,0.0897286,-0.25879776,-0.1773907,0.12623344,0.19196494,0.008081091,0.039924767
4.42,-0.17265019,0.01887443,0.19136485,0.07686995,-0.18195523,0.10509728,-0.2597136,-0.18317813,0.12986487,0.20247298,0.017921666,0.042789347
4.43,-0.1674872,0.026246019,0.19378367,0.07062755,-0.18061148,0.110001005,-0.2662809,-0.18740523,0.123770885,0.20347267,0.02398898,0.04971519
4.44,-0.16224866,0.046093155,0.20841439,0.058039796,-0.18535897,0.12726735,-0.27155983,-0.19279347,0.13487314,0.21700722,0.04054547,0.06893949
4.45,-0.1566053,0.06372165,0.22037432,0.046337157,-0.18861517,0.14209862,-0.27551204,-0.20161992,0.12579249,0.22648591,0.0519767,0.08128019
4.46,-0.15192436,0.08513842,0.23700994,0.033384673,-0.19445358,0.16102327,-0.28307256,-0.21885698,0.118704185,0.23823196,0.0668862,0.09116743
4.47,-0.15139458,0.10592397,0.25720942,0.022684254,-0.20414875,0.1811428,-0.29162607,-0.23917107,0.13201424,0.25642827,0.08389767,0.109784804
4.48,-0.14811493,0.12944473,0.27770188,0.009276886,-0.21290639,0.20317943,-0.3089105,-0.2645601,0.119296946,0.26894346,0.10112175,0.1338249
4.49,-0.15148355,0.15151806,0.30289325,-0.00011692776,-0.22715808,0.22683609,-0.3185408,-0.29904023,0.11573847,0.2842807,0.120669134,0.15801841
4.5,-0.14967099,0.18879427,0.33850294,-0.019562384,-0.24406414,0.2631032,-0.32245,-0.33303356,0.105712615,0.30446705,0.14258583,0.18437682
4.51,-0.15397488,0.2179709,0.3717742,-0.03211488,-0.26286432,0.29434887,-0.3279575,-0.36629164,0.099515565,0.3249038,0.16680346,0.20650484
4.52,-0.15470734,0.24439043,0.39896268,-0.044809744,-0.27676946,0.3211248,-0.33386573,-0.39904243,0.097869046,0.34286365,0.18804783,0.22724131
4.53,-0.16266218,0.24227121,0.40509745,-0.039713733,-0.28385603,0.32311234,-0.33371857,-0.42709446,0.08607587,0.3438614,0.19015813,0.2258629
4.54,-0.17561023,0.22341128,0.39913538,-0.023914343,-0.28747028,0.31084308,-0.31006205,-0.42472598,0.06968387,0.32684636,0.17106637,0.20416968
4.55,-0.19687757,0.17487347,0.3715753,0.011022052,-0.28418946,0.27274,-0.26452222,-0.39207074,0.049379632,0.29176,0.1352909,0.17615268
4.56,-0.21404521,0.14175741,0.35580277,0.036112793,-0.28485513,0.24815658,-0.2254147,-0.34312725,0.067031175,0.27485165,0.11280521,0.14156172
4.57,-0.22374219,0.101139866,0.32496315,0.061349407,-0.27439395,0.21262576,-0.20563246,-0.3014248,0.07908707,0.26155698,0.093409196,0.104814634
4.58,-0.2156206,0.07717897,0.29264376,0.06919686,-0.25414765,0.18444443,-0.1977732,-0.26863554,0.08363061,0.24876373,0.07543319,0.09224773
4.59,-0.20381325,0.05534953,0.2591132,0.07436629,-0.2315365,0.1572203,-0.20622076,-0.24834114,0.08362663,0.23662806,0.06153497,0.0739413
4.6,-0.19346805,0.04544968,0.23876177,0.074132755,-0.21614727,0.1420815,-0.21544899,-0.23040043,0.09282011,0.22987744,0.054381844,0.0657075
4.61,-0.18490253,0.031202862,0.21617301,0.07681063,-0.20056626,0.12372975,-0.21922188,-0.21617755,0.09477204,0.22312102,0.045420486,0.059131928
4.62,-0.17891315,0.03379601,0.21272755,0.072574355,-0.19596325,0.12329009,-0.22729692,-0.2062364,0.09636337,0.22446623,0.046730455,0.056513652
4.63,-0.17508273,0.029886222,0.20500374,0.07258523,-0.19001666,0.11744854,-0.22895332,-0.19929036,0.09146629,0.22155948,0.045599196,0.04526393
4.64,-0.17030942,0.031462844,0.20178616,0.069422595,-0.18594286,0.11662427,-0.23175217,-0.19401456,0.094405405,0.22363545,0.04540678,0.04623537
4.65,-0.17284408,0.023931723,0.19670382,0.07439244,-0.18476665,0.11028081,-0.235994,-0.19329946,0.09428611,0.22257136,0.042480636,0.044876162
4.66,-0.16638993,0.029478693,0.19587433,0.068522654,-0.18117231,0.11267378,-0.23686811,-0.19283345,0.09518023,0.22407727,0.043078847,0.04435939
4.67,-0.16785757,0.027945038,0.195903,0.069908686,-0.18189228,0.11197573,-0.24072659,-0.19334361,0.097453766,0.22695635,0.04311194,0.045429733
4.68,-0.16447361,0.034918066,0.19953893,0.0648729,-0.18201172,0.11726549,-0.24117872,-0.19553977,0.10137705,0.23412427,0.047808565,0.04808077
4.69,-0.16548891,0.03107928,0.19660662,0.06729346,-0.18119463,0.11378622,-0.24734187,-0.20169806,0.093160205,0.2282108,0.043285258,0.04424988
4.7,-0.16642526,0.033379354,0.19982487,0.06649457,-0.18319441,0.11668628,-0.2501393,-0.20256662,0.089440554,0.22699292,0.041399233,0.04036727
4.71,-0.16356945,0.030274598,0.19397686,0.06663454,-0.17886251,0.112213805,-0.25200567,-0.20483556,0.082696855,0.22417006,0.03965932,0.045015577
4.72,-0.16244513,0.03777503,0.2002989,0.06247771,-0.18139689,0.11896513,-0.2575212,-0.2090173,0.08358475,0.2218448,0.040366296,0.04451529
4.73,-0.16536887,0.03255712,0.1978627,0.06644997,-0.18161732,0.11526801,-0.25931942,-0.2133572,0.08022262,0.2223513,0.03863903,0.042813364
4.74,-0.16179642,0.03776665,0.1996352,0.062031657,-0.1807805,0.118628055,-0.2592696,-0.21596028,0.07669832,0.22292596,0.037229467,0.0419351
4.75,-0.16201611,0.033520643,0.19574882,0.06426453,-0.17889047,0.114765346,-0.2614721,-0.21580712,0.07454516,0.22516489,0.03780478,0.040763
4.76,-0.16201845,0.036506236,0.19860305,0.06280519,-0.18045774,0.11754192,-0.26224056,-0.21782291,0.070199534,0.22214137,0.036909577,0.04032707
4.77,-0.16509701,0.029261801,0.19444647,0.06800564,-0.17985979,0.11178202,-0.26295617,-0.2165939,0.070632495,0.21736665,0.033151858,0.03383474
4.78,-0.16118506,0.035773102,0.19699079,0.06275957,-0.17926423,0.11637474,-0.2638964,-0.21537131,0.07109131,0.2231484,0.03760131,0.034357175
4.79,-0.15772869,0.03427258,0.19207759,0.06171502,-0.17495744,0.11312468,-0.26311326,-0.21634318,0.06980369,0.22364217,0.038109146,0.035687193
4.8,-0.15685031,0.041149434,0.19782549,0.057807695,-0.17722873,0.11943879,-0.26369134,-0.21555,0.07466313,0.22447498,0.039630085,0.037191324
4.81,-0.15816006,0.03847202,0.19647498,0.059848487,-0.17732386,0.11748095,-0.26362172,-0.21277006,0.07385258,0.22274433,0.039739624,0.034590114
4.82,-0.15754125,0.042807512,0.2003157,0.05730207,-0.17887364,0.1215454,-0.2652998,-0.21736012,0.06849376,0.2226771,0.037277777,0.0372396
4.83,-0.1560781,0.04098868,0.19688544,0.05746159,-0.17643008,0.11887287,-0.2665082,-0.21824773,0.066406555,0.22134556,0.036762938,0.035851024
4.84,-0.15487039,0.045656145,0.20028453,0.054555498,-0.17752403,0.123026766,-0.26491502,-0.21870142,0.062417515,0.21999858,0.035162862,0.034131505
4.85,-0.14959879,0.05419007,0.20383427,0.04769014,-0.17680137,0.12914409,-0.25342146,-0.20843652,0.072270684,0.2268392,0.043152835,0.044148892
4.86,-0.13757789,0.0836494,0.2212759,0.027066287,-0.17956765,0.15254584,-0.22304577,-0.18246935,0.09432489,0.24654663,0.06096046,0.05862532
4.87,-0.120883316,0.09972056,0.22066517,0.010491105,-0.1707453,0.1600583,-0.19779003,-0.15592298,0.114737116,0.25896862,0.07017666,0.06788365
4.88,-0.10798031,0.11011391,0.2181382,-0.001084395,-0.16306935,0.16412205,-0.18805622,-0.1395037,0.13051538,0.26849574,0.078849904,0.075478196
4.89,-0.07174876,0.15591155,0.22778128,-0.04205009,-0.14969385,0.19146235,-0.17149563,-0.10505251,0.15853314,0.29463288,0.102022536,0.10466019
4.9,-0.046871837,0.18704826,0.23392127,-0.070109114,-0.14049244,0.21001112,-0.22168694,-0.12315464,0.1537519,0.30720627,0.12143691,0.1292494
4.91,-0.06634874,0.15704598,0.22334096,-0.045354065,-0.14484827,0.1897631,-0.28858846,-0.19466576,0.10868416,0.2863634,0.105360314,0.11975542
4.92,-0.0893128,0.11095145,0.20004763,-0.0107899895,-0.14473729,0.1553036,-0.29719433,-0.2228089,0.07823125,0.25607485,0.07408723,0.091342576
4.93,-0.13279988,0.078464516,0.2114175,0.02726112,-0.17214799,0.1450415,-0.2817106,-0.21562131,0.07406171,0.24572268,0.064168036,0.071016364
4.94,-0.1644215,0.048974276,0.21348275,0.057688877,-0.18888465,0.13125254,-0.2744538,-0.21890403,0.060902365,0.22858924,0.044908617,0.052182324
4.95,-0.17841996,0.014632385,0.19307339,0.081835434,-0.1857022,0.10389695,-0.27745855,-0.23042284,0.042552695,0.2068175,0.025277484,0.03348156
4.96,-0.1830143,0.0056850584,0.18876256,0.08882647,-0.18593125,0.09714826,-0.28417295,-0.24125297,0.03191618,0.2012131,0.021735428,0.02442337
4.97,-0.19093671,-0.003562428,0.18744639,0.09729319,-0.18922885,0.09205129,-0.2734421,-0.23226629,0.034387905,0.19903521,0.019556092,0.021715824
4.98,-0.1778911,0.0013695341,0.17934495,0.08835783,-0.17865814,0.09034865,-0.2858741,-0.23805541,0.03176588,0.19899368,0.021504808,0.027920416
4.99,-0.2141378,0.0006155373,0.21475449,0.106664896,-0.21438004,0.10779746,-0.24793848,-0.22183977,0.044525255,0.2060917,0.023150781,0.018947393
5.0,-0.25487638,0.03159469,0.2865572,0.11165592,-0.27068722,0.1590841,-0.36521062,-0.41218898,-0.020462885,0.22453378,0.05840801,0.065238036
5.01,-0.19304992,0.0012690389,0.19414195,0.095921956,-0.19368072,0.09771442,-0.5845769,-0.71926457,-0.21281265,0.15000448,0.015277112,0.06489994
5.02,0.17902726,0.3164406,0.13737604,-0.24775048,0.02083024,0.22643258,-0.7037,-0.6572457,-0.08854919,0.32069516,0.20667301,0.31460822
5.03,0.32469746,0.32433656,-0.00048606805,-0.32458383,0.16258898,0.16167074,-0.69466645,-0.7346484,-0.18474084,0.22665413,0.12775551,0.2592401
5.04,-0.22220172,0.11273982,0.33495978,0.054693073,-0.27866304,0.22353105,-0.44093972,-0.8068407,-0.26456064,0.12724878,0.0152324205,0.06393339
5.05,-0.41415662,-0.08018268,0.33389798,0.2473072,-0.3740656,0.12660912,-0.55931044,-0.8635474,-0.35468444,0.04086225,-0.07214068,-0.053662375
5.06,-0.30006003,-0.0817362,0.21825716,0.19083919,-0.25913775,0.06829632,-0.5040227,-0.60680383,-0.22943138,0.060290847,-0.07113813,-0.061668552
5.07,-0.207714,-0.000714565,0.20702757,0.10415982,-0.20739408,0.10309078,-0.32786724,-0.29781675,-0.018791284,0.1683311,0.014393686,0.01417491
5.08,-0.18641564,0.008674489,0.19510451,0.088924184,-0.19073577,0.10182972,-0.30311158,-0.25261724,0.0038252634,0.17398119,0.017369138,0.019621054
5.09,-0.17928813,0.016794253,0.19604298,0.08132157,-0.18772987,0.1064154,-0.28794768,-0.22540872,0.02394653,0.18822213,0.031426888,0.033151027
5.1,-0.17250401,0.022166098,0.19442625,0.075053655,-0.1835419,0.10835775,-0.29149008,-0.23065865,0.019651609,0.18570195,0.029747088,0.028857887
5.11,-0.17035078,0.021753037,0.19208774,0.07426359,-0.1811725,0.10685533,-0.2839922,-0.22042027,0.028126046,0.1901651,0.032645173,0.036660086
5.12,-0.16614234,0.024346044,0.19048095,0.071006216,-0.17840981,0.1075033,-0.28460756,-0.21936458,0.028440263,0.19230965,0.034684323,0.042453483
5.13,-0.1671382,0.026026024,0.19329236,0.0704412,-0.18023004,0.10985424,-0.28314567,-0.21892735,0.03470214,0.1966578,0.03953177,0.04349962
5.14,-0.16518307,0.031757504,0.1970877,0.066776276,-0.181154,0.11440073,-0.28304735,-0.2196307,0.035251312,0.19611873,0.04264293,0.04590121
5.15,-0.16626047,0.029118294,0.19534563,0.06849628,-0.18084557,0.11228789,-0.28208947,-0.2165883,0.03797018,0.19799308,0.045355763,0.053580552
5.16,-0.16387872,0.04113603,0.20506611,0.06140544,-0.18455702,0.12301069,-0.28160626,-0.21757396,0.039646424,0.20239921,0.0511305,0.06188788
5.17,-0.16383669,0.040996004,0.20476875,0.06152557,-0.18437001,0.12282852,-0.28303546,-0.21881154,0.041528188,0.2054431,0.055982046,0.06674712
5.18,-0.16478871,0.05235903,0.2172073,0.05626679,-0.19101648,0.13483308,-0.2834656,-0.22317429,0.04089766,0.21066931,0.065130025,0.07451753
5.19,-0.15944135,0.06335409,0.22292918,0.048008714,-0.19113052,0.1431881,-0.2850965,-0.22669268,0.045662764,0.21355237,0.07532622,0.08777122
5.2,-0.15751576,0.08111721,0.23872568,0.038247783,-0.19812348,0.1600432,-0.28824863,-0.2347463,0.04628191,0.22020158,0.0844505,0.09831678
5.21,-0.1556287,0.09153289,0.24727452,0.032005727,-0.20139398,0.16945158,-0.29136005,-0.24355447,0.04709078,0.22797862,0.094000146,0.11412967
5.22,-0.15706374,0.108625844,0.26554534,0.024342315,-0.21128945,0.18659805,-0.29774445,-0.26083902,0.046339367,0.24116011,0.11083465,0.13151878
5.23,-0.15208004,0.1310876,0.28321695,0.010454102,-0.21769834,0.20673199,-0.30212244,-0.28011093,0.045783512,0.25561073,0.13232855,0.15461113
5.24,-0.14753608,0.16411202,0.3117711,-0.008282399,-0.22965704,0.23748298,-0.31443238,-0.31542933,0.03687856,0.2698406,0.14932133,0.17851761
5.25,-0.15232295,0.18079928,0.33309165,-0.0143037075,-0.24274172,0.25647706,-0.3222301,-0.3523548,0.027596753,0.2867919,0.16674542,0.19750498
5.26,-0.15053248,0.21615002,0.3666058,-0.032847468,-0.25851136,0.2908362,-0.32634398,-0.3857281,0.022643812,0.3024622,0.1895625,0.21720183
5.27,-0.15445393,0.2376762,0.39223737,-0.041691933,-0.27330318,0.3144429,-0.33330902,-0.4235043,0.014610318,0.3156706,0.20469521,0.24043597
5.28,-0.15385404,0.26849407,0.42245513,-0.057459377,-0.2881242,0.3451446,-0.32937348,-0.4535665,0.0036587731,0.32858416,0.22083177,0.26067078
5.29,-0.16490592,0.25123346,0.41630495,-0.04316629,-0.29042542,0.33324763,-0.31867906,-0.4699733,-0.011542377,0.3147911,0.20729955,0.24941619
5.3,-0.18371727,0.22712357,0.41091052,-0.021740364,-0.29728353,0.31853124,-0.28259063,-0.4437144,-0.010262978,0.29809573,0.18843073,0.22707984
5.31,-0.2051358,0.18124828,0.38649976,0.011973017,-0.2957603,0.2833856,-0.24294133,-0.39620772,-0.0008457019,0.27375695,0.16386494,0.19345576
5.32,-0.21525238,0.15084197,0.3659825,0.03221486,-0.29070675,0.2579716,-0.21726982,-0.35094452,0.010099289,0.25027743,0.13972422,0.16225034
5.33,-0.21889234,0.107741706,0.32669637,0.05559749,-0.27282622,0.21673357,-0.2064433,-0.3116193,0.01946967,0.23036456,0.114713185,0.137353
5.34,-0.2068236,0.09796405,0.30485642,0.05448516,-0.2558842,0.20087121,-0.21131337,-0.28513196,0.026357176,0.21419987,0.10101511,0.12316457
5.35,-0.2024275,0.06663221,0.26919904,0.06791534,-0.23578022,0.16784191,-0.21719302,-0.2594862,0.034142736,0.2055561,0.08789051,0.10901437
5.36,-0.18365458,0.06374206,0.24734637,0.059932414,-0.21542896,0.15555063,-0.22398537,-0.24436656,0.03684904,0.19789465,0.07857251,0.10225192
5.37,-0.16859171,0.058119636,0.22680607,0.055304263,-0.1976991,0.1423005,-0.2219543,-0.22263588,0.048158504,0.19601457,0.0793842,0.103599735
5.38,-0.15904482,0.059608966,0.21864684,0.049699355,-0.18881677,0.13915965,-0.22699577,-0.21879278,0.04954446,0.18970415,0.07654345,0.10068132
5.39,-0.15885644,0.05485192,0.21374874,0.052041546,-0.18635985,0.1341935,-0.2253101,-0.2075279,0.052999113,0.1873395,0.07538176,0.097388424
5.4,-0.16093048,0.055563472,0.21662286,0.05255854,-0.18889755,0.13618451,-0.22407,-0.19641562,0.054860465,0.18544872,0.07084385,0.09629591
5.41,-0.15996388,0.045982316,0.20598581,0.05704289,-0.18296683,0.12605639,-0.21986412,-0.18919289,0.059168786,0.18571354,0.067906074,0.09576874
5.42,-0.16206548,0.04995836,0.21227036,0.05618293,-0.187275,0.13111655,-0.2159996,-0.18414748,0.06442439,0.18597773,0.06781966,0.095631845
5.43,-0.16407551,0.04062754,0.20478626,0.0618719,-0.18447036,0.12271007,-0.21243608,-0.17903353,0.07156986,0.1874979,0.069078565,0.09500236
5.44,-0.16102286,0.053752135,0.21506049,0.053703245,-0.18801533,0.13440245,-0.2113583,-0.17375109,0.072971076,0.18764593,0.071585014,0.0947929
5.45,-0.16186303,0.041765235,0.20371911,0.060069717,-0.18288419,0.12276204,-0.21346134,-0.17086488,0.07310389,0.17990312,0.0665144,0.09142721
5.46,-0.16319749,0.041956086,0.205246,0.060665358,-0.18429564,0.123544134,-0.21544126,-0.17414899,0.07083257,0.17606355,0.0629754,0.08775274
5.47,-0.15937798,0.03588632,0.1952019,0.06185635,-0.17732847,0.115500174,-0.21780273,-0.17677402,0.070701204,0.17313175,0.060924444,0.086174235
5.48,-0.1565553,0.042034905,0.1986076,0.0573292,-0.17759706,0.12038233,-0.21430935,-0.17090344,0.07524337,0.17787369,0.06032115,0.08800337
5.49,-0.16174269,0.025673606,0.18750584,0.068075076,-0.17470221,0.10664692,-0.21797612,-0.17224793,0.072756365,0.16772428,0.05520306,0.08425673
5.5,-0.16286463,0.026701435,0.18968406,0.0680614,-0.17628664,0.10826194,-0.21888724,-0.17440595,0.07565484,0.1674625,0.060295522,0.08585009
5.51,-0.16115843,0.021514932,0.18286806,0.06991217,-0.17205217,0.10220761,-0.21956822,-0.17493387,0.07305669,0.16935173,0.05816284,0.08263835
5.52,-0.1621341,0.022493986,0.18485036,0.069836214,-0.17350762,0.103638776,-0.21806072,-0.17416716,0.0720325,0.16632733,0.059043296,0.087651804
5.53,-0.16152777,0.0156092625,0.17721795,0.07294701,-0.16948579,0.09634764,-0.2211422,-0.17660968,0.06773367,0.16020836,0.054568935,0.085700594
5.54,-0.1669903,0.021467526,0.18842487,0.07267899,-0.17770723,0.104996584,-0.22258072,-0.17450511,0.06642397,0.15765086,0.052851666,0.085466154
5.55,-0.16490601,0.012276306,0.1770041,0.07627972,-0.17096066,0.09457014,-0.22516988,-0.18260157,0.05972397,0.1498459,0.04760016,0.08430977
5.56,-0.15314297,0.02323946,0.17615896,0.06490648,-0.16459887,0.099727586,-0.22855377,-0.18549764,0.057655983,0.14631331,0.04733248,0.086586036
5.57,-0.16200918,0.016030833,0.17811114,0.0729374,-0.17008734,0.09706572,-0.22907025,-0.1856082,0.055729214,0.14394073,0.045988306,0.08534961
5.58,-0.16478229,0.02235983,0.18722957,0.07124238,-0.17598179,0.10475511,-0.22949345,-0.18535364,0.054745954,0.14254244,0.045383822,0.08429266
5.59,-0.16745445,0.008985303,0.17637998,0.07931813,-0.17187081,0.09249264,-0.22784024,-0.18368112,0.056112804,0.14157537,0.041514285,0.081306785
5.6,-0.15821823,0.022181852,0.18066432,0.06810558,-0.16951185,0.10143494,-0.22697276,-0.1824567,0.054690752,0.13739635,0.04114058,0.082013175
5.61,-0.1550043,0.034081224,0.18902545,0.060381725,-0.17188735,0.111555696,-0.20587581,-0.16541961,0.07141842,0.15026218,0.050714955,0.09432971
5.62,-0.14215456,0.07218566,0.21427763,0.035067838,-0.17834257,0.14336835,-0.17797342,-0.13841516,0.0921523,0.16790093,0.065459386,0.1076016
5.63,-0.124915786,0.06884734,0.19366325,0.027980734,-0.15927182,0.13122495,-0.16181454,-0.11564329,0.10665826,0.1766471,0.07239672,0.11282809
5.64,-0.10386547,0.092282556,0.19602159,0.0058305934,-0.14992306,0.1440718,-0.14821015,-0.095773555,0.12353959,0.1858861,0.084023386,0.12800092
5.65,-0.057731412,0.13690555,0.1945874,-0.039601184,-0.12614587,0.16571277,-0.14301145,-0.06256148,0.15853006,0.21530673,0.11398505,0.16207507
5.66,-0.04354272,0.1610149,0.20459509,-0.058748618,-0.12415915,0.18250056,-0.21593659,-0.11035565,0.13631032,0.20896968,0.117076635,0.1741254
5.67,-0.06458687,0.106538825,0.17105812,-0.021004882,-0.11780653,0.13874745,-0.25965977,-0.17068009,0.08903332,0.17753026,0.08981765,0.15009595
5.68,-0.092098996,0.068761244,0.1608453,0.011682982,-0.12655063,0.11481807,-0.25685355,-0.17776302,0.07630945,0.15434507,0.06830532,0.13080336
5.69,-0.14495023,0.03056801,0.17547192,0.057177227,-0.16014627,0.102948986,-0.23978359,-0.17806877,0.07431555,0.14234,0.05864102,0.11758366
5.7,-0.16468424,0.0022452169,0.16681415,0.081259735,-0.16581072,0.08443897,-0.23480256,-0.18246055,0.060369093,0.119529,0.03753864,0.091903545
5.71,-0.18348972,-0.023166066,0.16032605,0.10352272,-0.17195302,0.0686471,-0.23764534,-0.18997553,0.0494124,0.10456367,0.024699217,0.079121225
5.72,-0.18380739,-0.031274658,0.15257381,0.10770449,-0.16821757,0.06065676,-0.24115133,-0.19627838,0.042199332,0.091844186,0.015312028,0.07234339
5.73,-0.1881734,-0.030177647,0.15789796,0.109186746,-0.17317039,0.064005084,-0.23884197,-0.19284596,0.048842974,0.09259334,0.018164352,0.07592826
5.74,-0.17859967,-0.0382323,0.14047787,0.108550966,-0.15970568,0.051142365,-0.24264854,-0.19600314,0.04161575,0.08034383,0.008240952,0.06683488
5.75,-0.24186407,-0.030136213,0.21156858,0.1359462,-0.22672313,0.09079595,-0.21464808,-0.20808102,0.0570092,0.10631339,0.033985466,0.08351294
5.76,-0.25279334,-0.05226373,0.20053989,0.15254018,-0.22669369,0.074137636,-0.42795065,-0.5158055,-0.1032159,0.06328555,0.013503511,0.08987971
5.77,-0.10565625,0.009412627,0.11493078,0.0480849,-0.11025828,0.06203444,-0.58161646,-0.66627616,-0.17573695,0.0682068,0.03833755,0.16301581
5.78,0.32671413,0.29792356,-0.028644249,-0.31238127,0.17776671,0.1345184,-0.722516,-0.63596815,-0.090414554,0.18667088,0.17783995,0.36873707
5.79,0.18122779,0.13864842,-0.042405587,-0.16000473,0.11195823,0.048076272,-0.66301966,-0.8558264,-0.2953416,0.010925279,0.012879152,0.19080484
5.8,-0.33585542,-0.051412515,0.28449968,0.19359669,-0.31023505,0.116648704,-0.5448332,-0.92132264,-0.357042,-0.038985778,-0.049269717,0.06337323
5.81,-0.36217803,-0.1751405,0.18699989,0.2686102,-0.27458405,0.0059892037,-0.59301925,-0.7939045,-0.33847213,-0.080246136,-0.105711915,-0.008588815
5.82,-0.2483568,-0.099345796,0.1490763,0.17381522,-0.19865583,0.024850395,-0.3612353,-0.3850966,-0.08499158,0.016710669,-0.038939577,0.039011065
5.83,-0.19230536,-0.06731396,0.1250326,0.12981364,-0.15865579,0.02878914,-0.2568988,-0.20896569,0.0314725,0.07236506,0.0027863325,0.0762449
5.84,-0.18710122,-0.050406184,0.13677049,0.11879543,-0.16195005,0.043260094,-0.24655975,-0.18656448,0.046817232,0.08038821,0.007938852,0.08094558
5.85,-0.17982571,-0.050668776,0.12934788,0.115232795,-0.15461662,0.039271504,-0.24155495,-0.17783971,0.055302184,0.08443773,0.008362713,0.08232499
5.86,-0.17828238,-0.041191805,0.13706976,0.109721765,-0.15762427,0.047839444,-0.2386291,-0.17588718,0.058325045,0.080904864,0.0075473716,0.08110846
5.87,-0.17600787,-0.04842224,0.12746939,0.11223685,-0.1516414,0.03949041,-0.23446712,-0.17086811,0.06419349,0.08004658,0.0041530845,0.08471972
5.88,-0.17628261,-0.042521127,0.13380684,0.10935366,-0.15499766,0.04568162,-0.22996236,-0.17026404,0.06780651,0.083254725,0.011040926,0.086988986
5.89,-0.17948557,-0.05545828,0.123946324,0.11752773,-0.15181506,0.03419284,-0.22729152,-0.16578397,0.072197236,0.081404746,0.011504019,0.08814073
5.9,-0.1753131,-0.04771543,0.12740943,0.111473866,-0.1513116,0.039970722,-0.22783561,-0.16660781,0.0721183,0.082236044,0.0127601465,0.0940203
5.91,-0.17663132,-0.05030898,0.12630774,0.113403,-0.15146075,0.038048718,-0.22346285,-0.15901971,0.07977359,0.087601446,0.01646304,0.09696792
5.92,-0.17631812,-0.037518047,0.13891043,0.10684967,-0.1575899,0.050716415,-0.22198257,-0.15942176,0.083744355,0.09191838,0.019695539,0.10467089
5.93,-0.17140266,-0.039732214,0.13173825,0.10555194,-0.15150936,0.04589938,-0.22114198,-0.16193466,0.087225325,0.09428082,0.023894997,0.11396728
5.94,-0.16824578,-0.021055806,0.14702752,0.0946512,-0.15764317,0.063027285,-0.22256911,-0.16343303,0.092025466,0.099509135,0.030625392,0.122466415
5.95,-0.1646315,-0.019449566,0.14519328,0.09197757,-0.15494755,0.06288152,-0.2230662,-0.16546854,0.09521468,0.103203125,0.03546104,0.13261965
5.96,-0.16730928,-0.0021753523,0.16505308,0.08475645,-0.16628931,0.081520274,-0.22695516,-0.17576,0.096237406,0.109962516,0.0455792,0.14399941
5.97,-0.16774936,0.0016647854,0.1694151,0.08304954,-0.16851862,0.0855341,-0.230693,-0.18777262,0.09854761,0.11631432,0.05227603,0.15594032
5.98,-0.16480204,0.028656004,0.19369768,0.06806308,-0.17930457,0.111169495,-0.23575531,-0.20254959,0.0995135,0.12738231,0.067392915,0.1765711
5.99,-0.1627092,0.046114612,0.20884965,0.058439486,-0.18587677,0.12740499,-0.24341662,-0.22753176,0.09410869,0.142675,0.083301865,0.19240774
6.0,-0.160802,0.08070923,0.24171773,0.040018346,-0.20125246,0.16130573,-0.24803343,-0.25222838,0.091601744,0.15799792,0.10292052,0.21783096
6.01,-0.16244802,0.096157804,0.2588182,0.03306905,-0.21066716,0.17744055,-0.255285,-0.28875652,0.081653476,0.17063874,0.11922912,0.23798808
6.02,-0.16296865,0.12992568,0.29295504,0.016634377,-0.22795904,0.21078563,-0.26142946,-0.3265286,0.07171729,0.18230346,0.13602321,0.26199132
6.03,-0.16771497,0.14804074,0.315673,0.009911681,-0.24168599,0.2313662,-0.25889152,-0.3503306,0.07041953,0.19878927,0.15636025,0.28419188
6.04,-0.17081831,0.16287312,0.3336408,0.003920398,-0.25226122,0.24781464,-0.25528562,-0.3761388,0.05917212,0.203082,0.16389255,0.29254562
6.05,-0.1854473,0.13863078,0.3241491,0.023310281,-0.25485206,0.23097624,-0.23482578,-0.3744189,0.05189692,0.18927102,0.14656089,0.28124064
6.06,-0.20129278,0.11389328,0.3152317,0.043662515,-0.2583175,0.2140906,-0.20090266,-0.34363118,0.05526284,0.17085432,0.12632197,0.25402248
6.07,-0.2177321,0.068150744,0.28601468,0.07480483,-0.25189996,0.17682801,-0.17297304,-0.30591384,0.061088298,0.1472368,0.09756458,0.21965642
6.08,-0.2241836,0.03665704,0.26073453,0.09381024,-0.24246936,0.14870252,-0.16227055,-0.2736212,0.06516777,0.12171109,0.07257391,0.19080414
6.09,-0.22257413,-0.0018910597,0.22064269,0.11228358,-0.22142747,0.10924631,-0.1642129,-0.24638931,0.06961627,0.09964071,0.049956188,0.17005903
6.1,-0.21420677,-0.013900896,0.200396,0.11411368,-0.20733972,0.09326306,-0.1728928,-0.22570774,0.07254978,0.085956775,0.03440971,0.1564307
6.11,-0.20577969,-0.03874631,0.16711602,0.12232288,-0.18641616,0.06423058,-0.17826024,-0.2044653,0.07877617,0.07586842,0.021465331,0.14441426
6.12,-0.19787917,-0.045783825,0.15214439,0.121718295,-0.17494641,0.053254146,-0.18408762,-0.18966949,0.08139722,0.066803396,0.011919317,0.13828385
6.13,-0.18886401,-0.057553634,0.13139923,0.12328065,-0.16007617,0.036868364,-0.18315037,-0.17608772,0.087575056,0.06169562,0.007234327,0.13684152
6.14,-0.18300499,-0.055873446,0.12733509,0.11960813,-0.15531828,0.035578072,-0.18096837,-0.16150905,0.09443621,0.06050601,0.0058756587,0.1320398
6.15,-0.18287618,-0.06621088,0.1166408,0.124731846,-0.14977925,0.025170583,-0.18232787,-0.1608722,0.091561936,0.054278225,-0.0020797607,0.12793349
6.16,-0.18020634,-0.057228364,0.12308697,0.11888087,-0.15172212,0.032892566,-0.18053073,-0.15682346,0.09409135,0.05129306,-0.004736331,0.12806183
6.17,-0.18075828,-0.064647175,0.11627431,0.12273607,-0.14854835,0.025685966,-0.17446426,-0.14455824,0.10175882,0.048263278,-0.005351799,0.12986162
6.18,-0.18085966,-0.058493253,0.12245307,0.119708456,-0.15171994,0.032010153,-0.17279711,-0.14265493,0.101900116,0.045753002,-0.008520123,0.12822472
6.19,-0.18072519,-0.0651967,0.11564032,0.12297286,-0.14823323,0.025264094,-0.16999589,-0.14110158,0.10261493,0.04013925,-0.014589027,0.12585331
6.2,-0.18008326,-0.059005782,0.12110605,0.11959716,-0.1506205,0.031003403,-0.16999501,-0.14045307,0.10212109,0.038168177,-0.017102852,0.12669367
6.21,-0.177118,-0.0649872,0.11207407,0.12105168,-0.14459784,0.02343116,-0.16805692,-0.13671479,0.10388987,0.03453163,-0.018589294,0.12537102
6.22,-0.17640665,-0.061044816,0.1151417,0.11873925,-0.14574958,0.027083648,-0.17000939,-0.1366134,0.1031677,0.03405042,-0.019079143,0.12467379
6.23,-0.17565204,-0.072080195,0.103415556,0.12376074,-0.1394558,0.015832657,-0.17293017,-0.14063632,0.10142994,0.030207643,-0.022204656,0.12347736
6.24,-0.17065382,-0.06247208,0.10809094,0.11656342,-0.13926509,0.022726601,-0.17436758,-0.14042856,0.10110392,0.024947625,-0.026122537,0.12532182
6.25,-0.17390868,-0.07664839,0.09734404,0.12524325,-0.13562395,0.010389242,-0.17467178,-0.13539183,0.10399262,0.023863468,-0.025511092,0.12326365
6.26,-0.1728533,-0.06922766,0.10374234,0.12089029,-0.1383202,0.017386239,-0.18073115,-0.14411238,0.09702192,0.01699061,-0.02931942,0.11899597
6.27,-0.17120421,-0.07308591,0.09801024,0.12200057,-0.13460447,0.012500376,-0.18162864,-0.1468306,0.0946941,0.011225074,-0.0372822,0.11593325
6.28,-0.17440628,-0.0711316,0.1032018,0.12266808,-0.13883425,0.01606894,-0.18325864,-0.14655857,0.095078774,0.0075690513,-0.038024317,0.11674228
6.29,-0.17435133,-0.07738732,0.09681388,0.1257358,-0.13562573,0.009820046,-0.18189988,-0.14474857,0.09582171,0.0059763067,-0.040358156,0.11507918
6.3,-0.17673318,-0.07391543,0.10288605,0.12523495,-0.13972999,0.014403636,-0.18542899,-0.15307097,0.08892861,-0.00096830644,-0.04416592,0.112241864
6.31,-0.18203703,-0.087728545,0.094410144,0.13503301,-0.13832134,0.0033479899,-0.18655196,-0.15411903,0.087673135,-0.0031624842,-0.04870414,0.109283365
6.32,-0.179159,-0.075818755,0.10342749,0.1275256,-0.1413423,0.013778764,-0.18685207,-0.15532331,0.08684957,-0.004576843,-0.05089722,0.10882399
6.33,-0.17770159,-0.08225796,0.09534969,0.13003576,-0.13660343,0.006533955,-0.18565296,-0.1538582,0.08633434,-0.007443797,-0.052657433,0.10800853
6.34,-0.17825021,-0.0756895,0.10273309,0.12693822,-0.14055166,0.013515223,-0.18657257,-0.15299422,0.08658151,-0.01035032,-0.05552015,0.11098233
6.35,-0.1740725,-0.07923962,0.09495516,0.12652709,-0.13444917,0.007873527,-0.18682525,-0.1524471,0.08643737,-0.0114168525,-0.057621498,0.11285072
6.36,-0.16706026,-0.055733617,0.11144822,0.11136343,-0.13920105,0.027875986,-0.17443772,-0.13896587,0.10022829,0.0008482471,-0.045368142,0.119624205
6.37,-0.15470122,-0.03043867,0.12452689,0.09261086,-0.13967705,0.047108684,-0.14478436,-0.11159291,0.1227824,0.01458254,-0.030156802,0.1334748
6.38,-0.13657981,-0.012516772,0.124065995,0.074513674,-0.13032073,0.055838894,-0.12683322,-0.092906676,0.13595416,0.021645507,-0.023749433,0.13965969
6.39,-0.11612932,-0.00030942293,0.115836844,0.058208436,-0.11593728,0.057816546,-0.1125968,-0.0706369,0.15548697,0.03383652,-0.014676943,0.15264224
6.4,-0.06754307,0.058197778,0.12568186,0.0046308115,-0.096668795,0.09191642,-0.10063066,-0.031964034,0.19228964,0.06813014,0.015894791,0.18766181
6.41,-0.048243366,0.072179504,0.12016743,-0.011957636,-0.084142916,0.09611503,-0.17195085,-0.07439314,0.17274727,0.06893266,0.024395937,0.20193231
6.42,-0.07063919,0.03357763,0.10414411,0.018466176,-0.08734657,0.06893195,-0.22296362,-0.14663008,0.118308306,0.031952348,-0.0050794794,0.17661501
6.43,-0.096657366,-0.01704882,0.07954409,0.056791857,-0.088257976,0.031200612,-0.22240517,-0.15810639,0.09946874,0.008529718,-0.030614974,0.15194204
6.44,-0.14661981,-0.037275266,0.10958276,0.09207142,-0.12813744,0.036166403,-0.2016848,-0.15292677,0.09940111,0.004200907,-0.03385963,0.1424671
6.45,-0.16920768,-0.07931018,0.0898494,0.12424314,-0.12956183,0.0052624005,-0.19355804,-0.15680297,0.08528169,-0.020191232,-0.060823012,0.11746753
6.46,-0.1808487,-0.089092545,0.09179196,0.13502695,-0.13635275,0.0013356768,-0.19755596,-0.17005493,0.07323475,-0.034182094,-0.07207683,0.10704842
6.47,-0.180263,-0.10485086,0.07563659,0.14250073,-0.1279709,-0.014600377,-0.20274419,-0.17593679,0.06655879,-0.042669166,-0.081563145,0.097152084
6.48,-0.18984766,-0.093894124,0.0959269,0.14193924,-0.14292534,0.0010070747,-0.20120272,-0.17955145,0.06894832,-0.0379879,-0.07777936,0.10171836
6.49,-0.17978512,-0.112355605,0.06747752,0.1459395,-0.12369175,-0.0224052,-0.20282614,-0.17773646,0.064309776,-0.045013156,-0.087487124,0.09199322
6.5,-0.24255951,-0.0832985,0.15924421,0.16292533,-0.20085649,0.037928533,-0.17284507,-0.18400675,0.08420607,-0.01204223,-0.05703528,0.11053197
6.51,-0.25919908,-0.118682444,0.14050238,0.18891099,-0.19980831,0.0108726425,-0.37826064,-0.4756166,-0.06728395,-0.05211252,-0.07489185,0.11727636
6.52,-0.11455691,-0.05206627,0.062387224,0.08335967,-0.08855156,0.005246577,-0.54419476,-0.6540003,-0.1614137,-0.06194574,-0.059574172,0.17578131
6.53,0.33455545,0.22067541,-0.11368825,-0.2776896,0.22437555,0.05327484,-0.6830534,-0.61586785,-0.07821574,0.05187593,0.07361922,0.37451223
6.54,0.19806501,0.063233994,-0.13440423,-0.13056941,0.16640186,-0.03585364,-0.63769615,-0.8222726,-0.28319368,-0.1317374,-0.10080733,0.18949613
6.55,-0.3369046,-0.12866408,0.2081546,0.2327534,-0.27260783,0.03977535,-0.49463418,-0.8582379,-0.31304774,-0.16150725,-0.14358209,0.073909424
6.56,-0.37205166,-0.22890109,0.14303865,0.30055422,-0.25746784,-0.043002643,-0.55283076,-0.76144785,-0.30601043,-0.19945239,-0.19340967,0.010188937
6.57,-0.26068246,-0.16277814,0.09781353,0.21175788,-0.17926538,-0.032460425,-0.3355519,-0.3766274,-0.06818883,-0.105825245,-0.12645213,0.05293514
6.58,-0.1961946,-0.11012112,0.085943155,0.1530996,-0.14103425,-0.012063103,-0.22239783,-0.19080143,0.05473577,-0.049444985,-0.07853398,0.094718784
6.59,-0.19490483,-0.113661975,0.08105841,0.15434733,-0.13796477,-0.01626158,-0.20972188,-0.16696836,0.06928867,-0.041067574,-0.07482081,0.09552571
6.6,-0.18730532,-0.10172372,0.08549236,0.14452964,-0.13646393,-0.008102109,-0.20532413,-0.15697894,0.0745664,-0.0369385,-0.0703915,0.10097921
6.61,-0.1852335,-0.10594328,0.07935939,0.14571454,-0.1321774,-0.013158028,-0.20193796,-0.15448749,0.07689565,-0.03886973,-0.069520146,0.10067263
6.62,-0.1837778,-0.09891009,0.084851965,0.14140412,-0.13454518,-0.0069194892,-0.19786224,-0.14683174,0.08224634,-0.03657903,-0.06620951,0.102978006
6.63,-0.18344164,-0.10483929,0.07884683,0.14413176,-0.13112126,-0.01306511,-0.19521397,-0.14584525,0.0827749,-0.036943812,-0.06611791,0.10397684
6.64,-0.17885117,-0.09220245,0.0865687,0.13570388,-0.1327315,-0.002927868,-0.19249292,-0.14272934,0.08684799,-0.030716771,-0.060733948,0.10975827
6.65,-0.1775657,-0.09295947,0.084441036,0.13527863,-0.1310558,-0.0041519986,-0.18989758,-0.13879406,0.09160129,-0.027700491,-0.056612995,0.11243056
6.66,-0.17568633,-0.08269349,0.092896596,0.12918754,-0.13429482,0.0050922674,-0.19131207,-0.13667905,0.09531355,-0.02478142,-0.05015174,0.120383896
6.67,-0.17683135,-0.08514606,0.09160458,0.13104042,-0.13424323,0.0032026523,-0.19173734,-0.13847366,0.09571425,-0.021931417,-0.045995176,0.12483937
6.68,-0.17494217,-0.07409076,0.10094871,0.12454688,-0.13786972,0.013518158,-0.19030774,-0.13952288,0.10055356,-0.016761124,-0.038017612,0.13239524
6.69,-0.17645213,-0.074017115,0.1023925,0.12527356,-0.13938437,0.014049724,-0.1915985,-0.14120965,0.102977484,-0.011232246,-0.03378609,0.14314175
6.7,-0.17540675,-0.059357565,0.115699366,0.11725906,-0.14556533,0.028155802,-0.19373728,-0.14674455,0.10237653,-0.0033085686,-0.023902074,0.15626222
6.71,-0.17335604,-0.053049304,0.1201373,0.113267235,-0.14673738,0.033565067,-0.1971799,-0.15489824,0.1047424,0.0041104746,-0.014930592,0.16286153
6.72,-0.17133708,-0.03100309,0.14027366,0.10107472,-0.15577015,0.054737408,-0.20406322,-0.16751966,0.10410463,0.012250773,-0.0055355527,0.17554364
6.73,-0.168118,-0.019726448,0.14828105,0.09403328,-0.15822937,0.06425554,-0.21120434,-0.18519819,0.102303565,0.022634141,0.007221604,0.1908413
6.74,-0.16298242,0.017829252,0.18110842,0.07258433,-0.17217344,0.09949251,-0.21993528,-0.21215147,0.098074295,0.035924178,0.024259487,0.21137664
6.75,-0.16332105,0.03825901,0.20173933,0.06266549,-0.18263875,0.11998125,-0.22862804,-0.24012132,0.09420571,0.051103957,0.041403033,0.23159406
6.76,-0.16459759,0.0702159,0.23481722,0.04728824,-0.19966382,0.15253663,-0.23791698,-0.2769968,0.085354805,0.063652106,0.059355915,0.25172806
6.77,-0.16447946,0.09494212,0.2594365,0.03480064,-0.21194594,0.17682923,-0.24218601,-0.3088941,0.08130656,0.07703846,0.07527733,0.27282757
6.78,-0.16603465,0.12881303,0.29476857,0.018642796,-0.23037568,0.21115458,-0.2445366,-0.33622324,0.07893856,0.09529961,0.0943079,0.2960026
6.79,-0.17178018,0.13004386,0.30175528,0.02064741,-0.23667476,0.21556763,-0.2432145,-0.36090538,0.070447184,0.09970173,0.100095764,0.3040718
6.8,-0.18422017,0.12283024,0.30713338,0.030743927,-0.2457297,0.21436492,-0.2221183,-0.3589828,0.064139634,0.09186161,0.09078693,0.2911482
6.81,-0.19870934,0.08732991,0.28602263,0.055804834,-0.24234752,0.1862384,-0.18499671,-0.32690156,0.06605571,0.07157356,0.06627681,0.26069692
6.82,-0.21626943,0.054947607,0.2712228,0.080648914,-0.24373397,0.16301802,-0.15384772,-0.28853744,0.07400853,0.049844585,0.042091753,0.23352002
6.83,-0.22475898,0.009098495,0.23390242,0.10779794,-0.22929163,0.12162543,-0.1385672,-0.25104234,0.07895608,0.028389554,0.015239879,0.20426485
6.84,-0.22243658,-0.013392511,0.20914988,0.11787596,-0.2157647,0.09777156,-0.13945778,-0.2235375,0.085268445,0.011862379,-0.0027454314,0.18401305
6.85,-0.21197887,-0.042117838,0.1699625,0.12709728,-0.1909994,0.06403454,-0.14543717,-0.20403291,0.0856903,-0.0028379797,-0.020501621,0.1647544
6.86,-0.19600995,-0.046795856,0.14909379,0.12135318,-0.17250921,0.051186122,-0.15495242,-0.19051164,0.08649442,-0.014840361,-0.032173265,0.15463945
6.87,-0.1873594,-0.06359188,0.12353841,0.12551229,-0.15549389,0.029883618,-0.15656641,-0.17200445,0.094918154,-0.024991991,-0.044570234,0.15111691
6.88,-0.17819448,-0.06530494,0.11282518,0.121757746,-0.14555974,0.02372829,-0.16149986,-0.16045822,0.09478118,-0.034049693,-0.052162707,0.14592984
6.89,-0.17846535,-0.07870129,0.10006533,0.12853223,-0.13913268,0.010675707,-0.16077107,-0.15147948,0.09868616,-0.035934713,-0.05369106,0.1442871
6.9,-0.17537796,-0.07744784,0.097966745,0.1263035,-0.1365274,0.010258108,-0.16074765,-0.15127945,0.09647555,-0.043556966,-0.059466787,0.13951549
6.91,-0.17569783,-0.08623679,0.08921691,0.13088872,-0.1325382,0.0015455406,-0.15700372,-0.14342503,0.09362644,-0.049900636,-0.06526173,0.1349651
6.92,-0.17500044,-0.08280568,0.0921875,0.1289206,-0.1336186,0.004559164,-0.15268457,-0.14027248,0.09529841,-0.052030638,-0.065956056,0.13947396
6.93,-0.17857397,-0.089703925,0.0886989,0.13421147,-0.13366865,-0.0005405806,-0.15044458,-0.13285498,0.10859415,-0.046612788,-0.05996798,0.13903892
6.94,-0.17741323,-0.08431826,0.09305154,0.13084228,-0.13525143,0.0044152765,-0.15199085,-0.1337921,0.095396206,-0.053562917,-0.064770736,0.13162498
6.95,-0.17551486,-0.09525367,0.07992003,0.13527131,-0.1276912,-0.0076127024,-0.1519882,-0.13865186,0.09010243,-0.06257102,-0.07465359,0.13180448
6.96,-0.17755403,-0.0896468,0.0879236,0.13350154,-0.13270478,-0.0008836444,-0.15342337,-0.1386476,0.09503411,-0.06541645,-0.07739905,0.1355413
6.97,-0.1790757,-0.096120104,0.08284078,0.13762224,-0.13099362,-0.00670967,-0.1577568,-0.14141698,0.09477158,-0.06496114,-0.07700553,0.12990011
6.98,-0.17634647,-0.08909444,0.08709826,0.13275875,-0.13175087,-0.0010094383,-0.15911056,-0.143059,0.08941046,-0.067046,-0.076753415,0.12472559
6.99,-0.17420189,-0.10054525,0.07361512,0.13721234,-0.12386874,-0.01354243,-0.15909635,-0.13892165,0.088017106,-0.07394336,-0.08186044,0.12926567
7.0,-0.1778683,-0.09746794,0.08036913,0.13759564,-0.12908658,-0.008556233,-0.16225415,-0.13996987,0.088720225,-0.07389445,-0.081195265,0.12903665
7.01,-0.17841876,-0.101137206,0.077320375,0.1397485,-0.12772419,-0.011915901,-0.16703872,-0.14514802,0.08683379,-0.07312866,-0.0802972,0.12721013
7.02,-0.173228,-0.09153988,0.081526786,0.13233493,-0.12733963,-0.004923438,-0.17347768,-0.14869548,0.08508401,-0.07252644,-0.08092554,0.12515959
7.03,-0.17239521,-0.096099995,0.07623791,0.13423504,-0.12429912,-0.010053142,-0.16951303,-0.14623788,0.082171515,-0.07592374,-0.08419671,0.12393468
7.04,-0.17287485,-0.09518523,0.077546865,0.133964,-0.12521444,-0.008855132,-0.17103824,-0.14671361,0.07850198,-0.077508554,-0.08413734,0.1220725
7.05,-0.17255127,-0.1061286,0.066465765,0.13911168,-0.11954783,-0.019726662,-0.17233175,-0.14643653,0.08152248,-0.07927263,-0.08739556,0.12502323
7.06,-0.17213452,-0.091042005,0.080890015,0.13157466,-0.12650703,-0.0050462014,-0.17578465,-0.15323621,0.07902098,-0.08151536,-0.08759368,0.12327227
7.07,-0.17140986,-0.097013615,0.07442265,0.13415846,-0.12282131,-0.011355408,-0.17507033,-0.1499234,0.07403029,-0.08381829,-0.08817211,0.120692536
7.08,-0.17351164,-0.09335265,0.08011557,0.13332975,-0.12678647,-0.0067334776,-0.17869921,-0.15057512,0.07679088,-0.08631246,-0.08862755,0.12058439
7.09,-0.17133869,-0.097050056,0.07440331,0.13410518,-0.12284261,-0.0113637615,-0.17863965,-0.14928743,0.07759627,-0.085456036,-0.08697597,0.121931545
7.1,-0.16620816,-0.08370727,0.082482286,0.12497804,-0.124257796,-0.0006393018,-0.17819129,-0.15073457,0.070217766,-0.08781273,-0.086365685,0.121427394
7.11,-0.16199256,-0.0729271,0.08926067,0.11743944,-0.12563264,0.008171685,-0.16335423,-0.1379739,0.08180318,-0.07907396,-0.07900124,0.12629656
7.12,-0.14517821,-0.033504028,0.11150177,0.08938092,-0.12826164,0.039121658,-0.13712743,-0.11465465,0.106179625,-0.06089636,-0.061800905,0.144366
7.13,-0.12771595,-0.025232453,0.1025979,0.0765188,-0.115164064,0.038595784,-0.118977174,-0.0928352,0.117694855,-0.05202686,-0.0531839,0.15531452
7.14,-0.1050412,0.007056578,0.11213973,0.049072485,-0.108616196,0.059507105,-0.10937173,-0.076831594,0.13042063,-0.03771447,-0.037931807,0.1623827
7.15,-0.058011796,0.05660395,0.11440247,0.00079280185,-0.0861728,0.08554987,-0.09828391,-0.042882387,0.16961028,-0.002952105,-0.0062434743,0.20005734
7.16,-0.039680004,0.0895351,0.12919413,-0.024993675,-0.08434915,0.10939523,-0.17015569,-0.08736595,0.14781348,0.002217443,0.0044077025,0.22281069
7.17,-0.06648397,0.039773528,0.10610956,0.013394697,-0.08638145,0.07286586,-0.2214531,-0.15512678,0.094978034,-0.030793501,-0.02511396,0.18925084
7.18,-0.09004631,0.0033252747,0.09324161,0.04349615,-0.09167258,0.048246976,-0.22581044,-0.17299071,0.07701708,-0.051880237,-0.049651437,0.16933623
7.19,-0.14506508,-0.03347305,0.11181505,0.08925474,-0.12852538,0.039214868,-0.20693271,-0.16743785,0.07623411,-0.052675396,-0.05229454,0.15706807
7.2,-0.17166652,-0.06290996,0.10892814,0.11730364,-0.14028603,0.022956686,-0.20377238,-0.17478214,0.054250278,-0.07143971,-0.07281808,0.13221586
7.21,-0.18353999,-0.083557576,0.10014967,0.13362975,-0.14189665,0.008251687,-0.20572218,-0.18250445,0.04811166,-0.07950232,-0.0835664,0.11902271
7.22,-0.18665032,-0.08754803,0.099126056,0.13709271,-0.14277214,0.0057273116,-0.2118268,-0.18838194,0.040060077,-0.0899258,-0.091765225,0.11748431
7.23,-0.19170156,-0.08752585,0.104254134,0.13965759,-0.14796722,0.008419181,-0.20625764,-0.1880786,0.045430135,-0.07927889,-0.08466878,0.12291151
7.24,-0.18789934,-0.09722428,0.090597935,0.14268367,-0.1392346,-0.003297219,-0.21728767,-0.19361909,0.03155737,-0.09055376,-0.093643144,0.10846819
7.25,-0.250289,-0.07343496,0.17681746,0.1618241,-0.21352854,0.05156935,-0.18453096,-0.18890333,0.057368282,-0.056807086,-0.059976827,0.1321499
7.26,-0.2715401,-0.082191534,0.18940617,0.17690364,-0.2304776,0.053641044,-0.3718346,-0.4727778,-0.089147106,-0.08794332,-0.07118106,0.14777108
7.27,-0.13127011,-0.03406846,0.09706739,0.08279905,-0.11427865,0.031616338,-0.54698676,-0.6793141,-0.20054641,-0.105608985,-0.064770766,0.19981225
7.28,0.3372626,0.26670125,-0.07029691,-0.3020515,0.20386618,0.098141514,-0.6837123,-0.63098127,-0.11029352,0.015105753,0.072829634,0.40767267
7.29,0.22167218,0.12065676,-0.10085816,-0.17120177,0.16151658,0.009659486,-0.5699934,-0.73125607,-0.2468391,-0.13926142,-0.081399284,0.23030862
7.3,-0.34360334,-0.036134444,0.30730286,0.18992823,-0.32553712,0.1355602,-0.3591715,-0.72314006,-0.2373502,-0.14029296,-0.09920192,0.1291546
7.31,-0.39815366,-0.19731979,0.20088008,0.29777682,-0.2995194,0.0017647804,-0.5040749,-0.74108636,-0.30886796,-0.22110768,-0.18702449,0.034948178
7.32,-0.28117886,-0.14041941,0.1407759,0.21077162,-0.21096726,0.000124246,-0.38350323,-0.44126195,-0.13175938,-0.14989437,-0.13688448,0.0635573
7.33,-0.20549169,-0.09258805,0.112774186,0.1489822,-0.15899877,0.010173305,-0.25572303,-0.23438486,-0.0023872855,-0.0850869,-0.0835196,0.10953843
7.34,-0.19895688,-0.07492911,0.123970784,0.13677968,-0.16134949,0.024525536,-0.23900224,-0.2028492,0.023403732,-0.06792948,-0.07254655,0.11320403
7.35,-0.19436976,-0.075675204,0.11864311,0.13504349,-0.15646774,0.021458643,-0.23144166,-0.1904056,0.030901134,-0.060673766,-0.07001389,0.11761004
7.36,-0.18744782,-0.065773904,0.1216937,0.12666309,-0.15460733,0.027940856,-0.23202918,-0.1899472,0.038027976,-0.056330435,-0.06636205,0.12219395
7.37,-0.18157594,-0.06865,0.11315654,0.12511155,-0.14745441,0.022210227,-0.230358,-0.18302484,0.047193334,-0.05151678,-0.061672155,0.12202088
7.38,-0.1856875,-0.061435837,0.124357164,0.123590015,-0.15511711,0.03153869,-0.22830077,-0.18248978,0.039235838,-0.05136622,-0.059234466,0.12208739
7.39,-0.18600602,-0.07175029,0.114255,0.12881151,-0.15001649,0.021341452,-0.22727084,-0.18051349,0.047768414,-0.046265505,-0.057214424,0.12088937
7.4,-0.17891327,-0.05643727,0.12225975,0.11759783,-0.15061113,0.03290324,-0.22829007,-0.17952923,0.05892219,-0.038577374,-0.04885987,0.12737815
7.41,-0.17948176,-0.057451174,0.12185545,0.11856257,-0.15072928,0.032174878,-0.22168498,-0.17532821,0.061749067,-0.030330477,-0.04244628,0.13402632
7.42,-0.17767684,-0.046381667,0.13120082,0.11205333,-0.15438159,0.042309023,-0.22578533,-0.18446968,0.05228571,-0.0308505,-0.03801177,0.13804817
7.43,-0.17732456,-0.044068772,0.13319221,0.110677145,-0.1553002,0.04457665,-0.2303698,-0.18802866,0.06497474,-0.023908619,-0.029227046,0.14525458
7.44,-0.17332725,-0.025055153,0.14822377,0.09925433,-0.16082896,0.06156132,-0.23193052,-0.19171984,0.06658196,-0.015379446,-0.02119888,0.15017276
7.45,-0.1722637,-0.023521466,0.14851494,0.097936556,-0.16028833,0.062463395,-0.23158321,-0.19175196,0.07097075,-0.010408752,-0.01395895,0.16344759
7.46,-0.1729391,-0.010031261,0.16297978,0.09136045,-0.16781045,0.07653773,-0.23713343,-0.20348948,0.07245697,0.00061681686,-0.0023424951,0.17266881
7.47,-0.16604054,0.0055230255,0.17177373,0.080158725,-0.16887131,0.088657595,-0.24116424,-0.20959449,0.084030844,0.026854565,0.018444564,0.18735361
7.48,-0.16106133,0.03471238,0.19587667,0.063226186,-0.1785009,0.1153242,-0.2497363,-0.22517271,0.08338797,0.04341709,0.03485111,0.20531687
7.49,-0.15738007,0.050798267,0.207994,0.053375058,-0.18268366,0.12938385,-0.25893417,-0.24592155,0.076127484,0.054337777,0.04754185,0.22844867
7.5,-0.15313332,0.087064624,0.24019873,0.032911617,-0.19664714,0.16364238,-0.27010313,-0.27644643,0.07210988,0.07186821,0.069899455,0.25746542
7.51,-0.15323955,0.11160424,0.26483274,0.020819489,-0.2090585,0.18784463,-0.27755895,-0.30599114,0.07088097,0.09389979,0.09500393,0.2719453
7.52,-0.15871434,0.1458392,0.30445316,0.0065167937,-0.2316295,0.2246199,-0.28305796,-0.33990717,0.07222618,0.11719216,0.11867624,0.29501957
7.53,-0.16223668,0.16011906,0.32239527,0.0011066719,-0.24222352,0.24068281,-0.28581303,-0.3683249,0.07784625,0.140096,0.13644366,0.31819722
7.54,-0.1653455,0.18044719,0.3457526,-0.007481104,-0.25552583,0.26252675,-0.28563812,-0.39563897,0.05500816,0.13968994,0.13842551,0.32484755
7.55,-0.1780896,0.15760611,0.3356314,0.010177029,-0.25683168,0.24620819,-0.2726227,-0.39896125,0.040735353,0.12103001,0.12235532,0.30534735
7.56,-0.19397868,0.1320186,0.32612208,0.030954348,-0.2599242,0.22857305,-0.23385723,-0.37233895,0.04247089,0.10173606,0.10034434,0.27273095
7.57,-0.21613932,0.09113812,0.30725706,0.062529825,-0.2615847,0.19858421,-0.19836241,-0.32869735,0.052981004,0.08395616,0.07490647,0.23815554
7.58,-0.22482339,0.06085813,0.2857733,0.08203996,-0.2552729,0.17298794,-0.18193296,-0.29410294,0.05413584,0.060193174,0.04848602,0.20641391
7.59,-0.2261423,0.02127706,0.24751647,0.10245191,-0.23688273,0.13439178,-0.17436916,-0.26217562,0.06303168,0.04324858,0.028115246,0.18326259
7.6,-0.22101338,0.0057501043,0.22677274,0.10757216,-0.22382621,0.116252154,-0.1742093,-0.23938361,0.06963446,0.028624192,0.012274218,0.16693616
7.61,-0.20660858,-0.012980314,0.1936936,0.10978366,-0.20018786,0.090342164,-0.18449524,-0.22615741,0.064795725,0.015365896,-0.0024270017,0.15093094
7.62,-0.19459571,-0.015111368,0.1794124,0.104935,-0.18707296,0.08212837,-0.18988892,-0.21239923,0.07241812,0.010137418,-0.0076882867,0.14724427
7.63,-0.1878418,-0.024579396,0.16318756,0.10616536,-0.17548296,0.06930711,-0.1896056,-0.19999099,0.08661647,0.014294365,-0.008574967,0.14267403
7.64,-0.17999424,-0.019146714,0.160733,0.09949968,-0.17031874,0.07080893,-0.19549772,-0.19455256,0.07985214,0.012829198,-0.0125989765,0.13610367
7.65,-0.17809512,-0.030795434,0.1472748,0.10446821,-0.16261047,0.058225233,-0.19720465,-0.18858092,0.07713866,0.0065492676,-0.018089237,0.13180728
7.66,-0.18079786,-0.031553026,0.14925262,0.106306545,-0.16513984,0.05884808,-0.19511646,-0.18576334,0.083699025,0.007090101,-0.01692055,0.13219357
7.67,-0.18487597,-0.04148143,0.14360872,0.11333404,-0.16431777,0.0509829,-0.19305287,-0.1782376,0.0885492,0.011965152,-0.01695791,0.124222256
7.68,-0.18452846,-0.037015975,0.1476715,0.110744774,-0.16628581,0.055399895,-0.19336969,-0.18170297,0.08683543,0.007100684,-0.023962105,0.1192742
7.69,-0.18309315,-0.047176108,0.13602328,0.115118794,-0.15964556,0.044456128,-0.19566031,-0.17525765,0.092762165,0.007076887,-0.02411244,0.12539718
7.7,-0.1795767,-0.040166244,0.13956553,0.10985885,-0.15952606,0.04971194,-0.19627708,-0.17237842,0.08972167,0.0064715617,-0.024662493,0.12009965
7.71,-0.17791495,-0.04786997,0.12999637,0.11295612,-0.15399295,0.041168272,-0.19393714,-0.17279238,0.09516857,0.009659154,-0.025120368,0.11360719
7.72,-0.17537764,-0.046997305,0.12813208,0.11111828,-0.15179291,0.0406361,-0.1956274,-0.169994,0.09681887,0.010801278,-0.028386153,0.11579144
7.73,-0.17229605,-0.05261001,0.119597636,0.11239355,-0.14584666,0.033476394,-0.19244385,-0.16644485,0.10294405,0.01337334,-0.02866499,0.11560828
7.74,-0.17509477,-0.04822784,0.12674187,0.1117139,-0.15088181,0.03944344,-0.19833854,-0.17171045,0.09799445,0.01065687,-0.02903368,0.115905255
7.75,-0.17295282,-0.056068555,0.11683528,0.11447069,-0.14485103,0.030329335,-0.1949908,-0.1753267,0.094461985,0.0064282552,-0.031763498,0.10963284
7.76,-0.17060837,-0.052136134,0.11839806,0.11132667,-0.14434415,0.033043187,-0.20442341,-0.17128721,0.097053066,0.0038592895,-0.034998655,0.10861042
7.77,-0.16969614,-0.059010316,0.110570095,0.114390686,-0.14014772,0.025762234,-0.19968164,-0.17379424,0.092470534,0.0026604966,-0.040129893,0.111062065
7.78,-0.16594085,-0.053897608,0.11219246,0.10997263,-0.13901813,0.029087503,-0.20419998,-0.17588694,0.09706307,0.0077448487,-0.03825786,0.10740831
7.79,-0.16703106,-0.058907676,0.108224586,0.11306152,-0.13756067,0.02456716,-0.20070697,-0.1699298,0.089631245,0.0046160896,-0.04112993,0.10042037
7.8,-0.1670672,-0.053590726,0.1134104,0.11044479,-0.14025128,0.029917203,-0.20026267,-0.17348371,0.095350526,0.009058652,-0.04194704,0.10652258
7.81,-0.17117083,-0.06418208,0.10689153,0.117698014,-0.138946,0.021332223,-0.20815958,-0.17338675,0.09390171,0.007748355,-0.041294843,0.104382
7.82,-0.17061882,-0.06098717,0.109493196,0.11573271,-0.1399656,0.024155453,-0.20352925,-0.17611057,0.08652037,0.008827943,-0.041050598,0.10634763
7.83,-0.16988252,-0.059818063,0.109976836,0.11486622,-0.13995767,0.025002787,-0.2141383,-0.17794129,0.08595263,0.00847882,-0.04291436,0.10245944
7.84,-0.16770087,-0.057568356,0.110012926,0.11273188,-0.1388919,0.02624112,-0.20866726,-0.1819722,0.0853033,0.010739531,-0.04216378,0.09781931
7.85,-0.16019903,-0.05888884,0.10146964,0.10955262,-0.13085675,0.021250354,-0.20130388,-0.17254905,0.09469023,0.008898105,-0.044204712,0.10279382
7.86,-0.15531832,-0.034315724,0.120959476,0.09476814,-0.13802855,0.043315284,-0.1787688,-0.15260322,0.11064374,0.021978337,-0.02895771,0.10841916
7.87,-0.13284016,-0.01488863,0.11780002,0.07398933,-0.12535378,0.051433206,-0.14887509,-0.12178781,0.14150442,0.041693345,-0.015511636,0.1239716
7.88,-0.121336184,-0.006816921,0.1145664,0.06411043,-0.117956385,0.053885914,-0.14025776,-0.11022742,0.13581711,0.04387572,-0.013905031,0.12085063
7.89,-0.08653086,0.036228724,0.12283215,0.025111262,-0.10478112,0.07951467,-0.12044726,-0.07673137,0.17057082,0.07028405,0.010141619,0.14414929
7.9,-0.049453128,0.08218815,0.1314412,-0.016309414,-0.090379864,0.10670389,-0.15014082,-0.06813201,0.19739972,0.099760786,0.038402546,0.18121772
7.91,-0.060917735,0.06643932,0.12722142,-0.0028012632,-0.09405043,0.096802846,-0.22952056,-0.14308502,0.15685926,0.083746076,0.029391019,0.1736702
7.92,-0.0839581,0.018103667,0.10211283,0.032910585,-0.09310818,0.060176685,-0.23945178,-0.18096521,0.116936155,0.050442226,-0.0036890693,0.13854405
7.93,-0.117815696,-0.02009302,0.097668864,0.06900882,-0.10767082,0.038811438,-0.23039523,-0.17906001,0.11443016,0.042473283,-0.017941697,0.12339021
7.94,-0.14984328,-0.0408924,0.10899533,0.09542935,-0.12944293,0.03401853,-0.21384764,-0.17114496,0.103489585,0.029134655,-0.03305651,0.11201976
7.95,-0.17081146,-0.08386862,0.086950324,0.1273778,-0.12890922,0.001533277,-0.21817908,-0.18104626,0.08074661,0.008889764,-0.056013435,0.08090613
7.96,-0.17747529,-0.088607974,0.08884382,0.1331039,-0.13321456,0.00013010662,-0.22910425,-0.19825116,0.0714867,0.0062375343,-0.05940309,0.07275794
7.97,-0.18077351,-0.10526565,0.075608745,0.14308542,-0.12821251,-0.014860101,-0.22120978,-0.19265963,0.072990224,-0.0010757718,-0.06718948,0.061871488
7.98,-0.18224089,-0.100886315,0.0812262,0.14158854,-0.13179418,-0.009854406,-0.23537257,-0.20091087,0.07780044,0.0074775037,-0.0606507,0.06867428
7.99,-0.2003466,-0.11535954,0.085085355,0.15783533,-0.14261492,-0.015075191,-0.20186481,-0.17792755,0.07289754,-0.006217281,-0.077086896,0.048911266
8.0,-0.2570086,-0.067658484,0.18940575,0.16243578,-0.22324876,0.06094969,-0.2585353,-0.2975218,0.060524266,0.041610595,-0.02375199,0.10966155
8.01,-0.21438043,-0.123922795,0.090635575,0.16908638,-0.15262708,-0.01655078,-0.4973661,-0.6499764,-0.16998763,-0.05009249,-0.08770062,0.087358475
8.02,0.09708155,0.15488647,0.057802863,-0.12592073,0.019581275,0.10634931,-0.62667483,-0.6373714,-0.06921328,0.10857305,0.08697423,0.30914426
8.03,0.39194196,0.25319362,-0.13844217,-0.32254437,0.2653871,0.057113986,-0.6659591,-0.634624,-0.073097564,0.093222216,0.074901976,0.34251168
8.04,-0.12007767,0.04048949,0.16063674,0.039818622,-0.14033988,0.100463755,-0.34317124,-0.6496159,-0.1414146,-0.027765062,-0.06302225,0.11045461
8.05,-0.40784243,-0.1271044,0.2806685,0.26740113,-0.34427026,0.07684847,-0.3738721,-0.70500034,-0.20669712,-0.08648325,-0.13441256,-0.024988959
8.06,-0.3103494,-0.21412468,0.09618736,0.26219746,-0.20319015,-0.059045702,-0.49516037,-0.6568178,-0.25261033,-0.14870255,-0.20443189,-0.096709244
8.07,-0.21513484,-0.14596297,0.069316134,0.1805251,-0.14223482,-0.03829321,-0.32035074,-0.31904474,-0.0124366665,-0.019598009,-0.10213783,0.0077052414
8.08,-0.17208776,-0.13043459,0.041464224,0.15122768,-0.106836945,-0.044391457,-0.25216675,-0.2255482,0.039417673,-0.003980253,-0.094651245,0.03539231
8.09,-0.17897217,-0.116066836,0.062986426,0.14753789,-0.12091367,-0.026564868,-0.23951824,-0.18535776,0.066731535,0.013348902,-0.07783713,0.054303728
8.1,-0.17457038,-0.11900675,0.055508204,0.14680867,-0.11501897,-0.03175623,-0.23951785,-0.18828444,0.06385974,0.013521557,-0.07990706,0.039860506
8.11,-0.17497149,-0.11893971,0.05593296,0.14702623,-0.11536417,-0.031609956,-0.23346177,-0.17694354,0.07895556,0.027701175,-0.07183566,0.0448446
8.12,-0.17191157,-0.111107625,0.06088716,0.14142664,-0.11625957,-0.025094327,-0.2329162,-0.17372903,0.07675911,0.025796462,-0.076192796,0.04451714
8.13,-0.16561005,-0.11274508,0.052920092,0.13912642,-0.10926192,-0.029863417,-0.2328064,-0.17403573,0.07612447,0.025678646,-0.07661332,0.04308265
8.14,-0.17432803,-0.0995639,0.07474738,0.13685565,-0.12442546,-0.012488152,-0.2300105,-0.17070697,0.091628365,0.042151917,-0.06460293,0.046439458
8.15,-0.15998112,-0.09434258,0.065566406,0.1271798,-0.11276571,-0.014387047,-0.23551641,-0.1795833,0.09472317,0.05000062,-0.05938703,0.04610887
8.16,-0.16436334,-0.08061665,0.08372821,0.12247479,-0.12405531,0.0016122574,-0.23320995,-0.17537886,0.0956191,0.057924077,-0.05185847,0.051378004
8.17,-0.16750702,-0.085344374,0.08206262,0.12642786,-0.1247958,-0.0015916522,-0.24248967,-0.18393363,0.093935035,0.0567714,-0.052827843,0.047862437
8.18,-0.13769937,-0.048627738,0.08906845,0.093189225,-0.11338478,0.020165026,-0.24302417,-0.1879406,0.10795023,0.06764489,-0.04309163,0.05302373
8.19,-0.14502472,-0.0409198,0.10422827,0.092921995,-0.12465416,0.03167091,-0.24468178,-0.18677752,0.11135859,0.081918016,-0.029883113,0.059290454
8.2,-0.14854728,-0.04035083,0.10821403,0.094495684,-0.1284994,0.03394293,-0.250382,-0.19352405,0.10175961,0.08203527,-0.022879276,0.07673332
8.21,-0.14343329,-0.039030354,0.10439439,0.09126626,-0.123986125,0.03276127,-0.25472772,-0.20378165,0.09619366,0.07854988,-0.022522671,0.09600678
8.22,-0.14460121,-0.019275857,0.12553445,0.08202655,-0.13510309,0.05324402,-0.26106113,-0.21990095,0.10032585,0.096524574,-0.0041668303,0.09911988
8.23,-0.14229597,0.002856817,0.14524958,0.069704026,-0.14381315,0.0739511,-0.2682242,-0.2363173,0.103942625,0.118094,0.019301573,0.1336798
8.24,-0.13639508,0.041764125,0.17820619,0.04725292,-0.15731461,0.10995363,-0.27891326,-0.2670145,0.09741804,0.13401705,0.03898135,0.15644673
8.25,-0.13347623,0.06651304,0.19999026,0.033501573,-0.16672121,0.1332483,-0.2923125,-0.3024368,0.09460465,0.15528977,0.059525244,0.17476262
8.26,-0.1400626,0.10317635,0.24327911,0.018504899,-0.19157062,0.17291173,-0.29864737,-0.3412506,0.084931314,0.17260246,0.08050067,0.20109658
8.27,-0.14385696,0.12563547,0.2695584,0.009253031,-0.20675777,0.19696349,-0.29997942,-0.37261808,0.083948106,0.19512434,0.10280125,0.22192265
8.28,-0.14911625,0.14613912,0.29518068,0.001540991,-0.22201605,0.22004592,-0.30277705,-0.40919167,0.07046584,0.2041871,0.1124843,0.23911071
8.29,-0.16001973,0.13203353,0.29208344,0.013874222,-0.22605889,0.21151395,-0.29204875,-0.4231216,0.067268305,0.2037155,0.108118266,0.23400576
8.3,-0.17576346,0.10970064,0.2853961,0.033052262,-0.23072983,0.19717586,-0.26156333,-0.40961766,0.05307764,0.1843852,0.088883005,0.20397064
8.31,-0.19171512,0.07115091,0.26304227,0.060253255,-0.22739907,0.16703784,-0.21461995,-0.3616616,0.056882836,0.15941675,0.058578677,0.1652457
8.32,-0.20750526,0.03674439,0.24418315,0.08544367,-0.22581924,0.14045398,-0.18474884,-0.3162991,0.06277229,0.13758573,0.026492301,0.13154176
8.33,-0.21061376,0.0032454785,0.21377687,0.103743285,-0.21211879,0.10845662,-0.16941278,-0.27574688,0.071583465,0.120603085,0.0035208634,0.104037486
8.34,-0.20364693,-0.015150141,0.18850742,0.10943592,-0.1959812,0.08664952,-0.1703924,-0.25001755,0.076937065,0.10666972,-0.013963878,0.084015965
8.35,-0.19175886,-0.037903916,0.15387341,0.114788346,-0.17288134,0.058094177,-0.17893848,-0.22900495,0.08335321,0.098959,-0.02554361,0.06772832
8.36,-0.18208914,-0.041314684,0.14094526,0.11169115,-0.16143602,0.04988764,-0.18427572,-0.21213666,0.08573737,0.08991378,-0.035926443,0.06042952
8.37,-0.17579494,-0.056653596,0.11899908,0.11619591,-0.14740834,0.03117413,-0.18848139,-0.1974346,0.094554245,0.08636391,-0.042344708,0.053392254
8.38,-0.16948031,-0.058110163,0.11138247,0.11387349,-0.1405264,0.026676826,-0.19275361,-0.1875807,0.09343316,0.07856647,-0.0492552,0.04758258
8.39,-0.1650329,-0.06524173,0.09967636,0.11516425,-0.13240643,0.017249132,-0.19020697,-0.1763338,0.0945225,0.07548898,-0.052621067,0.048046164
8.4,-0.16115661,-0.059588328,0.10159013,0.11044351,-0.13149008,0.020896688,-0.18858711,-0.16929321,0.099681206,0.07877355,-0.049923275,0.045303162
8.41,-0.16192907,-0.06876366,0.09316683,0.11531291,-0.12762201,0.012226695,-0.18749498,-0.16642974,0.1026091,0.07869122,-0.05058292,0.045939714
8.42,-0.16098991,-0.05806281,0.102893546,0.109621555,-0.13204768,0.022401867,-0.18723705,-0.16107826,0.11200597,0.08632576,-0.046295118,0.046460245
8.43,-0.15758277,-0.057585213,0.09994933,0.107516274,-0.12865865,0.021201737,-0.18852685,-0.15926589,0.10833861,0.08662918,-0.046755593,0.043312874
8.44,-0.15737684,-0.06112912,0.09610812,0.10925404,-0.12678531,0.017598316,-0.18938711,-0.15916695,0.10412638,0.081888236,-0.052437425,0.041507456
8.45,-0.15659082,-0.06621629,0.09015106,0.11142953,-0.12328806,0.011852292,-0.18746701,-0.15593861,0.11447667,0.080639966,-0.05427153,0.046951823
8.46,-0.15365759,-0.059464607,0.09398139,0.106402375,-0.12371352,0.01719097,-0.19051749,-0.15836082,0.11034211,0.07601073,-0.058261022,0.04259115
8.47,-0.15653995,-0.06449417,0.09212163,0.110564694,-0.12434769,0.013692964,-0.19018003,-0.15838741,0.105266884,0.07700973,-0.058329623,0.03766609
8.48,-0.15559454,-0.060347434,0.095029004,0.107902505,-0.12536469,0.01730478,-0.19177052,-0.160298,0.10436078,0.075466484,-0.05804841,0.037280444
8.49,-0.15487033,-0.06211545,0.092692405,0.10851703,-0.123841144,0.015291595,-0.18936273,-0.15638398,0.11193508,0.08216505,-0.05382321,0.04120242
8.5,-0.1496833,-0.051761866,0.09781606,0.10059664,-0.12367691,0.023079414,-0.1893128,-0.15870829,0.11236839,0.08696059,-0.04992616,0.04132877
8.51,-0.14932631,-0.0589466,0.09031761,0.10413049,-0.11974665,0.015605159,-0.19408613,-0.1632544,0.10982667,0.08192459,-0.053591657,0.03904766
8.52,-0.14924751,-0.051269162,0.097941145,0.100221746,-0.12359837,0.023400234,-0.19396113,-0.16085605,0.11300714,0.08002658,-0.05516918,0.04285687
8.53,-0.14986195,-0.055579986,0.094294004,0.10272527,-0.12200325,0.019369433,-0.19221613,-0.1609479,0.10800485,0.0813875,-0.054615006,0.04084934
8.54,-0.1489726,-0.049776807,0.0991222,0.09943485,-0.124112196,0.024690103,-0.19110435,-0.15930505,0.1108183,0.08490407,-0.0530683,0.03865903
8.55,-0.14484985,-0.052737333,0.092158474,0.09885575,-0.11853252,0.019794289,-0.19029863,-0.1608297,0.1122389,0.0886916,-0.050602306,0.04202174
8.56,-0.14833231,-0.049597148,0.098808646,0.09893262,-0.123629265,0.024655797,-0.19460426,-0.16328971,0.11322345,0.09132659,-0.049224883,0.04637111
8.57,-0.14542033,-0.056293856,0.089205526,0.10078019,-0.11721643,0.01645453,-0.19131184,-0.16017506,0.11596437,0.09141288,-0.052640703,0.043816976
8.58,-0.14837283,-0.053350914,0.09489319,0.10082087,-0.121585645,0.020738527,-0.18957731,-0.1573714,0.11622392,0.09005511,-0.051793363,0.04415109
8.59,-0.14562084,-0.052968938,0.09264444,0.09933046,-0.11907775,0.019766022,-0.18858163,-0.15502512,0.11545334,0.0897154,-0.050610732,0.04262403
8.6,-0.13699521,-0.03214003,0.105093054,0.084674634,-0.12100704,0.036495805,-0.17543617,-0.142022,0.12740566,0.09761077,-0.042903807,0.048538387
8.61,-0.12126369,-0.008283602,0.11299076,0.0648909,-0.11709162,0.05236584,-0.1404032,-0.1074934,0.15615831,0.11772853,-0.02416667,0.07224907
8.62,-0.1012513,0.007982811,0.10928172,0.046653833,-0.1052414,0.058606185,-0.118095875,-0.0793546,0.18147968,0.12845412,-0.013778931,0.07145754
8.63,-0.08166198,0.019142639,0.1007131,0.03132092,-0.091095775,0.059911974,-0.10557642,-0.06440242,0.18891822,0.13652053,-0.005719773,0.081119865
8.64,-0.03627729,0.07220514,0.10834886,-0.01790028,-0.07220884,0.090140805,-0.08763649,-0.019078726,0.23904091,0.17480893,0.030276615,0.12583031
8.65,-0.02363669,0.08855433,0.11206732,-0.032462135,-0.06780683,0.10033019,-0.16250604,-0.06750439,0.22091569,0.18020713,0.040144607,0.13879073
8.66,-0.04604655,0.054293923,0.10029999,-0.0042506633,-0.07318184,0.07744761,-0.21284354,-0.13668753,0.1698372,0.14733537,0.015295206,0.11488066
8.67,-0.071009606,0.0071206293,0.078003004,0.03205825,-0.074469216,0.04242283,-0.20785438,-0.1435674,0.15139377,0.12683226,-0.0070294635,0.08874972
8.68,-0.12231651,-0.014968974,0.10724719,0.06864373,-0.11474875,0.046118002,-0.19089371,-0.13977265,0.1495117,0.12128442,-0.011881698,0.07721427
8.69,-0.14169107,-0.056281365,0.08537767,0.099180624,-0.113542914,0.014561969,-0.18237878,-0.13670072,0.13939139,0.10067514,-0.03298103,0.054066654
8.7,-0.15015623,-0.069691494,0.08027251,0.11000079,-0.11517589,0.005367878,-0.19052716,-0.15469056,0.12170626,0.08389009,-0.047869075,0.04293562
8.71,-0.15364736,-0.08610938,0.06742088,0.1197752,-0.11056619,-0.009305842,-0.19347115,-0.16240034,0.11350243,0.07726983,-0.0558093,0.03340343
8.72,-0.16000524,-0.07062483,0.08938416,0.1152674,-0.12460853,0.009410565,-0.18806006,-0.15562615,0.12473591,0.08748564,-0.047327165,0.04089122
8.73,-0.15297848,-0.08832208,0.06466399,0.12061456,-0.108761705,-0.01175439,-0.19065979,-0.15681149,0.11299105,0.07134346,-0.06223824,0.029740367
8.74,-0.21690068,-0.059511587,0.15741606,0.13821489,-0.18715613,0.04888114,-0.16421837,-0.17077437,0.1279304,0.101603255,-0.030055394,0.0527386
8.75,-0.22304833,-0.08390359,0.13910644,0.15343983,-0.18105392,0.02759104,-0.37008244,-0.47922683,-0.03004338,0.061975252,-0.04502581,0.06536595
8.76,-0.07286643,-0.0051184716,0.06758908,0.038984735,-0.07033527,0.031338103,-0.5337333,-0.6472741,-0.111176886,0.06943223,-0.012764131,0.14219436
8.77,0.35701296,0.2785686,-0.07811005,-0.31789052,0.21771932,0.10011191,-0.6536394,-0.58644634,-0.0022801722,0.20540099,0.13835935,0.36099985
8.78,0.1967712,0.14019606,-0.05626035,-0.16849932,0.12671171,0.04172841,-0.5279006,-0.7307928,-0.16560465,0.034174882,-0.024179587,0.17397375
8.79,-0.32470828,-0.063885845,0.2607011,0.194306,-0.2925888,0.09844957,-0.38951057,-0.78269213,-0.22031659,-0.021995127,-0.09441415,0.03325554
8.8,-0.34734157,-0.20346062,0.14403117,0.2753115,-0.24575765,-0.02969448,-0.50606143,-0.74640656,-0.27050337,-0.09894692,-0.17944394,-0.058138385
8.81,-0.22662723,-0.1363175,0.09018846,0.1814652,-0.1584597,-0.022954788,-0.32280195,-0.36760482,-0.030433122,0.0051413924,-0.102641866,-0.0021310134
8.82,-0.16464005,-0.091495775,0.07318396,0.12813437,-0.11887859,-0.0091789905,-0.21876547,-0.18044035,0.09137324,0.06382819,-0.052783556,0.03953352
8.83,-0.16228062,-0.09131357,0.07120703,0.12677564,-0.11685917,-0.0101409145,-0.20520872,-0.1545842,0.111854024,0.075779624,-0.045765743,0.04791431
8.84,-0.15589204,-0.08144919,0.07422438,0.1186277,-0.11503025,-0.003629175,-0.20197774,-0.14646393,0.11483587,0.07747721,-0.045584746,0.04950612
8.85,-0.15370014,-0.083870284,0.06964206,0.11868301,-0.11155937,-0.007150779,-0.19809541,-0.14348242,0.11836553,0.07849879,-0.04627268,0.052791294
8.86,-0.15387313,-0.0819834,0.07171094,0.118001215,-0.11281042,-0.0050811428,-0.19456032,-0.14298515,0.11896806,0.07748245,-0.046736743,0.05576985
8.87,-0.14707068,-0.080227636,0.066768296,0.11372646,-0.10700766,-0.0066418806,-0.19145827,-0.13828416,0.123497,0.08447314,-0.04269389,0.057092015
8.88,-0.15019394,-0.077871785,0.07222881,0.11405902,-0.11134397,-0.0026832998,-0.19179167,-0.13685343,0.120602615,0.085504405,-0.0400469,0.060832366
8.89,-0.15180749,-0.07975539,0.0718798,0.11583066,-0.11191969,-0.0039057345,-0.19052754,-0.1344838,0.12525658,0.08834968,-0.03529261,0.06522035
8.9,-0.1527589,-0.073425174,0.07941923,0.112971514,-0.11602814,0.0031335982,-0.19053409,-0.13383594,0.13128844,0.093789004,-0.03041537,0.07227594
8.91,-0.14884996,-0.06725507,0.081527516,0.10813877,-0.11519898,0.007151808,-0.19067869,-0.13491654,0.13311714,0.09942957,-0.026792461,0.07938026
8.92,-0.1492648,-0.05921865,0.09004107,0.10432098,-0.11972811,0.015328678,-0.18952361,-0.13597739,0.12864251,0.0984517,-0.021081626,0.08936065
8.93,-0.14787671,-0.053682454,0.09404157,0.100798555,-0.120880686,0.020162988,-0.19007583,-0.1396791,0.13324599,0.09924631,-0.012923599,0.09528848
8.94,-0.14230934,-0.032967664,0.10938795,0.087700374,-0.12594467,0.03819382,-0.1952612,-0.14330214,0.13589983,0.10279964,-0.007859498,0.10442468
8.95,-0.14541233,-0.0287618,0.11675699,0.087131836,-0.13116452,0.043969087,-0.19589466,-0.15045689,0.1367849,0.11322049,0.0046592415,0.1205533
8.96,-0.1397653,-0.0074185412,0.13247143,0.07368164,-0.13614522,0.06259104,-0.20330252,-0.16336222,0.13673042,0.12185553,0.018703735,0.13250984
8.97,-0.14475393,0.0053392784,0.15008761,0.06969543,-0.1475241,0.07763233,-0.21199967,-0.18370347,0.13513246,0.13533188,0.031586014,0.14854072
8.98,-0.14503866,0.036278818,0.18132257,0.054436877,-0.1632448,0.10876533,-0.22007068,-0.20775975,0.13395405,0.15517816,0.052248806,0.1703167
8.99,-0.14048068,0.06319147,0.20371103,0.0388237,-0.17218798,0.13350038,-0.22969586,-0.24070151,0.12357543,0.170151,0.0699687,0.1900499
9.0,-0.1437372,0.093773775,0.237591,0.025023261,-0.19080786,0.16563286,-0.23909073,-0.28007075,0.11576846,0.18356422,0.091671064,0.21368527
9.01,-0.15118471,0.11847132,0.26972806,0.016326554,-0.21040277,0.19360906,-0.24071795,-0.31281498,0.11042098,0.20109093,0.11401788,0.23621617
9.02,-0.1537252,0.14455688,0.29798234,0.0044912794,-0.22582297,0.22080879,-0.24471496,-0.3473265,0.10035365,0.21454346,0.13047446,0.25500214
9.03,-0.15897115,0.15326026,0.31233415,0.0028856166,-0.23565945,0.2322373,-0.24424928,-0.37344587,0.086221136,0.21577556,0.13494223,0.26127914
9.04,-0.17637873,0.13918746,0.31572518,0.01854731,-0.24606523,0.22701345,-0.22332767,-0.37171587,0.07999223,0.20271684,0.121871226,0.24246937
9.05,-0.18960012,0.10458633,0.2941521,0.042575512,-0.24190122,0.19878042,-0.18575667,-0.3395024,0.081802554,0.18060751,0.09732105,0.21107753
9.06,-0.20658678,0.072323374,0.2790131,0.06702234,-0.24278194,0.17546995,-0.1528664,-0.29768637,0.08936696,0.15919627,0.0716053,0.18180496
9.07,-0.21437342,0.034156304,0.24858315,0.08998055,-0.23137093,0.14146698,-0.1396607,-0.25980887,0.09582708,0.13833709,0.045049496,0.15048665
9.08,-0.20931128,0.0060336944,0.21547739,0.10158951,-0.21248911,0.11077957,-0.14059095,-0.23200417,0.099914156,0.11820025,0.022591505,0.1272435
9.09,-0.20112112,-0.015685344,0.18539436,0.10838026,-0.19330674,0.08485315,-0.146161,-0.21002509,0.1049027,0.1109179,0.01125237,0.11234914
9.1,-0.18925206,-0.021780107,0.16743767,0.105602495,-0.17838183,0.072747536,-0.15361208,-0.18945542,0.10823427,0.101347476,0.0023519124,0.10360723
9.11,-0.174908,-0.02931112,0.14556436,0.10214503,-0.16019054,0.058132086,-0.15902092,-0.17251557,0.11515747,0.092310056,-0.005891744,0.09902749
9.12,-0.16762781,-0.03362983,0.13395625,0.10064342,-0.15084921,0.050239526,-0.16411911,-0.16002756,0.11725122,0.087199435,-0.008050794,0.096629664
9.13,-0.16362704,-0.038167346,0.12552594,0.10096275,-0.14474379,0.043685365,-0.16369827,-0.15030433,0.12193059,0.087416425,-0.011254526,0.09237859
9.14,-0.16451694,-0.040722992,0.1238299,0.10266175,-0.1442969,0.041509993,-0.1627869,-0.1403756,0.12683444,0.08347483,-0.014333827,0.08804213
9.15,-0.16025689,-0.043048806,0.11742226,0.101599,-0.13888323,0.037247,-0.1567699,-0.12936433,0.13153817,0.08552233,-0.013815576,0.08993246
9.16,-0.16334186,-0.03943119,0.12412328,0.101358816,-0.14374386,0.04231573,-0.1562174,-0.1309347,0.12975825,0.08124568,-0.014455917,0.087294206
9.17,-0.16168435,-0.042120136,0.11978161,0.10200094,-0.14081642,0.03885816,-0.15238668,-0.12746921,0.1337458,0.08555892,-0.014940269,0.08567397
9.18,-0.16305989,-0.04085459,0.12240642,0.10194528,-0.14272404,0.040851235,-0.1501349,-0.12630744,0.13553017,0.08235648,-0.015868971,0.08489451
9.19,-0.15883419,-0.038598884,0.120227955,0.09884787,-0.13957155,0.040736347,-0.1507265,-0.125626,0.1370033,0.082687415,-0.013468646,0.08788172
9.2,-0.15848203,-0.03622689,0.12241688,0.09732965,-0.14040467,0.043032635,-0.1502714,-0.12608919,0.13674311,0.08109997,-0.015311684,0.08561753
9.21,-0.16054393,-0.04262917,0.11807725,0.10156588,-0.13948874,0.037802767,-0.14750132,-0.12423382,0.13538195,0.075232,-0.01875115,0.083268225
9.22,-0.16022432,-0.04269652,0.11771344,0.101462096,-0.13895828,0.03745631,-0.15047732,-0.12861492,0.12733495,0.06891521,-0.022908615,0.085598335
9.23,-0.1593968,-0.044841014,0.11477073,0.1020891,-0.13713396,0.034990184,-0.1503939,-0.1265663,0.13102049,0.0690569,-0.021742923,0.08633582
9.24,-0.15897934,-0.043982584,0.115177535,0.10159244,-0.13711436,0.035542533,-0.15673813,-0.13315858,0.12530242,0.06547439,-0.02509544,0.07951143
9.25,-0.15410163,-0.04587734,0.108191915,0.09996514,-0.1310862,0.031240927,-0.1567211,-0.13158189,0.12639235,0.06838299,-0.025262546,0.07972989
9.26,-0.15490453,-0.04482871,0.10998177,0.09977586,-0.13241771,0.032518383,-0.15723328,-0.13167842,0.12757096,0.06896672,-0.024434408,0.08181122
9.27,-0.15696876,-0.04748417,0.10948492,0.10210276,-0.1331547,0.031082999,-0.15851562,-0.13414435,0.12682055,0.0718834,-0.02061412,0.07920235
9.28,-0.15440668,-0.04869046,0.10567394,0.101457216,-0.13003066,0.028549582,-0.1576949,-0.13281319,0.12912077,0.072847374,-0.017492423,0.08555656
9.29,-0.15159577,-0.044732798,0.10661137,0.09810294,-0.12909538,0.031006327,-0.15974504,-0.13454427,0.12509072,0.07065767,-0.01868845,0.081115454
9.3,-0.15015243,-0.047261495,0.102756545,0.0986688,-0.12640505,0.027678752,-0.15922156,-0.13238558,0.124661535,0.071485475,-0.01704216,0.082742825
9.31,-0.153672,-0.04879476,0.10462675,0.10108625,-0.12910871,0.02794647,-0.16012508,-0.13329247,0.12395898,0.06706106,-0.01779229,0.08418744
9.32,-0.1555633,-0.0487652,0.10675792,0.10213886,-0.13105723,0.028928734,-0.16131969,-0.13537683,0.12173176,0.06440102,-0.018988509,0.08099168
9.33,-0.15188938,-0.05005402,0.10173278,0.10089541,-0.1267942,0.025886036,-0.1606036,-0.13335344,0.12373472,0.069778465,-0.01624967,0.08366507
9.34,-0.15208276,-0.04907592,0.10283318,0.1004248,-0.1274179,0.027024174,-0.16010226,-0.13405243,0.12369765,0.06851896,-0.016421746,0.08161057
9.35,-0.14374398,-0.0397216,0.10421208,0.09173771,-0.124032766,0.032200683,-0.15308708,-0.13083324,0.12983708,0.07581684,-0.0107660135,0.08704603
9.36,-0.1318357,-0.009895375,0.12195955,0.07092156,-0.1270003,0.056047656,-0.1253292,-0.10613433,0.15261488,0.09591411,0.005092657,0.100179814
9.37,-0.11465444,0.0040345676,0.11856083,0.05542554,-0.11661184,0.0613575,-0.09276837,-0.072904214,0.1799598,0.11212426,0.021026539,0.11281647
9.38,-0.09440782,0.016091222,0.11039962,0.03925134,-0.10239667,0.063210264,-0.08698645,-0.058474854,0.19231129,0.122795865,0.027837321,0.12082046
9.39,-0.04982834,0.06869596,0.11860471,-0.009522387,-0.08410513,0.093643375,-0.06447958,-0.019824099,0.22694765,0.15633072,0.0549625,0.1490149
9.4,-0.021256236,0.105002716,0.12618428,-0.041929644,-0.07366281,0.11570563,-0.11940863,-0.038049906,0.22794452,0.166877,0.07099176,0.17053206
9.41,-0.038165547,0.07866427,0.116858825,-0.020186651,-0.077548824,0.09783222,-0.18831874,-0.115241975,0.1768807,0.13836357,0.04706464,0.15923242
9.42,-0.06296336,0.024752349,0.08761965,0.019038137,-0.07520242,0.056140553,-0.1969731,-0.13854228,0.14774862,0.104600094,0.016064053,0.1278753
9.43,-0.10769214,0.0010425191,0.10868337,0.053348657,-0.10822745,0.054870073,-0.1842315,-0.1341154,0.14359273,0.097713456,0.0076869656,0.11689451
9.44,-0.1433159,-0.031499032,0.11172379,0.08740626,-0.12747286,0.040170584,-0.17342527,-0.13527657,0.13500556,0.08135262,-0.009897573,0.09687703
9.45,-0.15833332,-0.058158815,0.09996868,0.10835544,-0.12932543,0.020894075,-0.17618348,-0.1468688,0.12010206,0.0653136,-0.026315335,0.0747845
9.46,-0.16064183,-0.06712102,0.0936228,0.11393613,-0.12714306,0.013278075,-0.18241593,-0.15608853,0.10966002,0.059481602,-0.032336455,0.06737666
9.47,-0.16596097,-0.072246335,0.09378363,0.1191772,-0.12986127,0.010875329,-0.17293419,-0.14445585,0.11601792,0.06347962,-0.033103883,0.06739899
9.48,-0.15481316,-0.07274317,0.0821844,0.11384124,-0.11860901,0.0046674744,-0.18569389,-0.1531059,0.10946895,0.058617413,-0.038291942,0.06841779
9.49,-0.19900493,-0.074158035,0.12494291,0.1366017,-0.16200213,0.025451511,-0.14433216,-0.137367,0.121975,0.066379264,-0.031220745,0.06143393
9.5,-0.24074967,-0.061705798,0.17894854,0.1512877,-0.20976503,0.058592346,-0.2767771,-0.342711,0.04435072,0.07433661,-0.007601872,0.09838998
9.51,-0.16715582,-0.094458036,0.07270958,0.13075812,-0.11995466,-0.0108341435,-0.4839122,-0.6263678,-0.1331249,0.0055566123,-0.051459216,0.099010125
9.52,0.23073688,0.20401044,-0.026561134,-0.21733837,0.1287047,0.088669956,-0.60485107,-0.56267786,-0.012828543,0.15942638,0.116463326,0.3312712
9.53,0.3575204,0.18299088,-0.17403796,-0.2702802,0.2659624,0.0040998277,-0.646645,-0.7195918,-0.15475807,0.04065889,0.014683788,0.25170758
9.54,-0.18719146,-0.031313878,0.15582803,0.109220825,-0.1715562,0.062229164,-0.4468695,-0.80899733,-0.24457127,-0.0489163,-0.08398765,0.07570352
9.55,-0.37651205,-0.18166392,0.19485363,0.27904445,-0.28563905,0.006627319,-0.52327496,-0.79306674,-0.27879155,-0.09365123,-0.13887876,0.0014519136
9.56,-0.26947007,-0.17504558,0.094444975,0.22211987,-0.18180579,-0.04030185,-0.38111964,-0.47216424,-0.10869469,-0.053300362,-0.12088948,0.0007487662
9.57,-0.1850094,-0.09799245,0.08698846,0.14152285,-0.13614011,-0.005471242,-0.20364529,-0.1884326,0.08307315,0.040432088,-0.047256734,0.058756646
9.58,-0.17203918,-0.09380194,0.07813346,0.13296688,-0.12511966,-0.007888749,-0.18435903,-0.15419984,0.09928186,0.043039314,-0.046963617,0.062163822
9.59,-0.1701458,-0.08778331,0.082161605,0.12895322,-0.12614082,-0.0027919365,-0.17409039,-0.1355614,0.11358647,0.048632946,-0.03995358,0.06821516
9.6,-0.17134684,-0.092608474,0.07861462,0.13189109,-0.12502229,-0.006967199,-0.17539243,-0.13766167,0.11024582,0.04495551,-0.043850034,0.06274453
9.61,-0.1694117,-0.089082584,0.08019164,0.12928009,-0.12473964,-0.0044773286,-0.16812244,-0.12625778,0.1172731,0.048606433,-0.04159143,0.07038748
9.62,-0.17003742,-0.090296954,0.07969722,0.1300919,-0.12485057,-0.0053230375,-0.16608745,-0.12484461,0.11812005,0.04991551,-0.041750766,0.07246526
9.63,-0.16465807,-0.08268027,0.08209687,0.123602994,-0.12336713,-0.0003892396,-0.16106072,-0.117595,0.1263231,0.055351436,-0.038176898,0.07631209
9.64,-0.16367802,-0.08158866,0.08210683,0.1226899,-0.123010635,0.0002486356,-0.16340284,-0.120858185,0.122211196,0.05204345,-0.03936514,0.07886083
9.65,-0.16221508,-0.07970753,0.08255619,0.12100155,-0.122357555,0.0013639757,-0.16028042,-0.119537,0.12659219,0.056532133,-0.03200817,0.084888734
9.66,-0.16278706,-0.070727825,0.092280865,0.11675244,-0.12764856,0.010981001,-0.15630786,-0.11529589,0.13494577,0.06338395,-0.02440159,0.091421224
9.67,-0.1577426,-0.062099967,0.095682666,0.10988073,-0.1266928,0.016771274,-0.15577626,-0.11786691,0.13697307,0.06840523,-0.018489165,0.09746249
9.68,-0.15424557,-0.049094368,0.10494322,0.101626754,-0.12954006,0.027958047,-0.15647197,-0.11714414,0.14076924,0.072999276,-0.011487181,0.10986241
9.69,-0.1507944,-0.041129414,0.1096064,0.09579248,-0.13015525,0.034212302,-0.15634376,-0.12081548,0.14503647,0.08478648,-0.0026980492,0.12138207
9.7,-0.1508657,-0.023569325,0.12706707,0.087359965,-0.13890012,0.05158718,-0.16066743,-0.1292883,0.1467219,0.0932996,0.0062823878,0.12496715
9.71,-0.14612259,-0.013747088,0.13229354,0.07996232,-0.13922381,0.05920608,-0.1637913,-0.13731498,0.14678124,0.103428684,0.018983316,0.14449605
9.72,-0.15122487,-0.002198977,0.14907698,0.07666066,-0.15009625,0.073432304,-0.16914752,-0.1528149,0.14409791,0.11026448,0.029832134,0.15908785
9.73,-0.14321427,0.025900641,0.16908044,0.058641702,-0.15612516,0.09749959,-0.17589003,-0.17179617,0.14050609,0.12429682,0.04576067,0.18115482
9.74,-0.14252889,0.05277829,0.19542713,0.044849824,-0.16895297,0.124168165,-0.18418676,-0.20319742,0.13323772,0.13902608,0.065119945,0.20536357
9.75,-0.14785159,0.07856628,0.22643259,0.034629647,-0.18706414,0.15243566,-0.19274317,-0.23583625,0.12581536,0.1574017,0.083592616,0.22936377
9.76,-0.14657807,0.108492374,0.25508285,0.019143827,-0.20082195,0.18134452,-0.19935946,-0.2665168,0.12000997,0.17393681,0.1038867,0.2523682
9.77,-0.14917047,0.13642533,0.285532,0.0063177417,-0.21726517,0.2105529,-0.2018117,-0.2956595,0.11560352,0.18861413,0.12322363,0.27630258
9.78,-0.15632877,0.14790484,0.30421507,0.004162286,-0.23024403,0.22559148,-0.20478415,-0.32887387,0.09988523,0.19054185,0.1286555,0.28780743
9.79,-0.16593397,0.14148602,0.30758524,0.012232036,-0.23673438,0.22396097,-0.19082986,-0.3340603,0.09294185,0.18475972,0.12344739,0.2784019
9.8,-0.18166178,0.11534787,0.29676825,0.03312634,-0.23913155,0.20555246,-0.15941758,-0.3134217,0.08981893,0.16356136,0.1004619,0.2524244
9.81,-0.19941288,0.07388361,0.27329797,0.06279428,-0.23628671,0.17341593,-0.12299834,-0.27088147,0.097580194,0.14342508,0.076621,0.22156142
9.82,-0.21024989,0.03850566,0.24897648,0.08580975,-0.22963929,0.14366972,-0.10636214,-0.23766288,0.1011669,0.11966955,0.048607554,0.19097921
9.83,-0.2069975,0.0124337785,0.21947828,0.09737017,-0.21321681,0.11582125,-0.102330215,-0.20806669,0.106826685,0.10256858,0.025932984,0.16323985
9.84,-0.19839041,-0.0042803036,0.1941098,0.10141082,-0.196115,0.09489303,-0.10825524,-0.1842546,0.11009305,0.085837506,0.005288361,0.14003594
9.85,-0.18796755,-0.021722864,0.16610721,0.10492747,-0.17700596,0.07208043,-0.1189265,-0.17472239,0.10652853,0.06898384,-0.01119295,0.12657714
9.86,-0.18151277,-0.032151613,0.14934395,0.10693145,-0.16548854,0.05864909,-0.1245766,-0.15907079,0.1110277,0.061555777,-0.022969976,0.11684652
9.87,-0.17052507,-0.037246473,0.13325717,0.1038944,-0.15187266,0.047948252,-0.12690711,-0.14521532,0.115595646,0.054832175,-0.03140177,0.11348946
9.88,-0.16922773,-0.043473236,0.12583436,0.10632112,-0.14755261,0.04111314,-0.12866808,-0.13773017,0.11469958,0.046209175,-0.036321696,0.10762726
9.89,-0.16445912,-0.04501966,0.11954354,0.10480769,-0.14197749,0.037293088,-0.12445126,-0.12745301,0.120135374,0.04790144,-0.03510944,0.10842706
9.9,-0.16327396,-0.043204345,0.12019861,0.10327182,-0.14183599,0.038515106,-0.12584211,-0.11981752,0.123735525,0.04766853,-0.037133727,0.10777422
9.91,-0.15947558,-0.0431689,0.11647813,0.10132411,-0.13791011,0.03653348,-0.121819794,-0.11232287,0.12800358,0.050591107,-0.04001449,0.10493568
9.92,-0.15853661,-0.0418745,0.11699872,0.100203864,-0.13777204,0.037508313,-0.117193066,-0.108455405,0.12785561,0.048713297,-0.0397972,0.10313161
9.93,-0.15992157,-0.04811928,0.11198123,0.10412903,-0.13595615,0.03182166,-0.1135588,-0.10120229,0.13322519,0.05107208,-0.036848586,0.10576884
9.94,-0.15974344,-0.04630987,0.113646574,0.10301387,-0.13673155,0.03373819,-0.11144282,-0.09714158,0.13196357,0.048310198,-0.03893261,0.10327385
9.95,-0.13818406,-0.026416654,0.11166163,0.08222827,-0.12485858,0.042689208,-0.1057685,-0.09563176,0.14000136,0.052513823,-0.034576315,0.10854018
9.96,-0.15639405,-0.048399538,0.10793856,0.10233224,-0.13215564,0.02989523,-0.10868215,-0.09607708,0.13302687,0.045397002,-0.039741196,0.1003979
9.97,-0.16982178,-0.06635065,0.10341622,0.118148446,-0.13668855,0.018580457,-0.11598435,-0.1025815,0.13563523,0.040524628,-0.0453446,0.100544535
9.98,-0.14938128,-0.052245792,0.09691332,0.10076834,-0.12313611,0.022397082,-0.10831737,-0.09436772,0.12501062,0.036071345,-0.042047117,0.096659444
9.99,-0.1708241,-0.062268913,0.10840338,0.1164182,-0.1395188,0.02311154,-0.12240879,-0.1068253,0.14184514,0.04069906,-0.048599374,0.11015824
