time,I,II,III,aVR,aVL,aVF,V1,V2,V3,V4,V5,V6
0.0,-0.3479318,-0.012747638,0.335117,0.18012346,-0.3415657,0.16098352,0.049690846,0.09453574,0.04831403,-0.041031186,-0.10397305,0.06302105
0.01,-0.34760046,0.012821363,0.360482,0.16707256,-0.35402948,0.18643582,0.07093489,0.11125238,0.064030506,-0.027992478,-0.09466696,0.070468165
0.02,-0.3320455,0.05891908,0.39090642,0.13630043,-0.36151338,0.22465335,0.07771866,0.12178536,0.079322465,-0.0077320035,-0.07613964,0.083143935
0.03,-0.33851296,0.08661319,0.42514208,0.12561753,-0.3818566,0.25568476,0.06312934,0.10653313,0.07320745,-0.011335278,-0.07940947,0.088063814
0.04,-0.32543918,0.11253092,0.43803063,0.106253,-0.38176817,0.27495274,0.023524173,0.08003856,0.05583929,-0.018680152,-0.072416745,0.09833941
0.05,-0.3093471,0.118847325,0.42824548,0.09506774,-0.36885723,0.27328148,0.014688193,0.06860611,0.050394394,-0.017961195,-0.06573478,0.10901503
0.06,-0.30251342,0.12759134,0.430268,0.08726628,-0.36639482,0.27872428,0.001977305,0.060437355,0.040230565,-0.023904439,-0.065934956,0.11313379
0.07,-0.2806734,0.088282794,0.36891308,0.09592499,-0.32478178,0.22842035,-0.01337507,0.056172036,0.029392853,-0.028866502,-0.064550005,0.12006161
0.08,-0.34293795,0.032314062,0.37523502,0.15501933,-0.35904986,0.20354764,0.015907068,0.059447713,0.019560734,-0.049502157,-0.0973567,0.08407636
0.09,-0.35019836,-0.010757104,0.33948186,0.18024169,-0.34487268,0.16402495,0.022828752,0.06629573,0.020891532,-0.05426786,-0.108836815,0.06756817
0.1,-0.35785758,-0.04473308,0.31306118,0.20105813,-0.33543548,0.13397324,0.02006877,0.061425544,0.01122667,-0.063520774,-0.11762346,0.058689248
0.11,-0.36135158,-0.058628943,0.30266064,0.20968954,-0.33199623,0.12171597,0.018571137,0.06018367,0.0076087713,-0.07078902,-0.12332565,0.05420503
0.12,-0.36665806,-0.062491447,0.30429187,0.214284,-0.33541164,0.12070973,0.025682697,0.06653808,0.014591928,-0.06867886,-0.12608653,0.050653562
0.13,-0.37289086,-0.07861611,0.29432857,0.2255297,-0.33368042,0.10754832,0.03258476,0.06711517,0.0134478435,-0.07000172,-0.12896669,0.04577447
0.14,-0.36561343,-0.06760691,0.2979294,0.21642758,-0.33182523,0.11496451,0.03409103,0.07380911,0.01753922,-0.06548989,-0.12555583,0.051503897
0.15,-0.37939838,-0.09031715,0.2890144,0.23456098,-0.3341749,0.09908859,0.054298986,0.08210316,0.017634999,-0.071127675,-0.13644,0.03797683
0.16,-0.41096288,-0.06027069,0.3505954,0.2354465,-0.38079244,0.1448504,0.13755378,0.17258804,0.10237693,-0.018307157,-0.14645244,0.013704808
0.17,-0.2714664,-0.0022265976,0.26916012,0.13661583,-0.27032265,0.13331942,0.33065158,0.54959923,0.5868085,0.5140347,0.24700403,0.2350508
0.18,0.12662281,0.13810514,0.011523912,-0.13257058,0.05751995,0.07446827,0.07374959,0.47842178,0.8339931,1.0515845,0.87841874,0.6836731
0.19,-0.18452632,0.19732818,0.38172504,-0.0066103144,-0.28313464,0.28928995,-0.98758864,-1.1836971,-0.8390456,-0.42907718,0.024311766,0.3532123
0.2,-0.39280972,-0.062357135,0.330466,0.22728437,-0.3615837,0.1337952,-1.3111503,-1.724162,-1.5810952,-1.1522802,-0.43165296,0.14516407
0.21,-0.2536048,-0.095162965,0.15858737,0.17402247,-0.20604393,0.031409357,-0.54579175,-0.57398266,-0.5687033,-0.4231582,-0.12769178,0.22680645
0.22,-0.32598752,-0.10014965,0.22576062,0.21279587,-0.2758213,0.062493794,-0.1514401,-0.12798408,-0.18624797,-0.2059151,-0.15585326,0.09551674
0.23,-0.331378,-0.0640827,0.2673879,0.19740912,-0.2994751,0.10143253,0.00918606,0.083563335,0.025412165,-0.03825834,-0.09492039,0.08745795
0.24,-0.34322816,-0.08762587,0.2555073,0.21502225,-0.29927796,0.08373157,0.04595743,0.113257594,0.043210324,-0.042022288,-0.11458834,0.06518538
0.25,-0.3466896,-0.084215745,0.26257008,0.21512026,-0.30448386,0.08888922,0.08114149,0.15481918,0.08609835,-0.008062826,-0.10156099,0.06633263
0.26,-0.34353027,-0.09047749,0.25311607,0.21673307,-0.29827222,0.081078716,0.09138204,0.17051888,0.0912322,-0.0040909867,-0.10336042,0.06023097
0.27,-0.34100273,-0.083363496,0.25756255,0.21192896,-0.29920644,0.0869118,0.10094307,0.18669063,0.116290905,0.010250739,-0.095346056,0.06444728
0.28,-0.34067133,-0.08087417,0.25987956,0.2105762,-0.30030668,0.089299895,0.10795736,0.19742194,0.12849107,0.013908139,-0.09240039,0.064012505
0.29,-0.3415328,-0.07781239,0.26370853,0.20938978,-0.30254382,0.09262176,0.10915476,0.2132442,0.14000684,0.027440373,-0.08975217,0.06411059
0.3,-0.33319056,-0.06989802,0.2631553,0.2012965,-0.29813302,0.096503556,0.11258441,0.22659346,0.15375546,0.035502296,-0.08440119,0.07467061
0.31,-0.3371009,-0.0662448,0.27082565,0.20142572,-0.30393255,0.102146134,0.11959293,0.23996253,0.1666059,0.045550525,-0.07728291,0.07694006
0.32,-0.33525053,-0.063637346,0.27157125,0.1992371,-0.30346653,0.10376974,0.12450335,0.25631878,0.18351924,0.059818912,-0.06994184,0.08171926
0.33,-0.32053894,-0.052179642,0.2684602,0.18607178,-0.29452452,0.107898295,0.13077857,0.270237,0.19994307,0.06947261,-0.06306306,0.08624141
0.34,-0.31767344,-0.043242417,0.2744574,0.18027125,-0.29614002,0.115276195,0.14231361,0.28696993,0.21396846,0.07739393,-0.058878906,0.089131884
0.35,-0.30856088,-0.039396588,0.26913315,0.17380457,-0.28888634,0.11464166,0.15121938,0.306665,0.23454526,0.09062922,-0.04934747,0.095868945
0.36,-0.30199698,-0.030017953,0.27212602,0.16574226,-0.28700238,0.12079966,0.16317755,0.33169428,0.25761247,0.10938663,-0.037503302,0.10381327
0.37,-0.2955511,-0.015662178,0.2799427,0.15536538,-0.2876993,0.13189076,0.17613348,0.3568623,0.27841282,0.12869985,-0.028257253,0.10986984
0.38,-0.28883937,-0.008870595,0.28011498,0.1485234,-0.28447062,0.13537195,0.18584552,0.37741184,0.2899026,0.1405787,-0.02292041,0.11377498
0.39,-0.2787141,0.008097491,0.28670937,0.1350154,-0.2828017,0.14706583,0.1847828,0.39163944,0.30425546,0.15544888,-0.011885007,0.12343764
0.4,-0.27131444,0.025772713,0.29712364,0.122613505,-0.2842847,0.16115262,0.18506396,0.40309915,0.3174756,0.17041306,0.00053039094,0.13267413
0.41,-0.2696717,0.04216844,0.31167996,0.113430984,-0.2906653,0.17670666,0.17789848,0.40137273,0.32048294,0.17386907,0.007947889,0.14710538
0.42,-0.25967222,0.0577847,0.31727603,0.10057218,-0.28845397,0.1872518,0.1624444,0.38936728,0.31575274,0.1747796,0.01627129,0.15661506
0.43,-0.25252065,0.073839806,0.32653388,0.08911876,-0.2896219,0.19989792,0.14664848,0.3769521,0.31297758,0.17647725,0.025848744,0.16708794
0.44,-0.24402909,0.08965513,0.33365873,0.076951995,-0.2889622,0.21139811,0.124500394,0.35517368,0.30513844,0.17811278,0.035865072,0.17892528
0.45,-0.24539095,0.08576932,0.33112296,0.079467684,-0.2881377,0.20826189,0.097013965,0.31500602,0.27491203,0.16617937,0.03605259,0.18154848
0.46,-0.25518984,0.072212666,0.3273316,0.09122587,-0.2912684,0.19959816,0.07244515,0.2669859,0.23194852,0.13764043,0.025155783,0.17502208
0.47,-0.27663237,0.051350813,0.328001,0.11238488,-0.30227876,0.18939088,0.060155388,0.22102107,0.18434596,0.09999946,0.00030975684,0.15672141
0.48,-0.29188898,0.0319654,0.32394785,0.1296768,-0.3078751,0.17771465,0.05404466,0.17827168,0.14112444,0.06435022,-0.026799366,0.13708726
0.49,-0.30944148,0.012524306,0.3219006,0.14821681,-0.31560427,0.1668799,0.04267371,0.14839718,0.103083335,0.034908693,-0.048674814,0.121206194
0.5,-0.3298731,-0.007488663,0.32231355,0.16845137,-0.32611233,0.15711603,0.037102435,0.12519719,0.07592398,0.010976836,-0.06862552,0.106098354
0.51,-0.3283372,-0.008996534,0.31923538,0.168444,-0.32381555,0.15493909,0.038478263,0.114031956,0.06027413,-0.006432697,-0.08202733,0.10004229
0.52,-0.33931258,-0.017139543,0.32207868,0.1780587,-0.33075362,0.15227778,0.03243159,0.1076559,0.05157849,-0.015599177,-0.08827587,0.091236666
0.53,-0.34433058,-0.022753926,0.32162637,0.18339421,-0.33291236,0.14912207,0.030717123,0.10407293,0.05008963,-0.019423982,-0.09480167,0.09175504
0.54,-0.34328234,-0.02361419,0.31962463,0.18318985,-0.3314103,0.14776927,0.033743855,0.10347747,0.047100518,-0.021251127,-0.096023194,0.090476274
0.55,-0.34767523,-0.02558413,0.32202342,0.18638429,-0.3348198,0.14798477,0.030757645,0.10701741,0.04817175,-0.017243115,-0.09703911,0.08885932
0.56,-0.35290733,-0.03027909,0.3227321,0.19128317,-0.3377243,0.14593917,0.032824177,0.11011781,0.049936444,-0.015572535,-0.09941285,0.08772597
0.57,-0.34548074,-0.027700871,0.31773973,0.18645258,-0.33164757,0.14476544,0.039655454,0.111850746,0.05161102,-0.0139232315,-0.09815602,0.08745114
0.58,-0.3526638,-0.0280961,0.32454914,0.19005924,-0.33851808,0.14792302,0.040959474,0.11696315,0.054251138,-0.012334827,-0.097123094,0.08989486
0.59,-0.35621816,-0.030382674,0.325822,0.1929944,-0.34109467,0.14750509,0.04245891,0.11742176,0.05663171,-0.0126273865,-0.096301176,0.08717413
0.6,-0.34948826,-0.02584313,0.32358631,0.18745796,-0.33656183,0.14855948,0.047704745,0.11585772,0.058322176,-0.012549876,-0.098101094,0.08230685
0.61,-0.3490863,-0.028279431,0.32095903,0.188348,-0.33500624,0.14611456,0.0493482,0.11522031,0.06041924,-0.014386887,-0.09971039,0.088811636
0.62,-0.34671658,-0.025743809,0.32103702,0.18600099,-0.33388224,0.14730684,0.046266444,0.1124301,0.059618853,-0.014885592,-0.09640912,0.091082476
0.63,-0.34650406,-0.023216704,0.3232589,0.18459891,-0.334856,0.14976154,0.045107327,0.1078065,0.0533892,-0.020709885,-0.10245852,0.08586108
0.64,-0.3430667,-0.02262427,0.32053566,0.18259326,-0.331651,0.14874169,0.046239093,0.104348004,0.04626425,-0.020651119,-0.10427722,0.08325609
0.65,-0.3426346,-0.0212923,0.3212895,0.18183966,-0.33199695,0.14973617,0.04632485,0.09949116,0.041639626,-0.02474373,-0.10611369,0.08385708
0.66,-0.3439384,-0.021666918,0.3222873,0.18245791,-0.3331221,0.1500904,0.043847784,0.09831047,0.03901939,-0.0236594,-0.10284571,0.08734488
0.67,-0.34165236,-0.023906143,0.31775543,0.18248601,-0.32967892,0.14667895,0.043823414,0.09079823,0.03299349,-0.029356662,-0.10690291,0.08644118
0.68,-0.3475455,-0.027720625,0.31998175,0.1873537,-0.33374974,0.1459271,0.039683726,0.086070694,0.027895765,-0.03227135,-0.1101479,0.08421051
0.69,-0.34620178,-0.012751669,0.33355302,0.17923269,-0.3398604,0.16017552,0.049130343,0.09412101,0.037691332,-0.023772582,-0.1040562,0.08755581
0.7,-0.33842638,0.022470254,0.36091465,0.15778312,-0.3497117,0.1914242,0.072303854,0.11624229,0.05852843,-0.0067592137,-0.089078,0.09988488
0.71,-0.32588518,0.06837727,0.3941635,0.12835065,-0.3600385,0.23106295,0.06569725,0.113438465,0.06394722,0.0026963938,-0.07795787,0.10547772
0.72,-0.33054236,0.09562362,0.4260279,0.11717428,-0.3782968,0.2605516,0.036547195,0.09098326,0.051292136,-0.0075364606,-0.0849961,0.10845883
0.73,-0.31173912,0.11372118,0.42550945,0.09873627,-0.36860737,0.2693373,-0.0029650347,0.07178126,0.041163612,-0.005403762,-0.06885925,0.12702218
0.74,-0.30882707,0.11980368,0.42853776,0.09430096,-0.36878136,0.2739268,-0.0027473015,0.06411588,0.035588227,-0.00579929,-0.068692304,0.13049017
0.75,-0.29126713,0.10770177,0.39886627,0.09149693,-0.34498754,0.2529974,-0.04009165,0.044399023,0.013431809,-0.018980864,-0.06906555,0.13629164
0.76,-0.29967648,0.058974423,0.35870185,0.11996882,-0.3291144,0.2084844,-0.021443104,0.055360198,0.016957706,-0.020517811,-0.074306846,0.13031417
0.77,-0.35427222,0.008822366,0.36310855,0.17260294,-0.35871392,0.18572982,0.016110651,0.05744753,0.011609997,-0.03995001,-0.10529761,0.09695343
0.78,-0.3542351,-0.0370824,0.31714705,0.1954429,-0.33568096,0.13968386,0.017000584,0.061864957,0.011959694,-0.042116255,-0.10903939,0.08860382
0.79,-0.3616222,-0.054210704,0.30741504,0.20765541,-0.33459625,0.12623087,0.01630536,0.052936044,-0.0017113239,-0.058207132,-0.12709951,0.075764686
0.8,-0.3670961,-0.06965892,0.2973943,0.21812023,-0.33226246,0.113655396,0.020458136,0.05384697,-0.0037124592,-0.05868515,-0.12823597,0.073235564
0.81,-0.37186784,-0.070277646,0.30149618,0.22080697,-0.33672586,0.11546237,0.027052164,0.060968332,-0.00065351656,-0.061449796,-0.13340639,0.064553164
0.82,-0.37628233,-0.080769375,0.2955733,0.22828886,-0.33583075,0.1071246,0.02639843,0.06068171,0.0036396962,-0.05623388,-0.13021234,0.06856644
0.83,-0.3847062,-0.07108681,0.3136461,0.2275326,-0.34906733,0.120997526,0.03621108,0.06837767,0.006704951,-0.0600942,-0.13707246,0.06515279
0.84,-0.39543223,-0.10133161,0.294044,0.24812667,-0.3447022,0.09607644,0.06374816,0.0848769,0.02060436,-0.055110037,-0.14636807,0.048105773
0.85,-0.40984115,-0.028629092,0.381139,0.21904945,-0.3954277,0.17603119,0.20577063,0.2836973,0.2279275,0.10610655,-0.08463657,0.062727734
0.86,-0.0969262,0.012340556,0.109306686,0.041981753,-0.10311179,0.060611382,0.32349798,0.66305226,0.8311975,0.8806464,0.5837986,0.46419257
0.87,0.10219537,0.21116824,0.10891856,-0.15694247,-0.0033901744,0.15984443,-0.31939262,-0.06522791,0.35849792,0.6918214,0.70919913,0.66901064
0.88,-0.3336847,0.09253267,0.42626342,0.12039533,-0.38002947,0.25908455,-1.3357695,-1.7361114,-1.4614505,-0.9906311,-0.33174318,0.21369721
0.89,-0.32057005,-0.10536566,0.21525532,0.21270357,-0.26796347,0.05459115,-1.0537975,-1.3093523,-1.2141194,-0.85782176,-0.2871627,0.2270639
0.9,-0.28051528,-0.11253019,0.16804817,0.19628362,-0.2241834,0.027459143,-0.33099663,-0.31835198,-0.34968695,-0.2879609,-0.13431047,0.19080482
0.91,-0.342438,-0.09400121,0.24850298,0.21801528,-0.295574,0.076970875,-0.08295637,-0.050500162,-0.099868596,-0.12593754,-0.13724828,0.10203002
0.92,-0.33939725,-0.07712792,0.26232502,0.20804164,-0.30083126,0.092309356,0.03298653,0.10875518,0.048382886,-0.01739788,-0.10043026,0.0996276
0.93,-0.3584882,-0.10137302,0.2570726,0.2296671,-0.3078576,0.07753994,0.0470889,0.11665559,0.04914131,-0.022502458,-0.11236359,0.08069198
0.94,-0.3580057,-0.0978188,0.2602879,0.22761804,-0.30917627,0.08103044,0.080513634,0.16206054,0.09064607,0.007510432,-0.10462067,0.07735905
0.95,-0.35775647,-0.09485224,0.26297307,0.22611941,-0.3105136,0.08382672,0.085151315,0.1645576,0.092283905,0.0060777925,-0.10786543,0.07918277
0.96,-0.3514442,-0.08805615,0.26346216,0.21955395,-0.30744314,0.08735225,0.102031484,0.18903244,0.11871795,0.025446983,-0.09444558,0.08310785
0.97,-0.3484144,-0.08585918,0.26258406,0.21690032,-0.3056093,0.088099115,0.108960345,0.19876805,0.12704258,0.03216249,-0.094538294,0.080695406
0.98,-0.34432402,-0.08061794,0.26363966,0.21234699,-0.30408663,0.09119418,0.12265659,0.21499474,0.14416319,0.04511818,-0.08637959,0.08665863
0.99,-0.33697796,-0.077395655,0.25962782,0.20698492,-0.29828745,0.090816244,0.12313972,0.22523461,0.15497383,0.051448524,-0.08251218,0.08790734
1.0,-0.33708316,-0.07448654,0.2625181,0.20552397,-0.29982248,0.093665786,0.12843032,0.23798452,0.17258246,0.060525127,-0.07691207,0.0907345
1.01,-0.32761845,-0.061925855,0.26560882,0.19455111,-0.29661885,0.10162167,0.13617785,0.2556555,0.19239026,0.076274045,-0.06742154,0.0998163
1.02,-0.32163665,-0.052102696,0.26961035,0.18664852,-0.2955629,0.10860477,0.14388885,0.27217457,0.2110902,0.090631485,-0.060134754,0.10553103
1.03,-0.31677952,-0.04089487,0.27577457,0.1785828,-0.29627815,0.11732915,0.15722461,0.29029244,0.22552676,0.10412391,-0.05067361,0.11166662
1.04,-0.3067687,-0.034416188,0.27237487,0.17030638,-0.28957272,0.11879799,0.16304757,0.31153476,0.24118695,0.11803639,-0.041336574,0.11228565
1.05,-0.29810262,-0.024733411,0.273251,0.16106717,-0.2857315,0.12419707,0.17575292,0.33379114,0.26047146,0.13400272,-0.032610748,0.12246334
1.06,-0.2924825,-0.008207599,0.28429946,0.15011778,-0.28841686,0.13786636,0.19025078,0.35946754,0.27934334,0.15082757,-0.018469159,0.13300225
1.07,-0.28327134,0.004202635,0.28761876,0.1392771,-0.28545558,0.14563121,0.19470558,0.37922153,0.2953387,0.16891558,-0.0085766865,0.14018402
1.08,-0.28183025,0.012791042,0.29455563,0.13434467,-0.28823152,0.15342104,0.19648413,0.38978562,0.30703,0.18177196,0.0002074623,0.15017416
1.09,-0.27450284,0.02895409,0.30339807,0.12249584,-0.28894857,0.16596644,0.19583686,0.39625603,0.3150049,0.1928144,0.009543304,0.15602076
1.1,-0.2662212,0.045958057,0.31211045,0.10981569,-0.2891387,0.1787918,0.18515824,0.39394417,0.31798208,0.19722761,0.020401463,0.167142
1.11,-0.26475003,0.056625653,0.32154354,0.10375966,-0.2931081,0.1889412,0.16834347,0.37936696,0.31451464,0.19366679,0.026606018,0.17304432
1.12,-0.2527115,0.076691,0.32949737,0.087807015,-0.29110074,0.20277758,0.1472132,0.36382565,0.3102381,0.19589722,0.036299694,0.18462543
1.13,-0.24452543,0.0865903,0.3310165,0.0787515,-0.28780594,0.20857978,0.12353546,0.3341132,0.29135934,0.19234297,0.04463997,0.19467622
1.14,-0.25279278,0.07236034,0.32515758,0.089941666,-0.2888857,0.19856586,0.10024755,0.2915147,0.25617224,0.17354734,0.041582156,0.19249494
1.15,-0.269241,0.051192015,0.32040265,0.10875173,-0.29479352,0.18555573,0.08375754,0.24217293,0.20751813,0.13560508,0.02075008,0.18462604
1.16,-0.28972018,0.029587183,0.31927818,0.12977384,-0.30448914,0.17416717,0.06689177,0.19382387,0.1575366,0.094718084,-0.0065685613,0.16372947
1.17,-0.30685666,0.017562987,0.32432532,0.14436954,-0.31554013,0.1706083,0.05962983,0.16003759,0.11757167,0.061995547,-0.034014218,0.14434454
1.18,-0.32541907,0.00021247922,0.32566902,0.16241813,-0.32554334,0.16264796,0.05825521,0.13109046,0.08432322,0.034611706,-0.056378312,0.12764479
1.19,-0.32924587,-0.0062118224,0.32292396,0.16748619,-0.3260418,0.15802433,0.049512483,0.112994164,0.06273825,0.014627707,-0.07152033,0.11513577
1.2,-0.33687794,-0.012897659,0.32386553,0.17457911,-0.33035958,0.15517947,0.04736646,0.10494588,0.050403655,0.0029951131,-0.07948045,0.108345866
1.21,-0.34576485,-0.023812978,0.32193637,0.18446335,-0.33395848,0.14887722,0.048221767,0.09832152,0.04573911,-0.0074420725,-0.087081686,0.10389862
1.22,-0.35156438,-0.022377366,0.3292439,0.18674745,-0.34045246,0.15320037,0.05094746,0.09698785,0.04337508,-0.012166165,-0.090360835,0.101476006
1.23,-0.34823847,-0.020035114,0.32819653,0.18394266,-0.33821023,0.15391639,0.05519481,0.09776746,0.045753863,-0.012544066,-0.091057636,0.098412305
1.24,-0.34785825,-0.019479651,0.3283486,0.1834532,-0.33814666,0.15406637,0.06209709,0.10198042,0.048726264,-0.008439169,-0.094356,0.10024119
1.25,-0.3493627,-0.017538024,0.33176482,0.18315688,-0.34053168,0.15680736,0.062122893,0.10287638,0.048701193,-0.008286518,-0.09312955,0.09150498
1.26,-0.35300276,-0.016086236,0.33686256,0.18414943,-0.3449058,0.16017054,0.06265303,0.1043761,0.052798197,-0.007268291,-0.09588556,0.08281332
1.27,-0.3496253,-0.016671363,0.33292866,0.18280327,-0.3411797,0.15792857,0.06063628,0.106960475,0.05676813,-0.0051099733,-0.09369228,0.084859245
1.28,-0.35184965,-0.020085873,0.33169198,0.18583341,-0.34180436,0.15553424,0.061828755,0.10660934,0.061110638,-0.0037109654,-0.0941326,0.08188632
1.29,-0.36044002,-0.023357928,0.33710197,0.19170175,-0.348881,0.15667371,0.06677613,0.107325286,0.062823154,-0.0022877993,-0.09510386,0.079968266
1.3,-0.35858315,-0.021232005,0.3373097,0.1896456,-0.34795383,0.15774423,0.06943001,0.107737854,0.061109975,-0.0036192234,-0.0962996,0.07907741
1.31,-0.36286646,-0.025292804,0.33759248,0.19384702,-0.35024285,0.15588383,0.070215896,0.10508022,0.05844926,-0.004663645,-0.096113846,0.08189727
1.32,-0.36206588,-0.026080482,0.33605173,0.19390309,-0.34910703,0.15475169,0.06688952,0.09934393,0.050089635,-0.0058410023,-0.10015471,0.079224706
1.33,-0.3622184,-0.027813079,0.3342832,0.1947404,-0.34820357,0.15291296,0.06428245,0.09515925,0.04414229,-0.010035759,-0.10528937,0.076010935
1.34,-0.36529365,-0.03110038,0.33420613,0.19790825,-0.349684,0.15136613,0.0559613,0.0865716,0.034995567,-0.018336857,-0.10876165,0.07152767
1.35,-0.36409843,-0.030283777,0.33375213,0.19687071,-0.3490237,0.15153834,0.05479872,0.085370846,0.03664167,-0.015243272,-0.10546357,0.06972608
1.36,-0.36299682,-0.031431988,0.33151793,0.19683619,-0.34721223,0.1497642,0.054944765,0.07990707,0.029938156,-0.019943679,-0.10864127,0.07477997
1.37,-0.36693987,-0.031595297,0.33533448,0.19904648,-0.35110936,0.15159646,0.051428597,0.07420793,0.021306012,-0.027397014,-0.111870326,0.0702459
1.38,-0.36389783,-0.010205847,0.3537917,0.1868064,-0.35889262,0.17153616,0.071321234,0.08724273,0.036103245,-0.015246607,-0.10042098,0.08050253
1.39,-0.3518447,0.023410335,0.37525946,0.16397512,-0.36362624,0.19908552,0.09381003,0.10723381,0.051816117,0.002258062,-0.08395676,0.09539125
1.4,-0.35459054,0.056266934,0.4108984,0.14891692,-0.38282737,0.23334341,0.08779813,0.104060605,0.05683139,0.0064609526,-0.07863901,0.103108615
1.41,-0.34989533,0.09229887,0.44238096,0.12848325,-0.3962301,0.2670269,0.060448825,0.07873087,0.048058104,0.0021191195,-0.07962555,0.10494297
1.42,-0.32873008,0.10484809,0.43362594,0.11173673,-0.38110572,0.2690121,0.023967598,0.059660703,0.037514526,0.0012697862,-0.070452996,0.120199665
1.43,-0.33474463,0.10598593,0.4407068,0.11410635,-0.3877534,0.27308667,0.015795413,0.04819559,0.020323183,-0.008547731,-0.07599781,0.11669574
1.44,-0.30299714,0.09981721,0.40259048,0.101284355,-0.352784,0.25097156,-0.013507246,0.037496313,0.007935735,-0.010512338,-0.06976955,0.13193402
1.45,-0.32734796,0.043303408,0.37081605,0.14173235,-0.34899363,0.20692635,0.011433303,0.048967674,0.008098188,-0.014760478,-0.07699252,0.12132063
1.46,-0.38111457,-0.009483456,0.3716147,0.19503537,-0.37629232,0.18082036,0.037985664,0.049294684,-0.0013160384,-0.034150768,-0.10884824,0.084252544
1.47,-0.38135174,-0.056450423,0.32487178,0.21860206,-0.3531073,0.13397832,0.036614716,0.049676422,-0.0052816933,-0.04247627,-0.118855596,0.08017306
1.48,-0.3939959,-0.07009244,0.32385734,0.23181748,-0.3589707,0.1266527,0.033996183,0.03996848,-0.015112152,-0.055165205,-0.12939234,0.06955298
1.49,-0.38898474,-0.07821134,0.31070602,0.23331445,-0.34985772,0.11604176,0.039378725,0.04758225,-0.0083957985,-0.04975016,-0.12806055,0.06979903
1.5,-0.39671308,-0.081461966,0.31536552,0.2388285,-0.3560542,0.11678151,0.05334644,0.05460605,-0.0033185538,-0.053838316,-0.13480286,0.061260656
1.51,-0.39527318,-0.09273891,0.3024021,0.24374953,-0.3488926,0.10461601,0.050866198,0.05342251,-0.001986112,-0.04984949,-0.12943733,0.061816234
1.52,-0.408531,-0.08719217,0.32128158,0.24761277,-0.36486876,0.11671225,0.06330437,0.061006192,-0.0026120914,-0.059199527,-0.14239782,0.05395325
1.53,-0.42319557,-0.108280696,0.31486547,0.2655538,-0.369086,0.1029984,0.090173416,0.0801369,0.011118388,-0.051593326,-0.1515325,0.037045352
1.54,-0.42048153,-0.028990509,0.39139086,0.22440016,-0.40603134,0.18106216,0.25148413,0.31548363,0.25985232,0.15740338,-0.0531156,0.0753413
1.55,-0.06820777,0.013601323,0.081848465,0.027169239,-0.07514022,0.047450636,0.34152395,0.67791903,0.8748888,0.9716465,0.6656389,0.5156947
1.56,0.06887685,0.21161275,0.1427044,-0.14056629,-0.036954287,0.1769565,-0.4057489,-0.22002092,0.2132695,0.5889938,0.6550003,0.65821534
1.57,-0.37260112,0.052572757,0.4251777,0.15980184,-0.39893055,0.23852423,-1.3642788,-1.8233287,-1.5671824,-1.0654597,-0.36964938,0.20107877
1.58,-0.31786495,-0.1202513,0.19755343,0.21877852,-0.25775677,0.038307603,-0.9540511,-1.2064487,-1.1319207,-0.77932453,-0.2471453,0.2449049
1.59,-0.30823478,-0.12324186,0.1850093,0.21548057,-0.24653184,0.030585798,-0.27177426,-0.28797057,-0.3292048,-0.26359448,-0.13568246,0.18180487
1.6,-0.3654715,-0.09439172,0.271038,0.22965847,-0.3181669,0.08808607,-0.040128946,-0.03419789,-0.09200988,-0.10016769,-0.12727761,0.10473627
1.61,-0.36629733,-0.08779585,0.27850017,0.2267277,-0.32234293,0.09509208,0.06363183,0.10816668,0.035340823,-0.010585555,-0.099992104,0.096631736
1.62,-0.3774631,-0.10271738,0.27466065,0.23988812,-0.32607156,0.08577869,0.07648803,0.116471484,0.040831257,-0.013413201,-0.112536065,0.08087148
1.63,-0.37378958,-0.09942538,0.27440777,0.23625924,-0.32413986,0.08725158,0.110040314,0.16110393,0.084133275,0.015809806,-0.10118761,0.08705433
1.64,-0.3704267,-0.09701698,0.27356777,0.23346421,-0.32197186,0.08800861,0.11361673,0.16501066,0.08834202,0.020065445,-0.09826853,0.08683735
1.65,-0.368565,-0.09569299,0.27273384,0.23181652,-0.32067722,0.08825087,0.12318406,0.18522963,0.110909715,0.031027772,-0.09645061,0.08473003
1.66,-0.37083638,-0.09388519,0.27694705,0.23205307,-0.3238591,0.09130027,0.12886102,0.19535767,0.12300744,0.038801804,-0.092264265,0.08562661
1.67,-0.3674936,-0.09088997,0.27657583,0.2288189,-0.32218865,0.09265378,0.13976046,0.20826566,0.13923454,0.05278527,-0.083366275,0.091753215
1.68,-0.3591176,-0.08881127,0.27035284,0.22379541,-0.3148491,0.09045962,0.1478578,0.22549681,0.1537889,0.06629544,-0.07757952,0.09628338
1.69,-0.35739082,-0.08001173,0.27752036,0.2185006,-0.31750286,0.09848861,0.15198068,0.23731695,0.16843814,0.07590345,-0.07192222,0.10177286
1.7,-0.35759985,-0.07381947,0.28380314,0.21547386,-0.32073903,0.10476598,0.15310588,0.25188792,0.18338493,0.08457218,-0.068570346,0.10042482
1.71,-0.35616994,-0.06820551,0.28789133,0.2119248,-0.32206726,0.10947827,0.16405755,0.27285174,0.2042752,0.099508725,-0.0586921,0.106629685
1.72,-0.34318325,-0.05918899,0.28398266,0.20101936,-0.31365442,0.11213262,0.17213297,0.2930819,0.2225512,0.1120936,-0.049921643,0.110896274
1.73,-0.3400837,-0.051538285,0.2885951,0.19560729,-0.31439444,0.11829972,0.17872193,0.31113163,0.2360824,0.12046145,-0.0486032,0.117921226
1.74,-0.33328986,-0.040654194,0.2926171,0.18669686,-0.3129966,0.12586531,0.18985903,0.3336187,0.25302103,0.13869452,-0.033891607,0.12545317
1.75,-0.32457873,-0.028702935,0.295802,0.17632118,-0.31012848,0.1332646,0.20230134,0.35782787,0.27299652,0.15979643,-0.0216944,0.13237059
1.76,-0.31265697,-0.009425416,0.30339584,0.16083935,-0.30802387,0.14666158,0.21213679,0.38205197,0.2941813,0.18470135,-0.003681631,0.14688842
1.77,-0.30399007,0.0060700374,0.31006414,0.14882647,-0.3070998,0.15791129,0.21533163,0.3943585,0.30554077,0.1965303,0.0053300564,0.1527501
1.78,-0.3009069,0.022421267,0.32324746,0.13884161,-0.3120709,0.17270197,0.21309179,0.39675203,0.31343916,0.20367947,0.013113902,0.15882109
1.79,-0.2864587,0.04262878,0.32906944,0.121662505,-0.30789763,0.18565232,0.20084976,0.39215502,0.31802,0.2103941,0.023030182,0.17281835
1.8,-0.28265703,0.051667627,0.3343996,0.11522305,-0.3084829,0.19272001,0.1867605,0.38047606,0.3170518,0.21320225,0.03341191,0.1806854
1.81,-0.27875507,0.06070213,0.33959714,0.10879052,-0.30913442,0.1999782,0.17288427,0.3623582,0.31248674,0.2116255,0.039780214,0.18832038
1.82,-0.2705962,0.06968981,0.34025502,0.10014863,-0.30542508,0.20471111,0.14792375,0.33019963,0.29339632,0.2050573,0.045408506,0.20203742
1.83,-0.27829733,0.059651528,0.3380387,0.109101154,-0.30825663,0.19865954,0.12581979,0.28291965,0.252214,0.17973225,0.038371928,0.19774413
1.84,-0.30098596,0.037280824,0.33832905,0.13162106,-0.31965026,0.18749236,0.10633357,0.22867896,0.20213857,0.14142542,0.0116310315,0.18019275
1.85,-0.32750434,0.0116850585,0.33910212,0.15767787,-0.33328632,0.17515764,0.09040648,0.1821673,0.15187822,0.10065266,-0.018671732,0.15784734
1.86,-0.34989852,-0.010337951,0.33955127,0.17986959,-0.34468284,0.16443144,0.08178127,0.14494126,0.110762715,0.069267206,-0.042686276,0.14042985
1.87,-0.36547685,-0.033324864,0.33187258,0.19914617,-0.34864274,0.14912958,0.07218354,0.11547304,0.074595064,0.03884928,-0.06612397,0.12366057
1.88,-0.3749572,-0.036704145,0.33810338,0.20553699,-0.35640916,0.15032269,0.07214336,0.10080351,0.056998305,0.02025063,-0.07948749,0.11546532
1.89,-0.3789396,-0.04309509,0.3358779,0.2106921,-0.35739884,0.14620046,0.07235522,0.09248609,0.04449737,0.011131999,-0.088514216,0.10957381
1.9,-0.38762304,-0.054227497,0.33352876,0.22064364,-0.360663,0.13935082,0.072375126,0.08771287,0.04001071,0.0041696415,-0.09496466,0.10623686
1.91,-0.39239407,-0.05661212,0.33575422,0.22437055,-0.3641169,0.13944753,0.07785927,0.088624634,0.03717849,0.0021013634,-0.0958759,0.10581773
1.92,-0.38609847,-0.053107277,0.33297125,0.21934846,-0.35961244,0.13964716,0.07898551,0.09433798,0.035916038,0.0031986546,-0.09571521,0.10280335
1.93,-0.38512295,-0.05071585,0.33432487,0.21765517,-0.3597598,0.14158083,0.080222026,0.09360375,0.034250632,0.0031805048,-0.09934493,0.10150825
1.94,-0.38450047,-0.050961923,0.3335572,0.21751451,-0.35911393,0.14104651,0.0811228,0.09597498,0.03596823,0.0024984865,-0.09891707,0.1043431
1.95,-0.38791734,-0.048344407,0.33936405,0.217926,-0.3636529,0.14513393,0.08362518,0.098038696,0.043508835,0.0015261123,-0.1015085,0.1004923
1.96,-0.3916566,-0.047447946,0.3440547,0.21928589,-0.36779413,0.14809087,0.086298004,0.10213856,0.04779901,0.0016432892,-0.10170237,0.10185475
1.97,-0.3890766,-0.046500195,0.34248996,0.2175386,-0.36569685,0.147706,0.090421304,0.10505698,0.05306965,0.0041257143,-0.09798432,0.10438807
1.98,-0.3918191,-0.04414357,0.34761614,0.21767251,-0.36966053,0.1514296,0.088158734,0.10633941,0.05300216,0.007269734,-0.09525129,0.10324712
1.99,-0.38569617,-0.042229876,0.34346277,0.21382424,-0.3646254,0.1502849,0.08259143,0.10109307,0.047821037,0.003864558,-0.10043742,0.10052516
2.0,-0.39346987,-0.046409555,0.34725553,0.21958673,-0.37037602,0.15020363,0.081883855,0.098438285,0.044013806,0.003919436,-0.09883732,0.09834385
2.01,-0.39395368,-0.043544948,0.3503178,0.21860065,-0.3720986,0.15310936,0.07922679,0.091659866,0.03539189,0.00014902602,-0.10582462,0.09792669
2.02,-0.39075845,-0.046787888,0.34401923,0.2186293,-0.36741713,0.14828779,0.073578596,0.08622115,0.027854333,-0.0056115575,-0.10829881,0.098386176
2.03,-0.3922831,-0.052949145,0.33935976,0.22220713,-0.36589226,0.14294776,0.068031676,0.083368026,0.022817876,-0.007717475,-0.10908593,0.09502881
2.04,-0.39993876,-0.057609014,0.34226844,0.2284343,-0.37110752,0.14211312,0.06752978,0.08101153,0.020960681,-0.0072540874,-0.11170519,0.09519155
2.05,-0.39798823,-0.0591837,0.3387202,0.22835518,-0.3683522,0.13956156,0.06629725,0.07598461,0.017306205,-0.009625082,-0.11095215,0.09543288
2.06,-0.39762753,-0.0646118,0.33307302,0.23086008,-0.36534458,0.13408604,0.06843245,0.07179371,0.01598749,-0.014278548,-0.11396691,0.09443217
2.07,-0.40109247,-0.052292835,0.34870234,0.22649248,-0.37496227,0.14787668,0.07425481,0.07837898,0.024898129,-0.007205897,-0.10776271,0.09759743
2.08,-0.38896227,-0.01690274,0.37202576,0.20275366,-0.3804998,0.17733966,0.09493404,0.09970122,0.04392305,0.009202165,-0.09656336,0.10777216
2.09,-0.38506585,0.023536114,0.40854645,0.180622,-0.3968271,0.21583207,0.098229736,0.100583896,0.05073941,0.018294513,-0.08625339,0.12119342
2.1,-0.39073792,0.054055993,0.44482893,0.16812494,-0.41788378,0.24915801,0.08290009,0.08677857,0.042647626,0.014555365,-0.08614756,0.11776556
2.11,-0.36639223,0.08514364,0.45145562,0.14043725,-0.40894455,0.26807317,0.041964836,0.06158954,0.03030916,0.015846264,-0.07877974,0.13551906
2.12,-0.3644088,0.08711857,0.4515151,0.13834642,-0.40792826,0.26907322,0.02988465,0.05299919,0.0214282,0.01084109,-0.07483712,0.1430328
2.13,-0.35124347,0.087536715,0.43900985,0.13147844,-0.39513513,0.2630784,0.004963298,0.03538039,0.0071855574,-0.0009526341,-0.078138664,0.14484125
2.14,-0.33380747,0.043593343,0.37753907,0.14493075,-0.35556898,0.21030867,-0.0020664704,0.037920285,0.0057041273,-0.0016229632,-0.07680844,0.14924361
2.15,-0.3950454,-0.0053109988,0.3897169,0.19998792,-0.39236188,0.1918813,0.030157907,0.042920865,-0.00430772,-0.022569641,-0.11051068,0.11300703
2.16,-0.40623575,-0.04903251,0.3572654,0.22738032,-0.38184467,0.15383917,0.03293256,0.046508215,-0.00638225,-0.026702162,-0.11993544,0.09908232
2.17,-0.4100737,-0.071299866,0.3386939,0.24054672,-0.37433264,0.13338758,0.034397274,0.03908869,-0.0192234,-0.04143701,-0.13356993,0.08938696
2.18,-0.4161792,-0.08286741,0.33332157,0.24922486,-0.374717,0.12500511,0.037057653,0.037219513,-0.022247283,-0.04384865,-0.13809904,0.07912765
2.19,-0.42307946,-0.08531389,0.33782586,0.25396943,-0.38053116,0.12595405,0.043739863,0.043803968,-0.015920747,-0.041301183,-0.14173889,0.07882126
2.2,-0.4277634,-0.10420934,0.32361817,0.26569334,-0.3756618,0.10947028,0.048157044,0.043726146,-0.017491026,-0.044951826,-0.14030752,0.07864212
2.21,-0.42451575,-0.09612283,0.3282696,0.25997314,-0.3764035,0.11582156,0.050073013,0.05141836,-0.006508802,-0.040554494,-0.13805833,0.07827108
2.22,-0.435142,-0.11907602,0.31618553,0.2768089,-0.3756691,0.09831655,0.071184084,0.058931313,-0.009702089,-0.04646774,-0.15171,0.06484816
2.23,-0.4624655,-0.07770524,0.3848889,0.26985347,-0.4236478,0.15329842,0.16598877,0.17823344,0.10501302,0.027812524,-0.1433222,0.048377976
2.24,-0.2783786,-0.028077418,0.25027123,0.1529519,-0.26439345,0.11077131,0.3542314,0.57587487,0.6357016,0.6348453,0.3232143,0.3128656
2.25,0.11184103,0.13323134,0.021453897,-0.12291815,0.045172635,0.07715278,-0.0049032443,0.36100018,0.75690883,1.069753,0.89414996,0.7436219
2.26,-0.23265076,0.1709537,0.40349042,0.030648064,-0.31802824,0.28695405,-1.1195356,-1.3738219,-1.020302,-0.5222873,-0.040311906,0.36748615
2.27,-0.40793905,-0.10366149,0.3041974,0.25558677,-0.3561581,0.10002956,-1.283678,-1.7050883,-1.574677,-1.0912818,-0.408563,0.20154727
2.28,-0.2938257,-0.13607189,0.15779477,0.21482423,-0.22576332,0.010551079,-0.48590645,-0.5339207,-0.54018784,-0.36409014,-0.12280638,0.25975227
2.29,-0.37558907,-0.12581739,0.24961583,0.25052136,-0.31259564,0.061465595,-0.12920442,-0.13287513,-0.19508775,-0.1674605,-0.15696682,0.12569591
2.3,-0.37965238,-0.08583076,0.2936777,0.23253241,-0.33666915,0.10361609,0.03272104,0.08022309,0.013554826,-0.005932236,-0.09696418,0.11916042
2.31,-0.4011552,-0.120304614,0.28080475,0.26042154,-0.34089646,0.07993572,0.054236908,0.09487952,0.017935378,-0.021880243,-0.12422056,0.09146432
2.32,-0.39790747,-0.11254678,0.2854652,0.25486007,-0.34154302,0.08613753,0.08258541,0.14009832,0.06381487,0.017391998,-0.107640594,0.09423153
2.33,-0.4039878,-0.11538913,0.28854564,0.25946748,-0.34622237,0.08636376,0.089110784,0.15294589,0.07164039,0.021751018,-0.11209618,0.08878651
2.34,-0.39717335,-0.10686093,0.2902168,0.25170517,-0.34365147,0.091511,0.10268663,0.17459802,0.10161187,0.039023623,-0.100132085,0.09333243
2.35,-0.39583826,-0.105161175,0.29078698,0.25018105,-0.34326482,0.09249983,0.10638869,0.18449914,0.112163775,0.043638617,-0.10286771,0.09108268
2.36,-0.38863227,-0.098391555,0.2901979,0.24333975,-0.33936805,0.09558066,0.11382159,0.1998791,0.12579559,0.054233283,-0.09626132,0.09996948
2.37,-0.38978902,-0.09735942,0.29227284,0.2433418,-0.3410037,0.097327076,0.11429142,0.21059185,0.13544445,0.06058497,-0.09035538,0.0998256
2.38,-0.38350922,-0.087052956,0.296527,0.23495077,-0.33997345,0.10457021,0.11714696,0.22122149,0.14845699,0.07194205,-0.08765125,0.10143047
2.39,-0.38096255,-0.07903724,0.3018719,0.22978872,-0.3414146,0.11120197,0.12397998,0.2396364,0.16552466,0.08468129,-0.07745891,0.10776035
2.4,-0.382334,-0.07236245,0.31009185,0.22696365,-0.34621605,0.118699946,0.13503157,0.25583538,0.18322043,0.09699201,-0.07103941,0.11271142
2.41,-0.37151447,-0.058340225,0.31302014,0.21465185,-0.34223446,0.12708266,0.14353573,0.2727199,0.20067449,0.1069609,-0.066386774,0.11606813
2.42,-0.3690544,-0.05117858,0.31775606,0.20990096,-0.3433412,0.133029,0.1566424,0.29444045,0.21901412,0.12163432,-0.058332574,0.121693365
2.43,-0.35880172,-0.039933298,0.31894857,0.19914198,-0.3389524,0.13929927,0.16620556,0.31828168,0.23774327,0.1392101,-0.04733041,0.12846261
2.44,-0.35126355,-0.030731933,0.32053062,0.19071974,-0.3358025,0.14463645,0.17599182,0.342036,0.25577116,0.15690003,-0.0363777,0.13743415
2.45,-0.3418667,-0.017681217,0.32419664,0.17949182,-0.33307248,0.15312617,0.18550034,0.36751398,0.2770389,0.1779659,-0.018897694,0.14686488
2.46,-0.33723643,-0.00788332,0.32929784,0.17233926,-0.3333203,0.16038549,0.18491326,0.3814791,0.2891581,0.18949908,-0.015552943,0.15307976
2.47,-0.3251999,0.008949587,0.33418047,0.15792353,-0.32971233,0.17136829,0.18008094,0.39107344,0.30111888,0.20121884,-0.002926717,0.16898924
2.48,-0.3231177,0.024016535,0.34714627,0.14925626,-0.33510563,0.18527193,0.17789145,0.3917239,0.30918816,0.21240896,0.0123203695,0.18280101
2.49,-0.31524426,0.037300583,0.35245788,0.13871099,-0.33381447,0.19473098,0.1637342,0.3836332,0.30981287,0.21597774,0.019626562,0.19194971
2.5,-0.30456606,0.054050162,0.35849386,0.12490473,-0.33165166,0.20609231,0.14954296,0.37044007,0.31028503,0.2192948,0.030217722,0.20247419
2.51,-0.29526773,0.06467503,0.3599589,0.11496864,-0.32773596,0.21213876,0.12522729,0.34738022,0.29940045,0.22137058,0.041621476,0.21311529
2.52,-0.29433775,0.057650756,0.35203302,0.118019305,-0.32317507,0.20463096,0.096129715,0.30489287,0.26348495,0.20208195,0.039972555,0.2149563
2.53,-0.31468442,0.03919389,0.35384288,0.1376289,-0.33425605,0.19606897,0.074480064,0.25259793,0.21470644,0.16649614,0.018733688,0.20277004
2.54,-0.33696342,0.0151042305,0.35201478,0.16066444,-0.3444768,0.1833025,0.06051108,0.2031219,0.1648825,0.12558441,-0.009109177,0.18446164
2.55,-0.35312855,-0.00087822066,0.35230127,0.17667016,-0.35263538,0.17537917,0.052841324,0.16078165,0.11893914,0.08625341,-0.038440406,0.1670296
2.56,-0.3760811,-0.017242653,0.35876536,0.19643562,-0.36735606,0.1704554,0.04928628,0.12639646,0.07957583,0.051330168,-0.06669567,0.14437896
2.57,-0.38894805,-0.030592322,0.35814625,0.20941202,-0.37358594,0.1635792,0.04394861,0.10254084,0.05273027,0.028636249,-0.08476009,0.12856661
2.58,-0.3994527,-0.04215969,0.3570993,0.22053514,-0.37818652,0.157145,0.045581106,0.09356003,0.041553564,0.016075715,-0.09649182,0.12450129
2.59,-0.40237838,-0.043793682,0.35842603,0.22303599,-0.38046062,0.15698594,0.044671282,0.09009989,0.03679415,0.01033867,-0.09662931,0.12314209
2.6,-0.40627372,-0.049326386,0.35705936,0.22757286,-0.3816068,0.15364689,0.04528075,0.08635812,0.035421796,0.00422177,-0.10397969,0.1174714
2.61,-0.40697488,-0.051012687,0.35603607,0.22877957,-0.38158655,0.15227951,0.04735812,0.08607216,0.03202548,0.0022323837,-0.10728207,0.11630636
2.62,-0.40538085,-0.04388083,0.36147615,0.22426732,-0.38338345,0.15859833,0.046226744,0.0869945,0.027787376,0.0021710822,-0.10912697,0.115233555
2.63,-0.40768555,-0.045212433,0.36256033,0.2261568,-0.38505986,0.15844052,0.0479083,0.09316263,0.032731712,0.0047974074,-0.10752021,0.11686082
2.64,-0.41151148,-0.049761828,0.3617547,0.23042761,-0.3866783,0.15582334,0.054503683,0.093376145,0.03689994,0.0047599655,-0.11113484,0.11365998
2.65,-0.40658626,-0.04579017,0.36085576,0.22598039,-0.3836981,0.15721367,0.05915694,0.097097486,0.04482,0.0068057487,-0.112446845,0.11048813
2.66,-0.40800402,-0.042730324,0.36524913,0.22514983,-0.3867527,0.160922,0.058618777,0.10368296,0.05150086,0.009834044,-0.107822895,0.11390802
2.67,-0.4137759,-0.048371293,0.36536965,0.23076093,-0.38955575,0.15815979,0.059942476,0.10357481,0.05316577,0.010964979,-0.10695904,0.114745855
2.68,-0.40954703,-0.039672967,0.36988118,0.22438174,-0.38972154,0.16476852,0.054119684,0.09807685,0.045829136,0.007434404,-0.10815671,0.11086615
2.69,-0.4137566,-0.03982376,0.37402314,0.22661099,-0.3937692,0.16681345,0.05522231,0.09492197,0.044191197,0.006353543,-0.114044055,0.10814092
2.7,-0.41615105,-0.04182356,0.3744285,0.22874679,-0.39534637,0.16597588,0.053757906,0.094522096,0.03887958,0.002867992,-0.11646284,0.11237618
2.71,-0.41318035,-0.041027952,0.37211725,0.22692554,-0.39263386,0.16532432,0.052717116,0.088086195,0.030850148,-0.0014286302,-0.11466872,0.110561974
2.72,-0.41549623,-0.045125335,0.37039593,0.22993234,-0.39300686,0.16243462,0.052674074,0.082267664,0.025244495,-0.0012597571,-0.11597067,0.11081418
2.73,-0.4204087,-0.04887865,0.3713944,0.23445599,-0.39594433,0.16104558,0.04540869,0.07661622,0.020603186,-0.005128272,-0.11730026,0.10792618
2.74,-0.4226564,-0.05168867,0.37092888,0.23696561,-0.39677384,0.15939303,0.044273503,0.071846545,0.015947824,-0.011841937,-0.12099135,0.104764104
2.75,-0.4195023,-0.052695274,0.36685434,0.23580377,-0.39330646,0.15694505,0.046079982,0.06986056,0.016741898,-0.013111781,-0.1206152,0.10656932
2.76,-0.42864233,-0.05965687,0.3689606,0.24381743,-0.3986939,0.15448318,0.048748154,0.06685716,0.013278408,-0.015072254,-0.12257721,0.106985435
2.77,-0.42105743,-0.050939623,0.3700615,0.23573056,-0.39560652,0.15920419,0.040381975,0.06611309,0.0059761982,-0.015704941,-0.12346921,0.10519145
2.78,-0.4214236,-0.030066518,0.39137045,0.22553521,-0.40647575,0.18039246,0.05475918,0.07363504,0.0125104645,-0.008358464,-0.117944084,0.109879054
2.79,-0.40804803,0.008221545,0.41627344,0.19956739,-0.41223505,0.2119906,0.08344203,0.09754905,0.035907324,0.013725902,-0.09811656,0.12755187
2.8,-0.40268782,0.044051725,0.44675592,0.17908123,-0.42473045,0.2451047,0.073463835,0.09268801,0.03848985,0.01818011,-0.093129136,0.13104255
2.81,-0.41493627,0.065202475,0.48004633,0.17461282,-0.44736853,0.2723804,0.049183704,0.07054858,0.024285711,0.010995795,-0.09877599,0.12734172
2.82,-0.3825093,0.092184134,0.47474328,0.1449178,-0.42858362,0.28315252,0.013503684,0.055156134,0.016120408,0.016012343,-0.0832816,0.14543676
2.83,-0.38684058,0.094061494,0.4810078,0.14617087,-0.4338206,0.2873201,0.0049075633,0.040934693,0.0023028215,0.005078197,-0.0897169,0.1496505
2.84,-0.3627034,0.08137808,0.4441309,0.14040768,-0.40354204,0.2625256,-0.02281742,0.025217764,-0.014200702,-0.0037024121,-0.08335067,0.16219974
2.85,-0.37945428,0.028193327,0.40749237,0.1753086,-0.39342287,0.21757947,-0.0018124154,0.03646875,-0.010309781,-0.008634554,-0.09214403,0.15217943
2.86,-0.42876968,-0.018715763,0.4102291,0.22348015,-0.41958553,0.19553119,0.01920678,0.038455267,-0.018148178,-0.026541952,-0.12062384,0.11841763
2.87,-0.42549342,-0.05640104,0.36924073,0.24072355,-0.3974614,0.15619934,0.024675727,0.041149616,-0.020905565,-0.030135838,-0.12621807,0.11067807
2.88,-0.43386486,-0.07244319,0.3612803,0.2528793,-0.39762536,0.14423136,0.031375695,0.030986052,-0.03650431,-0.047094196,-0.14490652,0.09778264
2.89,-0.43536097,-0.084335245,0.3510302,0.25951222,-0.39323583,0.1330733,0.03387769,0.03537271,-0.03170851,-0.04303867,-0.14436321,0.095076755
2.9,-0.44690847,-0.08432389,0.36269775,0.26536337,-0.40475115,0.13893671,0.04120045,0.04464,-0.024767539,-0.04528796,-0.14896066,0.09110975
2.91,-0.4425169,-0.09867485,0.34395802,0.27035406,-0.39319268,0.12252618,0.046536412,0.043629095,-0.020523565,-0.03992536,-0.14281708,0.09308842
2.92,-0.45002314,-0.08654831,0.36345822,0.26798305,-0.40671223,0.13822567,0.05549298,0.05459006,-0.014718215,-0.045029573,-0.15096043,0.08922624
2.93,-0.4606477,-0.10702812,0.35377362,0.283539,-0.40718478,0.1231212,0.084975205,0.07683016,-0.0040997937,-0.035895556,-0.15595263,0.07817262
2.94,-0.4763036,-0.037497617,0.43892944,0.25661615,-0.45762038,0.20048185,0.24008098,0.29757905,0.22296922,0.14786036,-0.08011535,0.10086974
2.95,-0.13668852,0.009305696,0.1460976,0.06351037,-0.14138494,0.077452645,0.33968058,0.6652517,0.8391682,0.95608217,0.6243428,0.52205056
2.96,0.06677018,0.23043925,0.16349676,-0.14883785,-0.04838257,0.19669746,-0.38464007,-0.15022044,0.29365003,0.7122803,0.7189684,0.719569
2.97,-0.380137,0.0912898,0.4713661,0.14416055,-0.42582747,0.2811034,-1.3831282,-1.8153815,-1.5473938,-1.0003031,-0.3395484,0.25792646
2.98,-0.3644257,-0.13002796,0.23427516,0.24696743,-0.2992446,0.051934995,-1.0127492,-1.2857981,-1.2148752,-0.81269467,-0.26844713,0.2767568
2.99,-0.3324286,-0.122294754,0.20997633,0.22710052,-0.2711988,0.043572143,-0.30494833,-0.31369442,-0.36095425,-0.25973776,-0.13418002,0.2282999
3.0,-0.4036383,-0.09275218,0.31100392,0.2479415,-0.35738006,0.10891803,-0.060288202,-0.053263936,-0.12625812,-0.104412876,-0.14189467,0.1310313
3.01,-0.40255702,-0.08378055,0.31868872,0.24283418,-0.36066335,0.11714485,0.05361937,0.10063942,0.018003467,-0.0032994312,-0.11042494,0.124326415
3.02,-0.41613802,-0.10601821,0.30999106,0.26075298,-0.36304122,0.101826884,0.06875454,0.11030548,0.025048967,-0.006667537,-0.124695085,0.10534148
3.03,-0.4150061,-0.09644627,0.31845325,0.25548166,-0.36656418,0.110723674,0.1009566,0.15180323,0.06340484,0.02191131,-0.11557501,0.10533335
3.04,-0.41504696,-0.09792485,0.3171945,0.25623748,-0.366175,0.10939603,0.10614903,0.15354817,0.067232974,0.020052923,-0.12077836,0.101534836
3.05,-0.41457736,-0.09388409,0.32074484,0.2540446,-0.36760798,0.11315971,0.10921201,0.17446229,0.09551685,0.03493324,-0.11534151,0.10266599
3.06,-0.41178522,-0.09192041,0.3198873,0.2516426,-0.3657458,0.11365568,0.11078554,0.1827549,0.10753704,0.042355925,-0.11220878,0.1060616
3.07,-0.40664387,-0.081532925,0.32526967,0.24385023,-0.36599475,0.12169709,0.120691024,0.20047104,0.12368328,0.05664557,-0.10483401,0.11004721
3.08,-0.4123989,-0.08153339,0.3308163,0.24686232,-0.37157273,0.12428761,0.12886922,0.21285385,0.13765147,0.067309715,-0.09941576,0.11491765
3.09,-0.41085345,-0.08204089,0.32881343,0.2462826,-0.36986604,0.123078845,0.13336883,0.22910509,0.15190172,0.07980596,-0.09288654,0.11738434
3.1,-0.4104501,-0.07554,0.33479822,0.24275497,-0.3726877,0.12941626,0.13809286,0.24183017,0.16573182,0.09087993,-0.085692525,0.11828569
3.11,-0.40452117,-0.06437583,0.34019035,0.23425241,-0.37234318,0.13762066,0.14171584,0.2580257,0.18314834,0.10125456,-0.08373732,0.122328214
3.12,-0.39810547,-0.055101395,0.34294778,0.2263731,-0.37042782,0.14368634,0.1502072,0.27489516,0.19788085,0.10931777,-0.075715646,0.12702875
3.13,-0.38759568,-0.044942785,0.34265143,0.21611719,-0.36510694,0.14854114,0.1641171,0.3013824,0.21717271,0.12828572,-0.060946543,0.13453907
3.14,-0.38466465,-0.03504102,0.34972653,0.20960176,-0.36720258,0.15697095,0.17276196,0.32616884,0.23365566,0.14599247,-0.053296115,0.13765375
3.15,-0.37631038,-0.0240822,0.3522072,0.19990793,-0.364228,0.16389224,0.17412055,0.3461776,0.24701478,0.15983215,-0.04460017,0.14368436
3.16,-0.3624645,-0.0038924753,0.35882372,0.18283476,-0.360729,0.17718707,0.18760607,0.37042108,0.27287135,0.18422681,-0.028908014,0.15654251
3.17,-0.35498512,0.015257324,0.3700917,0.16957453,-0.3625364,0.19229421,0.18804458,0.38807306,0.2927912,0.19967374,-0.014553893,0.1668277
3.18,-0.35241678,0.026052674,0.3783391,0.16288269,-0.36539856,0.20190243,0.1835275,0.39230913,0.3044106,0.21299674,-0.00076518353,0.18111397
3.19,-0.33524904,0.04655598,0.38189718,0.14408006,-0.35854244,0.21391323,0.17590614,0.38954443,0.30769518,0.21887642,0.0086416695,0.19136004
3.2,-0.3329646,0.06136125,0.39439148,0.13548233,-0.36364827,0.22765513,0.1588189,0.37688485,0.30539373,0.21847492,0.0141387535,0.19808622
3.21,-0.32495597,0.077668585,0.40264583,0.12352324,-0.36378706,0.23982309,0.14305276,0.36160183,0.3023434,0.2233577,0.027277244,0.21193027
3.22,-0.31809345,0.08052678,0.39856938,0.11859008,-0.35834438,0.23926921,0.12051603,0.33200496,0.284037,0.216708,0.03539761,0.22250517
3.23,-0.32751232,0.06815616,0.39575836,0.12948531,-0.36157307,0.23172194,0.09388286,0.28181574,0.23923485,0.18627682,0.022998072,0.21479347
3.24,-0.3471574,0.051421635,0.39862582,0.14762844,-0.3728907,0.22483203,0.07104009,0.229277,0.18609546,0.14702046,-4.0027517e-05,0.2003647
3.25,-0.37202454,0.024288926,0.3963745,0.17360835,-0.3842025,0.210062,0.06004785,0.18137328,0.13245715,0.104697734,-0.02853729,0.18191637
3.26,-0.38926798,0.001303457,0.39071974,0.19376826,-0.38997313,0.19578874,0.046186257,0.13962042,0.083183154,0.06509192,-0.060548235,0.15641934
3.27,-0.4064924,-0.010942619,0.3955969,0.20853533,-0.4011168,0.19222288,0.037341915,0.11273854,0.05051439,0.037976857,-0.08192283,0.14081764
3.28,-0.41730708,-0.022962641,0.39428356,0.2199056,-0.40576196,0.18540257,0.036871906,0.09538603,0.030223532,0.018602794,-0.09454466,0.13082539
3.29,-0.42204422,-0.029038636,0.39293018,0.22533327,-0.4074742,0.18167242,0.033596676,0.08331029,0.01544483,0.0048061814,-0.10685321,0.1212194
3.3,-0.4236821,-0.024946708,0.39890778,0.22399992,-0.41125986,0.18671653,0.035706583,0.083585344,0.012696312,0.0020014949,-0.11266239,0.12685816
3.31,-0.4320955,-0.034785863,0.39745632,0.23322566,-0.41476762,0.1811624,0.038115438,0.0816324,0.012575678,-0.00081908057,-0.113170646,0.12343856
3.32,-0.43018657,-0.036636304,0.39353248,0.23306142,-0.41173372,0.1781036,0.040374875,0.08160467,0.01014021,-0.0032964607,-0.117093466,0.119115196
3.33,-0.42988154,-0.0345873,0.39543405,0.23202282,-0.41268414,0.18022284,0.043147866,0.085145995,0.014194822,0.00130211,-0.11467345,0.12113142
3.34,-0.43318617,-0.03390111,0.39929053,0.23334315,-0.41622677,0.18245302,0.046675354,0.08399118,0.013956048,-0.00074888545,-0.119312756,0.11954923
3.35,-0.43160573,-0.031072378,0.40041974,0.23098798,-0.41592634,0.18441279,0.052256975,0.08738369,0.01909393,-0.0014355328,-0.12117976,0.11783934
3.36,-0.43848756,-0.035620444,0.402896,0.2367951,-0.4206843,0.18339448,0.055760153,0.089747794,0.02389146,-0.0014669149,-0.122228496,0.11620074
3.37,-0.43393704,-0.028796379,0.4051202,0.23123276,-0.41955274,0.18787393,0.050520934,0.094213106,0.030441696,0.0038046627,-0.1194908,0.11761228
3.38,-0.44220936,-0.03381593,0.40837216,0.23774333,-0.42516908,0.18705621,0.04774339,0.087526664,0.026542624,-0.0013756651,-0.123049185,0.1128227
3.39,-0.44271743,-0.03587873,0.4067691,0.23894846,-0.42475483,0.18518835,0.044718564,0.08928367,0.024471033,-0.0014291459,-0.12202797,0.112300396
3.4,-0.43963265,-0.032236636,0.40732995,0.23565695,-0.4234288,0.18735468,0.040059272,0.09179488,0.02325672,0.0008035342,-0.12146547,0.11332355
3.41,-0.4372595,-0.03306132,0.4042453,0.23486465,-0.42073482,0.18539433,0.038645405,0.08374032,0.016327336,-0.0040631173,-0.12723607,0.11116675
3.42,-0.4425695,-0.032474414,0.40997496,0.23727475,-0.4262969,0.18848202,0.034591798,0.07978311,0.013977234,-0.005656963,-0.1259812,0.111881785
3.43,-0.4420331,-0.034205053,0.40796915,0.2378616,-0.42490792,0.18660453,0.032910757,0.075486146,0.0068504596,-0.0110367825,-0.1291194,0.11015465
3.44,-0.43984598,-0.034747835,0.4052402,0.2370007,-0.42242417,0.18492067,0.033353876,0.068635985,-0.0012384135,-0.016408326,-0.13312519,0.108291365
3.45,-0.44048524,-0.0337984,0.4067769,0.23690096,-0.4236862,0.18623894,0.02844695,0.06579749,-0.000114894654,-0.01761687,-0.13086149,0.1100949
3.46,-0.43925446,-0.032997653,0.40598732,0.23582545,-0.42261958,0.18620957,0.030087633,0.06292768,-0.0035133439,-0.019505298,-0.13228002,0.10906565
3.47,-0.44704995,-0.040215753,0.40681154,0.24350362,-0.42688257,0.1830571,0.029882986,0.05532311,-0.0089831315,-0.026683183,-0.13907085,0.10248919
3.48,-0.44380337,-0.039439198,0.40436232,0.24137673,-0.4240849,0.18216981,0.02641567,0.052668244,-0.011203277,-0.025824662,-0.13841584,0.10519424
3.49,-0.44696125,-0.035976727,0.41093296,0.24126644,-0.42894578,0.18722524,0.02163275,0.05342903,-0.011251917,-0.028846875,-0.13636568,0.108016945
3.5,-0.44950274,-0.036808237,0.41266373,0.24280865,-0.431013,0.18769898,0.020707177,0.054422062,-0.011403152,-0.029403089,-0.13840564,0.10769934
3.51,-0.4478219,-0.029132888,0.41873363,0.23808339,-0.43322414,0.19451883,0.026055794,0.05913992,-0.0081163775,-0.024677591,-0.13215159,0.10939047
3.52,-0.43970472,0.0062435935,0.4459718,0.2165019,-0.44284725,0.22583237,0.055077016,0.08128384,0.013232387,-0.003244867,-0.11922115,0.11993299
3.53,-0.43276653,0.048843052,0.48160502,0.19183025,-0.45701057,0.26491824,0.063627586,0.08616736,0.02264002,0.008237891,-0.11120698,0.13345087
3.54,-0.4433359,0.07542453,0.5188386,0.18380746,-0.48103327,0.29683557,0.04593688,0.06439906,0.0070316135,0.0006694279,-0.11548765,0.12769851
3.55,-0.4162934,0.101887316,0.51828617,0.15697873,-0.46722952,0.3098176,0.009153509,0.043933775,-0.0025700924,0.0014246829,-0.10649678,0.14111947
3.56,-0.41301256,0.101564184,0.5144356,0.15555069,-0.4637551,0.3077212,0.0059707053,0.03506424,-0.00911661,0.0003008409,-0.10075816,0.14856109
3.57,-0.39300025,0.09439222,0.48738322,0.14906244,-0.44010085,0.2906321,-0.023956107,0.016753428,-0.027911622,-0.008117572,-0.09705758,0.15988481
3.58,-0.38321626,0.057128526,0.4403483,0.16277784,-0.4116214,0.24857219,-0.010844695,0.026492843,-0.027806072,-0.0071898527,-0.094447,0.16192114
3.59,-0.44261873,0.008830378,0.45146295,0.21662937,-0.44698152,0.22981837,0.023300849,0.030048745,-0.03693754,-0.02667005,-0.12715879,0.123775214
3.6,-0.4513488,-0.038628392,0.4125868,0.24475375,-0.4319648,0.1867585,0.031655658,0.03167415,-0.038092487,-0.033395372,-0.14025556,0.10792461
3.61,-0.45526022,-0.05717009,0.39796963,0.25588414,-0.42668435,0.17021178,0.0366222,0.02412101,-0.050938353,-0.050280835,-0.15702593,0.095814705
3.62,-0.45461893,-0.064963415,0.38960963,0.25954458,-0.4221358,0.16204046,0.038327496,0.021100864,-0.052999094,-0.052386332,-0.16131167,0.092228316
3.63,-0.46904016,-0.068816915,0.40020925,0.26863277,-0.43460587,0.1655226,0.0465681,0.032955732,-0.04397362,-0.047915943,-0.16014457,0.08932591
3.64,-0.4686932,-0.08540934,0.38319305,0.27673352,-0.42593282,0.14862789,0.047743503,0.032078438,-0.041748103,-0.043739177,-0.154843,0.09179245
3.65,-0.47194028,-0.07248237,0.39936587,0.27194658,-0.43565038,0.16315953,0.052322887,0.042296447,-0.033094294,-0.043151744,-0.16153267,0.08723736
3.66,-0.48500153,-0.10431309,0.3807775,0.29437163,-0.43300116,0.13796657,0.07488867,0.047885343,-0.03766111,-0.052148815,-0.17877366,0.06825474
3.67,-0.510656,-0.041396502,0.46928072,0.2757221,-0.4899357,0.21367635,0.2036865,0.21836299,0.13424228,0.07408039,-0.13884513,0.07325518
3.68,-0.24358433,0.0045308527,0.24818598,0.119296305,-0.24593328,0.12607959,0.36400685,0.6226452,0.7315668,0.8116649,0.46769,0.42837465
3.69,0.064799435,0.21479839,0.15009497,-0.14003544,-0.0427047,0.18211235,-0.17010942,0.123481095,0.55338556,0.95915353,0.84673256,0.771728
3.7,-0.3454343,0.1748064,0.52013236,0.08499027,-0.432776,0.34724793,-1.2543534,-1.63904,-1.3291789,-0.77806616,-0.2071266,0.3293888
3.71,-0.41455534,-0.09983378,0.3147695,0.25699723,-0.36459517,0.10722975,-1.1585927,-1.5316476,-1.4376235,-0.96439934,-0.35063675,0.25808814
3.72,-0.34021187,-0.10812266,0.23220709,0.22380541,-0.2862743,0.06177548,-0.38189918,-0.4208755,-0.4555897,-0.29596663,-0.13113986,0.2645044
3.73,-0.4280925,-0.09609216,0.3319267,0.26188692,-0.37999877,0.11761315,-0.087935746,-0.1093199,-0.18555735,-0.13839304,-0.16889995,0.13859713
3.74,-0.42881382,-0.070343375,0.35856315,0.24936476,-0.3936835,0.14384411,0.052596487,0.08209101,0.001872855,0.004604004,-0.11409132,0.1376692
3.75,-0.435466,-0.08571672,0.3497684,0.26037747,-0.39271453,0.13179669,0.07045112,0.088856,0.003734443,-0.008191755,-0.13269942,0.11668293
3.76,-0.43676126,-0.07852862,0.35819852,0.2574091,-0.3975009,0.1394641,0.100968465,0.13725822,0.050452095,0.02910108,-0.123161756,0.1135895
3.77,-0.44074184,-0.08151217,0.35903585,0.26095182,-0.39995605,0.13851623,0.10668096,0.14219373,0.048512448,0.024827702,-0.13293472,0.10419779
3.78,-0.4299825,-0.06929553,0.3607822,0.24931014,-0.3953634,0.14553414,0.12198772,0.1611401,0.07726707,0.041370507,-0.12216217,0.10975669
3.79,-0.42973748,-0.06736518,0.36253673,0.24822573,-0.3961334,0.1473819,0.13162088,0.17362802,0.09318384,0.049486615,-0.118000105,0.11145648
3.8,-0.42820042,-0.06844244,0.35980484,0.24809675,-0.3939641,0.14547691,0.1388681,0.1893129,0.10484457,0.063829504,-0.11078891,0.115028374
3.81,-0.42576244,-0.06261683,0.3630626,0.24398611,-0.3944054,0.14994004,0.14414953,0.19952853,0.11697746,0.07070531,-0.108015426,0.11654852
3.82,-0.41895375,-0.05643617,0.36263642,0.23740299,-0.39092082,0.15285306,0.14867909,0.21388943,0.13010955,0.08157981,-0.10021403,0.121307045
3.83,-0.41332954,-0.052259,0.36100027,0.23246765,-0.38711736,0.15405135,0.153803,0.23221968,0.15307645,0.094603255,-0.09245627,0.12956557
3.84,-0.4098217,-0.042248435,0.3675359,0.22586413,-0.38867864,0.1623126,0.16027115,0.24920824,0.16966575,0.107084945,-0.084883235,0.13201863
3.85,-0.39934295,-0.028848246,0.37057087,0.21383864,-0.38498896,0.17070882,0.16627988,0.26629907,0.18630812,0.12165923,-0.080218144,0.13676552
3.86,-0.39315203,-0.023349324,0.3698287,0.20793387,-0.38146684,0.17303522,0.17273425,0.2880719,0.20298055,0.13470544,-0.07220206,0.14347927
3.87,-0.3871883,-0.009599404,0.3777075,0.19806617,-0.3824607,0.18379076,0.17652245,0.30981162,0.21790935,0.15063739,-0.06346053,0.14768913
3.88,-0.37923625,0.0036116494,0.3829475,0.1875299,-0.381175,0.19301216,0.19481269,0.33823532,0.24178326,0.17308258,-0.047101893,0.16047344
3.89,-0.3719283,0.0142935,0.38631332,0.1786197,-0.3791916,0.19997776,0.20824593,0.360863,0.26695028,0.19317047,-0.032777123,0.17010967
3.9,-0.36283925,0.03777928,0.40070677,0.16225801,-0.38173047,0.21900816,0.20836812,0.37826094,0.28543648,0.20903035,-0.021360949,0.1803103
3.91,-0.3563924,0.05386805,0.41026303,0.1509591,-0.38334042,0.23170955,0.20772459,0.38880464,0.29970175,0.22377813,-0.009650374,0.19229087
3.92,-0.34623978,0.06800293,0.41429767,0.13885859,-0.38033187,0.24093403,0.20067362,0.38837248,0.306598,0.23256545,-0.00091924064,0.20125613
3.93,-0.33681735,0.08246121,0.41924435,0.12697452,-0.37799707,0.25058964,0.18794648,0.37870452,0.30525446,0.23355912,0.0106044635,0.21483189
3.94,-0.32644567,0.095730186,0.42218542,0.1151631,-0.3742917,0.2587662,0.1683042,0.36348748,0.30103552,0.23773965,0.025140999,0.22770788
3.95,-0.32172874,0.10092854,0.42263824,0.110093236,-0.37213653,0.26153576,0.14202587,0.33645895,0.28658465,0.232441,0.032530505,0.23712966
3.96,-0.32725468,0.094571225,0.42190608,0.11604475,-0.3745324,0.25799718,0.11904688,0.28873485,0.24977995,0.20935783,0.024612404,0.23436636
3.97,-0.33986515,0.07940037,0.4193089,0.13007788,-0.37957805,0.24899897,0.092993826,0.23436703,0.19332704,0.17016806,0.00031762925,0.21762013
3.98,-0.36175674,0.0684831,0.43012366,0.14647795,-0.39593944,0.24903016,0.08144436,0.18866901,0.14277622,0.12920682,-0.028696867,0.19664416
3.99,-0.38572916,0.043163463,0.42884496,0.1710655,-0.40728113,0.23572555,0.068597585,0.14601764,0.09548058,0.08963021,-0.060897205,0.17210431
4.0,-0.40464148,0.018220592,0.42285818,0.19310546,-0.41370302,0.2202789,0.059912253,0.11438567,0.058682494,0.057302475,-0.08240034,0.15608427
4.01,-0.4118458,0.012372787,0.42409113,0.1995312,-0.4179888,0.2180037,0.059476424,0.094502166,0.032829076,0.03530776,-0.09694684,0.14818919
4.02,-0.42431542,-0.003133893,0.42112795,0.21345097,-0.4227445,0.20874622,0.054221112,0.083033584,0.01924663,0.017189031,-0.11287785,0.13584115
4.03,-0.42713836,-0.0048975847,0.4221478,0.21581513,-0.4246764,0.20836732,0.051505715,0.076385446,0.011045858,0.0070544505,-0.12150852,0.12922645
4.04,-0.43016505,-0.0044539054,0.4256431,0.21714798,-0.42794248,0.2103272,0.047665175,0.07374562,0.006245122,0.0021585482,-0.12450152,0.12667851
4.05,-0.4275005,-0.010069958,0.41750062,0.21842743,-0.42246184,0.20349641,0.047670405,0.077655315,0.007602864,0.001348347,-0.13244107,0.12446583
4.06,-0.4350111,-0.014495806,0.42055112,0.22458483,-0.4277829,0.20270427,0.0464788,0.08019039,0.009068414,0.004852686,-0.12556651,0.13062073
4.07,-0.4378146,-0.0181703,0.4196809,0.22780341,-0.42875606,0.20041163,0.05364932,0.08539546,0.009672708,0.009315373,-0.12181029,0.13282534
4.08,-0.4423312,-0.01891933,0.42350814,0.23034236,-0.43293244,0.20208868,0.053747073,0.086198784,0.011663965,0.0076607163,-0.12646323,0.12786259
4.09,-0.43900073,-0.008501457,0.43047532,0.22350878,-0.4348178,0.21073423,0.0566357,0.08613575,0.016095743,0.008285516,-0.12673058,0.12897764
4.1,-0.43994865,-0.008692384,0.43123126,0.22414368,-0.43565693,0.21109088,0.057305727,0.09254121,0.024276504,0.013281235,-0.12389686,0.13259405
4.11,-0.4426919,-0.0052658916,0.43751115,0.22374529,-0.44007388,0.21585038,0.055066112,0.09269667,0.023423966,0.0140603,-0.12596655,0.13124877
4.12,-0.43719476,-0.0011063095,0.43600187,0.21887454,-0.4365622,0.21706219,0.051066816,0.08713625,0.0145253,0.00694044,-0.13272066,0.12665774
4.13,-0.44358388,0.000398025,0.44393665,0.22135659,-0.44382572,0.22197133,0.050214577,0.08556881,0.016449166,0.007889257,-0.13463885,0.122235194
4.14,-0.4454941,-0.0054018265,0.44017467,0.22516032,-0.44293714,0.21720818,0.049975343,0.08101468,0.011764466,0.0062748254,-0.13761728,0.11935361
4.15,-0.442505,-0.0036369646,0.43888357,0.22283974,-0.44066936,0.21739188,0.051037155,0.074012555,0.0065467027,0.0056059286,-0.13609472,0.117637925
4.16,-0.44298244,-0.008391701,0.43467766,0.22545792,-0.43884322,0.21288496,0.051476326,0.073120736,0.004152847,0.0061599086,-0.13991645,0.12215908
4.17,-0.44489327,-0.0189738,0.42589185,0.23167604,-0.43542156,0.20319031,0.047048762,0.067606434,-0.0025845494,0.0013506829,-0.13956605,0.12322864
4.18,-0.44940516,-0.015406789,0.43388733,0.23218207,-0.44167048,0.20906487,0.04513629,0.06546991,-0.0047069234,0.00021696938,-0.13816226,0.12339448
4.19,-0.45094198,-0.014778375,0.43609115,0.23252013,-0.44351587,0.21046108,0.047896434,0.06018445,-0.010799205,-0.008563702,-0.14348121,0.11950552
4.2,-0.4474994,-0.013685603,0.43382397,0.23025875,-0.44070193,0.20988397,0.04425103,0.056073274,-0.012719973,-0.0097225085,-0.14443704,0.11964252
4.21,-0.4517512,-0.021427171,0.43030688,0.23641469,-0.4410122,0.20421468,0.046550453,0.056164302,-0.01650046,-0.010462528,-0.14186916,0.12327162
4.22,-0.45146182,-0.028260397,0.4230867,0.23958269,-0.43734983,0.19718811,0.046753895,0.054223854,-0.015786536,-0.012165081,-0.14340256,0.118879534
4.23,-0.44924435,-0.01706644,0.43220317,0.23276576,-0.44067767,0.20728388,0.033480797,0.04850439,-0.022823589,-0.018824533,-0.1483479,0.1140775
4.24,-0.44924256,-0.011632312,0.4376067,0.23017885,-0.44329107,0.21274753,0.033656802,0.047228977,-0.025424609,-0.01810951,-0.1517467,0.114034496
4.25,-0.45227584,-0.014091002,0.43823645,0.23287803,-0.44524917,0.21190806,0.035473377,0.04777701,-0.025356451,-0.017747864,-0.15108164,0.11293255
4.26,-0.45712408,-0.01391519,0.44333708,0.23525013,-0.4502513,0.21458025,0.03242992,0.04555528,-0.024016902,-0.019026093,-0.15291546,0.11117637
4.27,-0.4611556,-0.020792158,0.4401965,0.24064702,-0.45062092,0.20940688,0.030124974,0.0439913,-0.028213724,-0.020333942,-0.1535065,0.109075315
4.28,-0.46066308,-0.0060661696,0.45469758,0.23308276,-0.4576702,0.22405033,0.038810585,0.047537003,-0.023010971,-0.013253764,-0.15168127,0.11215429
4.29,-0.456343,0.017934358,0.47421,0.21886067,-0.46523234,0.24585114,0.07312356,0.07568249,0.00453564,0.0057363706,-0.13355245,0.1267908
4.3,-0.4461802,0.059078395,0.5052116,0.19320178,-0.47567233,0.28184602,0.065100215,0.07326429,0.006525828,0.012973966,-0.12251623,0.13804033
4.31,-0.45681143,0.089329414,0.5461549,0.1833904,-0.5013665,0.3175064,0.04268758,0.05536547,-0.0031858191,0.008202088,-0.12417374,0.13664655
4.32,-0.4302855,0.11818459,0.5484191,0.15581602,-0.48927242,0.3330254,0.0073123574,0.036723446,-0.013774155,0.009113044,-0.11336192,0.15370883
4.33,-0.4285613,0.12101795,0.5494473,0.15352134,-0.48905763,0.3351123,-0.0017947252,0.027590835,-0.020393407,0.00888989,-0.11282796,0.15537088
4.34,-0.4128498,0.115513235,0.5284428,0.14839484,-0.47063008,0.32179588,-0.025482867,0.009378043,-0.039122764,-0.0026756858,-0.11226022,0.1651511
4.35,-0.41144353,0.08291542,0.49434045,0.1641669,-0.4529809,0.2883407,-0.025967292,0.013793523,-0.04437615,-0.006518583,-0.117819525,0.15834612
4.36,-0.45907205,0.02822598,0.48741716,0.21521819,-0.4732742,0.25748467,0.0064097806,0.020635545,-0.04530637,-0.020662185,-0.14509922,0.12557603
4.37,-0.46044856,-0.017035622,0.44347492,0.23843598,-0.45198917,0.21310169,0.0109317,0.022196412,-0.047773268,-0.026957944,-0.15454009,0.115313195
4.38,-0.46959782,-0.0433157,0.42632216,0.25623292,-0.4479705,0.19126384,0.016712936,0.023500254,-0.05284936,-0.034697164,-0.16204801,0.11170679
4.39,-0.47242182,-0.06448279,0.40788847,0.26812205,-0.44005513,0.17138429,0.017489986,0.023275439,-0.05526577,-0.036671415,-0.16460215,0.10629045
4.4,-0.48669744,-0.059934642,0.42659283,0.27305356,-0.45667613,0.18302396,0.024658052,0.031361595,-0.05040128,-0.037119612,-0.17183018,0.094457895
4.41,-0.48200098,-0.07188457,0.41007385,0.2767158,-0.44606414,0.16891998,0.031443648,0.029977873,-0.05215498,-0.036999088,-0.17512302,0.09677708
4.42,-0.48715496,-0.06322686,0.42386958,0.27494532,-0.4555354,0.18002078,0.045887638,0.04444985,-0.037639312,-0.03338115,-0.17371297,0.09802957
4.43,-0.49752563,-0.08414045,0.41335583,0.2907059,-0.455431,0.16431017,0.06464553,0.055163477,-0.032233648,-0.03154999,-0.18638998,0.078277804
4.44,-0.5069952,-0.024239145,0.4827028,0.26535493,-0.49478874,0.229019,0.20213519,0.2547846,0.17612652,0.13102849,-0.12396947,0.09529528
4.45,-0.20366651,0.013159585,0.21688022,0.0949911,-0.21026841,0.114745595,0.3199033,0.6353142,0.80432683,0.9454851,0.5688532,0.5093204
4.46,0.025098167,0.24858613,0.22358371,-0.13701433,-0.09925404,0.2358344,-0.2932821,-0.008263082,0.4374811,0.88326555,0.7948202,0.77138937
4.47,-0.37657005,0.16270451,0.53925776,0.106681794,-0.4579477,0.35072687,-1.3054435,-1.676046,-1.4281775,-0.8752643,-0.2696878,0.3216927
4.48,-0.3833013,-0.06754586,0.3156882,0.22506465,-0.34950173,0.12389673,-1.0903114,-1.36632,-1.29906,-0.84594494,-0.27660683,0.319008
4.49,-0.34728503,-0.082749024,0.26454842,0.21474934,-0.30593854,0.090608135,-0.34984788,-0.34809768,-0.39322412,-0.24692602,-0.12754925,0.27550328
4.5,-0.43151695,-0.06720957,0.36419624,0.2490813,-0.39780352,0.14813763,-0.093060344,-0.08636523,-0.1619052,-0.11030038,-0.17283519,0.14651506
4.51,-0.4329889,-0.053050067,0.37995976,0.24266747,-0.40658048,0.16318668,0.038843643,0.08833824,0.009629182,0.015735278,-0.1318205,0.13425323
4.52,-0.45293897,-0.07573879,0.37728694,0.26409116,-0.41524097,0.15055862,0.047320705,0.090392165,0.0077553275,0.0016082354,-0.15437327,0.118428126
4.53,-0.4477892,-0.08229451,0.3654961,0.26491496,-0.40666744,0.1413139,0.07768737,0.1375127,0.053749822,0.0425657,-0.13160737,0.12862714
4.54,-0.45321247,-0.08321214,0.36994803,0.26789677,-0.4115384,0.14312494,0.084562644,0.1462244,0.057924412,0.04272958,-0.13457087,0.120689586
4.55,-0.44982547,-0.07313714,0.37670755,0.26115432,-0.41334727,0.15156142,0.09587727,0.16746333,0.08710298,0.054735698,-0.1272634,0.12171929
4.56,-0.44528154,-0.06825323,0.37698334,0.25648603,-0.4110427,0.15407398,0.099606,0.17648196,0.09625376,0.053838402,-0.13322586,0.11711738
4.57,-0.43874487,-0.06934135,0.36926186,0.25379267,-0.40399602,0.14964202,0.10729409,0.19422719,0.110176906,0.069868736,-0.12210752,0.12611252
4.58,-0.4347943,-0.05795205,0.37696457,0.24605216,-0.4058424,0.15923637,0.10450248,0.20573454,0.12488641,0.081515916,-0.11253214,0.13241036
4.59,-0.43179956,-0.050392624,0.38145763,0.24085099,-0.40653107,0.16524154,0.11612083,0.218655,0.14175227,0.089709826,-0.1122876,0.13176551
4.6,-0.43095532,-0.05154107,0.3794593,0.24100201,-0.4051745,0.16376455,0.13269964,0.23729004,0.16094711,0.10387225,-0.10492224,0.1330149
4.61,-0.42923316,-0.03870604,0.39062122,0.2337196,-0.4098967,0.17557292,0.13031776,0.25101316,0.17721573,0.11160257,-0.100614235,0.13803698
4.62,-0.41885823,-0.025421487,0.39359346,0.22193696,-0.40622866,0.18385217,0.14138491,0.26983178,0.19712777,0.12679277,-0.0902733,0.14567903
4.63,-0.42693332,-0.02803335,0.39886853,0.22708537,-0.41273296,0.18512169,0.15683071,0.2904112,0.21440376,0.14125831,-0.08053887,0.15138352
4.64,-0.41594443,-0.018818388,0.39707634,0.21716584,-0.40661326,0.18889028,0.16407596,0.31302488,0.233914,0.16002701,-0.0646485,0.16161983
4.65,-0.41084406,-0.0067402488,0.40401423,0.208476,-0.40740436,0.19839852,0.18040437,0.34030053,0.25489286,0.18067633,-0.06009109,0.16514328
4.66,-0.39907953,0.015415391,0.41469297,0.19148642,-0.40688488,0.21487954,0.19014125,0.36272433,0.27374303,0.19530411,-0.05078678,0.17704134
4.67,-0.38500562,0.025537098,0.410677,0.179586,-0.39787656,0.21777567,0.19541067,0.37954646,0.2933626,0.21856396,-0.031109251,0.1888426
4.68,-0.37974057,0.049785517,0.42939714,0.16460493,-0.40459895,0.23932187,0.18484092,0.38318574,0.3062152,0.23299116,-0.021143885,0.19644761
4.69,-0.36966583,0.06853712,0.43833104,0.15027413,-0.4040505,0.2531762,0.17941083,0.38927072,0.31665668,0.24555282,-0.0019485392,0.21678646
4.7,-0.36592808,0.07384487,0.43977007,0.1458602,-0.4028377,0.25659367,0.16995858,0.3747246,0.31133172,0.24216285,0.0015037506,0.22290276
4.71,-0.3485458,0.10212639,0.4507435,0.122959085,-0.3996435,0.276218,0.14441156,0.3578572,0.30794948,0.2430907,0.011345853,0.23117341
4.72,-0.3479163,0.11553047,0.4634276,0.11597058,-0.40572554,0.28926626,0.12167687,0.33280113,0.2944303,0.24214247,0.02227761,0.24325496
4.73,-0.3524131,0.109462634,0.4620191,0.12132659,-0.40732405,0.28546345,0.101040326,0.28708363,0.25464448,0.22077084,0.016897798,0.24341431
4.74,-0.3707164,0.07401081,0.44475695,0.14808722,-0.40765667,0.25913146,0.08388137,0.23854586,0.2025677,0.18240215,-0.0045610685,0.22872727
4.75,-0.39156327,0.04952862,0.44118166,0.17084952,-0.41637135,0.24511825,0.05871216,0.18735492,0.14621708,0.1352648,-0.034271907,0.21204485
4.76,-0.41627544,0.031079393,0.44742522,0.19242251,-0.431831,0.23898081,0.04117689,0.13908319,0.089907005,0.08461161,-0.07589386,0.17687705
4.77,-0.43050727,0.0203916,0.45080143,0.20496431,-0.44078204,0.23536325,0.041554008,0.111802995,0.058261387,0.054404113,-0.106704794,0.15725382
4.78,-0.45040533,0.002784271,0.45325288,0.22354513,-0.45190293,0.22774307,0.033364188,0.09016672,0.029287279,0.030606978,-0.11864937,0.1505932
4.79,-0.45129386,-0.0040969653,0.4473128,0.22751084,-0.4493993,0.22143799,0.022898717,0.08070855,0.018649986,0.021494545,-0.12286651,0.14744526
4.8,-0.45464933,-0.0112054525,0.44334546,0.23283017,-0.4491237,0.2157785,0.02780405,0.0767641,0.011415354,0.008847302,-0.13304815,0.14192045
4.81,-0.4628311,-0.021812426,0.44101715,0.2420426,-0.45187742,0.20944074,0.034426954,0.07660291,0.011678037,0.005811374,-0.13399023,0.14402466
4.82,-0.46133205,-0.016219892,0.44504473,0.23851407,-0.45322356,0.21425353,0.028804349,0.073680624,0.004215385,-0.0005441468,-0.14185004,0.14015806
4.83,-0.46403828,-0.01835167,0.44562578,0.24095556,-0.45486566,0.21350417,0.036605906,0.08147381,0.008069449,0.0032365853,-0.1441571,0.1339203
4.84,-0.46661305,-0.025736129,0.4410212,0.24589388,-0.45369342,0.20740837,0.043374564,0.08805841,0.014634533,0.0069175013,-0.14266789,0.13546279
4.85,-0.46151808,-0.009904367,0.45156613,0.23537228,-0.4564643,0.22056012,0.037317164,0.084130235,0.016316552,0.0057634334,-0.1441154,0.13402262
4.86,-0.45850348,-0.008752422,0.4497364,0.23348372,-0.45419595,0.22024609,0.037656367,0.085963085,0.020046983,0.0089386385,-0.14578848,0.13381487
4.87,-0.4673296,-0.002162727,0.46516374,0.23451027,-0.46620798,0.23116244,0.037078466,0.08031919,0.01380554,0.0026515247,-0.15575267,0.119793445
4.88,-0.46917313,-0.0044080717,0.46487796,0.23655748,-0.46693942,0.22985436,0.04511725,0.08734499,0.025275966,0.0072069922,-0.15363783,0.123741694
4.89,-0.46482965,-0.008077183,0.4569325,0.23623613,-0.46086025,0.22412427,0.04495186,0.087552205,0.025229177,0.009875334,-0.14589174,0.12868133
4.9,-0.46803662,-0.004450516,0.4635966,0.23594554,-0.4659174,0.2294144,0.04403414,0.08367561,0.020524014,0.0075385873,-0.15081374,0.12616363
4.91,-0.46872076,-0.005142307,0.46344808,0.2366284,-0.46603155,0.22896221,0.04416274,0.084878825,0.021143056,0.011358115,-0.14605239,0.13052034
4.92,-0.47205606,-0.013566199,0.45853552,0.24238043,-0.46531525,0.2223229,0.041174788,0.0753574,0.013338782,0.008611758,-0.14881697,0.12983559
4.93,-0.47357515,-0.008712892,0.46480614,0.2409098,-0.4692091,0.2278243,0.036060862,0.072310716,0.00852794,0.0034373787,-0.15072615,0.12687342
4.94,-0.46849972,-0.007885007,0.46073288,0.23799396,-0.46460286,0.22621436,0.034030356,0.066879176,0.0037024985,-0.0009985009,-0.1542387,0.12531275
4.95,-0.46926355,-0.009531687,0.45971712,0.23904571,-0.4644557,0.22492301,0.029854845,0.058584657,-0.0053945296,-0.008027469,-0.16069798,0.118225984
4.96,-0.47375426,-0.007521161,0.4662562,0.2403936,-0.47006282,0.22918545,0.030155854,0.05585593,-0.007450873,-0.009026393,-0.16269685,0.12139371
4.97,-0.47607896,-0.015257206,0.4607748,0.24546075,-0.4683489,0.22242698,0.02708812,0.05278099,-0.007971269,-0.016533675,-0.16392285,0.11863659
4.98,-0.4760669,-0.013304759,0.46257687,0.24450724,-0.46926448,0.2243059,0.025951747,0.04862617,-0.010373259,-0.019010458,-0.16390729,0.11863083
4.99,-0.47465307,-0.020884307,0.4538247,0.24745597,-0.46426165,0.21612047,0.03223963,0.048058562,-0.011261399,-0.021083457,-0.16189033,0.12090211
5.0,-0.47266245,-0.015907511,0.45679995,0.2440383,-0.4646823,0.22015487,0.02589351,0.03861912,-0.019838002,-0.026001673,-0.1674527,0.11284016
5.01,-0.47169065,-0.013544757,0.45812562,0.24238539,-0.4648244,0.22197892,0.03291585,0.042563118,-0.02123002,-0.025590483,-0.16844717,0.11603944
5.02,-0.47667482,-0.017896017,0.45884335,0.24706872,-0.46774676,0.22017659,0.036474917,0.04350932,-0.019716118,-0.024912562,-0.16860342,0.11686924
5.03,-0.47990146,-0.0039482587,0.47591063,0.24154438,-0.47797912,0.23577337,0.03516385,0.038911473,-0.024228891,-0.028620824,-0.1780183,0.10532907
5.04,-0.48138028,-0.018475277,0.46293268,0.24955262,-0.47210658,0.22196542,0.04588049,0.044890415,-0.019371636,-0.023438731,-0.17070277,0.11003811
5.05,-0.4743993,-0.02489219,0.44952455,0.24935952,-0.46194243,0.21210705,0.042235218,0.04199078,-0.021979311,-0.025040809,-0.164969,0.11736151
5.06,-0.4719765,-0.017914344,0.4540392,0.24468791,-0.46300247,0.21782263,0.034900658,0.03832042,-0.021224976,-0.026438186,-0.16481267,0.11879274
5.07,-0.4778904,-0.022730809,0.45522046,0.25006142,-0.46654359,0.21596335,0.035725754,0.034475427,-0.025971347,-0.033968814,-0.17214786,0.10805349
5.08,-0.47716483,-0.022364404,0.45483416,0.24944152,-0.466006,0.21603164,0.036167726,0.033635784,-0.0288942,-0.035425495,-0.1751144,0.10628762
5.09,-0.47386646,-0.0117758475,0.46217257,0.24249454,-0.4680426,0.22504339,0.034113087,0.03857876,-0.020907769,-0.025742223,-0.16580123,0.110244654
5.1,-0.47572246,-0.0120761525,0.46351054,0.24365371,-0.46971643,0.22550212,0.036284197,0.043778885,-0.019375153,-0.025238829,-0.16968478,0.11253388
5.11,-0.47051367,-0.014605301,0.45588592,0.24228024,-0.46318126,0.22045214,0.034719005,0.03982014,-0.020215226,-0.026265142,-0.16788785,0.11627398
5.12,-0.46920055,-0.0109766545,0.45828643,0.2398822,-0.46374205,0.22333705,0.031746536,0.038744256,-0.02171546,-0.027953418,-0.17313898,0.10783835
5.13,-0.46741018,-0.005261831,0.4620591,0.23599106,-0.4647355,0.22814214,0.027418159,0.035007343,-0.025482414,-0.027931048,-0.1688392,0.11147133
5.14,-0.4703982,-0.010438257,0.45989412,0.24011606,-0.4651778,0.22460298,0.034813594,0.040514525,-0.022013258,-0.025524147,-0.16602655,0.11189902
5.15,-0.4767792,-0.015837628,0.46099344,0.24610186,-0.46884292,0.22234753,0.03692264,0.03639399,-0.02346639,-0.024913296,-0.164799,0.116564006
5.16,-0.47112975,-0.013219078,0.4580212,0.24189614,-0.46456805,0.2221456,0.034087088,0.035219822,-0.02619608,-0.029457454,-0.1713367,0.113090605
5.17,-0.4685475,-0.012472781,0.4560345,0.24027327,-0.46227074,0.22154689,0.042265605,0.04057494,-0.02301815,-0.02680136,-0.17202806,0.11102967
5.18,-0.47152758,-0.015566549,0.4560581,0.24326614,-0.46374702,0.21990995,0.036731858,0.037155688,-0.02248139,-0.022693863,-0.1664704,0.115486436
5.19,-0.47385755,-0.013136968,0.46062046,0.24322048,-0.46731818,0.22348258,0.040025406,0.037133586,-0.024993155,-0.02789514,-0.17380655,0.110937744
5.2,-0.47357103,-0.023487529,0.45009056,0.24830599,-0.46179488,0.21304731,0.04639137,0.036666747,-0.022045918,-0.025585908,-0.16957358,0.11613956
5.21,-0.4709723,-0.02000448,0.45088208,0.24531259,-0.4609547,0.21521306,0.040283445,0.03507471,-0.020953247,-0.02220554,-0.16256458,0.12105577
5.22,-0.47548854,-0.01745924,0.45817155,0.24616824,-0.46677685,0.22003417,0.043228947,0.037780914,-0.022070954,-0.021913918,-0.16511491,0.11391835
5.23,-0.47147605,-0.02139251,0.4500942,0.24622764,-0.46074164,0.21413808,0.0488061,0.038690083,-0.020774152,-0.023962142,-0.16797636,0.114359036
5.24,-0.46978423,-0.0076527675,0.46211457,0.2383987,-0.46592265,0.22705461,0.04126235,0.03273997,-0.025979847,-0.03276996,-0.17775008,0.10327981
5.25,-0.47402826,-0.011185325,0.46275076,0.24244604,-0.46846,0.22555129,0.036228683,0.029760165,-0.03025246,-0.03178609,-0.17775363,0.10857156
5.26,-0.4729099,-0.02054851,0.45220757,0.24655786,-0.46253887,0.21543401,0.039189257,0.030407593,-0.03140223,-0.030677404,-0.17293693,0.115826085
5.27,-0.4775029,-0.01587459,0.46160755,0.2463901,-0.46956447,0.2225174,0.04011119,0.03285196,-0.028562926,-0.02990372,-0.1770032,0.11181452
5.28,-0.4666969,-0.0006921455,0.4658049,0.23350473,-0.46626604,0.23228164,0.037418384,0.038617596,-0.021395264,-0.02546332,-0.17418616,0.11502701
5.29,-0.45663232,0.026136786,0.482662,0.21501051,-0.46968344,0.2541279,0.050627805,0.055875577,0.0015989335,0.000524051,-0.15424155,0.13294844
5.3,-0.4590893,0.065460235,0.5246049,0.19641937,-0.49185875,0.29477742,0.07091197,0.07096508,0.015713496,0.01724039,-0.1395374,0.14208467
5.31,-0.4594833,0.08762061,0.54715544,0.18568873,-0.5034519,0.3172331,0.049290027,0.056547955,0.0064972863,0.010905829,-0.1426765,0.14120014
5.32,-0.44678903,0.106342226,0.5531949,0.17003876,-0.49994087,0.329548,0.02332764,0.043022178,0.0014188837,0.015217177,-0.13607875,0.14768557
5.33,-0.43203124,0.11402071,0.5460456,0.15878479,-0.48895305,0.32970017,0.011081442,0.031981528,-0.008417266,0.009208798,-0.13519408,0.15767902
5.34,-0.42973673,0.104345754,0.5341704,0.16250034,-0.48195708,0.318984,-0.018137146,0.010508776,-0.02759412,-0.0054557323,-0.13763192,0.16040455
5.35,-0.41759697,0.06353868,0.4811945,0.17676587,-0.4494825,0.2721528,-0.006496721,0.026244218,-0.01750151,0.0014854223,-0.12768449,0.1679382
5.36,-0.45827776,0.031487416,0.4897548,0.21313123,-0.4739286,0.26032996,0.021870358,0.028246945,-0.021177882,-0.008309021,-0.1475945,0.143564
5.37,-0.4677701,-0.00020202265,0.46749875,0.23370287,-0.46763796,0.2333989,0.022404866,0.024205284,-0.03032566,-0.020022243,-0.16444144,0.12868145
5.38,-0.46947256,-0.027099658,0.4423983,0.24799167,-0.4559064,0.20737012,0.030506615,0.023850221,-0.037339363,-0.02983107,-0.17062637,0.12311474
5.39,-0.47945693,-0.040083013,0.43953326,0.2595344,-0.45954585,0.19935788,0.041437753,0.025671626,-0.034127735,-0.028656008,-0.17195694,0.118903585
5.4,-0.47955102,-0.03270543,0.44686693,0.25579536,-0.46311378,0.2069071,0.051028106,0.029603304,-0.03308464,-0.03380254,-0.1808175,0.10835192
5.41,-0.47736496,-0.028719075,0.44851932,0.25274464,-0.46289024,0.20973514,0.052480567,0.035239976,-0.021849578,-0.02367903,-0.17470321,0.1079137
5.42,-0.49967602,-0.05176805,0.44809976,0.2754485,-0.4739546,0.19792476,0.082217276,0.045621097,-0.0261453,-0.037388626,-0.19277641,0.09446657
5.43,-0.52009153,-0.050440468,0.46988854,0.2850194,-0.495078,0.20958768,0.15505098,0.12867121,0.057681374,0.019357331,-0.18868268,0.082551315
5.44,-0.43256435,0.018387964,0.4508377,0.20682879,-0.4416657,0.23430996,0.33340493,0.4377498,0.47463602,0.46875522,0.11214934,0.23781736
5.45,-0.043633014,0.15815349,0.20178784,-0.057500012,-0.12268588,0.17975466,0.13129394,0.5238353,0.9277023,1.2532951,0.8857256,0.7487682
5.46,-0.16934113,0.3146834,0.48401242,-0.072915785,-0.32665962,0.39912635,-0.8374244,-0.8115034,-0.41002518,0.10492209,0.31718174,0.59089965
5.47,-0.44750366,0.03250963,0.4800069,0.20726801,-0.46364766,0.25601706,-1.3022645,-1.6887876,-1.5708297,-1.0486456,-0.38222182,0.2829737
5.48,-0.3494265,-0.06423932,0.2853895,0.20659898,-0.31738564,0.11036205,-0.5931525,-0.669461,-0.65666616,-0.38673455,-0.109815,0.3629472
5.49,-0.418069,-0.05476328,0.36325258,0.23629557,-0.3907315,0.153917,-0.1498078,-0.17506896,-0.2370799,-0.16733249,-0.1808189,0.19678138
5.5,-0.44926316,-0.031838227,0.41738737,0.24027796,-0.433367,0.192579,0.025282543,0.03098877,-0.02959482,-0.0077084694,-0.14111099,0.16356908
5.51,-0.4651593,-0.06263303,0.40246725,0.2636711,-0.43382022,0.16957065,0.09067085,0.09173118,0.013515347,0.008745371,-0.15603413,0.13465723
5.52,-0.46470997,-0.04878019,0.41600218,0.2565768,-0.44031572,0.18331312,0.11129364,0.11974547,0.04287527,0.033590082,-0.15442678,0.12768334
5.53,-0.46631658,-0.043577082,0.42273304,0.25467503,-0.44456533,0.18943042,0.12862249,0.13500573,0.056416065,0.034352932,-0.16339,0.11618886
5.54,-0.4632666,-0.037870977,0.42550686,0.2503487,-0.44448805,0.19357516,0.15006058,0.15647307,0.09075969,0.045918472,-0.1521695,0.119993754
5.55,-0.46491262,-0.04190394,0.42298448,0.25314945,-0.44395387,0.19023864,0.15699299,0.16685821,0.10323635,0.052895203,-0.15038878,0.12449655
5.56,-0.46006712,-0.04413715,0.41582024,0.25181004,-0.43801522,0.18564026,0.16136767,0.17622153,0.107873045,0.059503637,-0.14552708,0.1278243
5.57,-0.460103,-0.058336332,0.40184674,0.25894925,-0.4310126,0.17153336,0.17242058,0.20132245,0.13465142,0.08206276,-0.1264648,0.14411417
5.58,-0.45418367,-0.031716134,0.42247728,0.24271768,-0.43834588,0.19518764,0.17414099,0.2096294,0.14158034,0.08738751,-0.12459293,0.14131637
5.59,-0.45159492,-0.02912153,0.42250007,0.24006331,-0.43702677,0.19638975,0.18471989,0.22327493,0.15649836,0.099886134,-0.12070555,0.14274436
5.6,-0.44781724,-0.031814106,0.41595644,0.2395913,-0.43195295,0.19176896,0.19059265,0.2360991,0.16560496,0.104953036,-0.12139119,0.14033061
5.61,-0.43785703,-0.01669211,0.42111003,0.22695462,-0.4294785,0.20179921,0.19862673,0.25473824,0.1812902,0.11545134,-0.11637829,0.14068453
5.62,-0.43700993,-0.010833741,0.42601243,0.22374041,-0.43154904,0.20733617,0.20914708,0.27090144,0.1982595,0.12958,-0.10675463,0.14811723
5.63,-0.43765685,2.6562448e-05,0.43766496,0.21857724,-0.43767276,0.21867898,0.21597572,0.28365788,0.2065639,0.13273552,-0.10651206,0.15242358
5.64,-0.4300481,0.008115352,0.4380656,0.2106014,-0.43409854,0.22287637,0.23770115,0.3120094,0.23018812,0.15568523,-0.08794427,0.16724145
5.65,-0.4252155,0.015639178,0.44089884,0.20450738,-0.43311664,0.22811687,0.26248085,0.34113935,0.25591466,0.18126884,-0.06740724,0.18249136
5.66,-0.4154349,0.038226992,0.45376292,0.1883765,-0.43460044,0.24573566,0.26512715,0.35730666,0.27292722,0.1963627,-0.064366445,0.18036062
5.67,-0.41108373,0.055936392,0.46691573,0.1773344,-0.4390518,0.26114723,0.27125943,0.3731039,0.29502305,0.21276833,-0.053959083,0.18538977
5.68,-0.3993316,0.08019909,0.47968605,0.15929434,-0.43953732,0.27973872,0.27144593,0.3794274,0.30449817,0.21891534,-0.045438465,0.19627257
5.69,-0.38867134,0.09652832,0.48520875,0.1458309,-0.4370372,0.29072967,0.25405464,0.36940777,0.30057174,0.22179484,-0.036552306,0.21139441
5.7,-0.38380077,0.106086284,0.48996085,0.13860177,-0.4368978,0.29779223,0.23607343,0.35990366,0.29979482,0.22622667,-0.02318405,0.22525635
5.71,-0.37085345,0.13393503,0.5045718,0.118216015,-0.43766603,0.31895825,0.21239875,0.341052,0.29248625,0.22991917,-0.010173318,0.23541035
5.72,-0.36034253,0.1473206,0.5076283,0.10625374,-0.43394023,0.32734066,0.1970638,0.32346812,0.28694504,0.23811036,0.00668399,0.24751537
5.73,-0.36660245,0.13869804,0.5053841,0.11364044,-0.43600342,0.3218495,0.17615832,0.29712027,0.2667387,0.23020312,0.009923813,0.25458726
5.74,-0.37745085,0.12087158,0.4981783,0.12803966,-0.43778527,0.3092503,0.15021409,0.25076,0.22821961,0.20290132,-0.0028819141,0.24468371
5.75,-0.3899789,0.101613976,0.4915368,0.1439892,-0.44075137,0.29624063,0.13343087,0.20521723,0.17938331,0.16458492,-0.03217391,0.22317977
5.76,-0.40368795,0.08171134,0.48535773,0.16074952,-0.44448203,0.2832351,0.12203988,0.16310842,0.13083173,0.12338354,-0.06348306,0.20668474
5.77,-0.41979268,0.056070995,0.4760236,0.18169975,-0.44802263,0.26591352,0.11474152,0.13656949,0.10043446,0.0952969,-0.0831979,0.18757012
5.78,-0.43223137,0.039389133,0.47150797,0.19635925,-0.4518829,0.2553105,0.106620386,0.11581189,0.07132471,0.0675347,-0.10392257,0.1737038
5.79,-0.4421194,0.051600534,0.49363858,0.19494496,-0.4678829,0.27236557,0.101685464,0.099304095,0.053317465,0.04947303,-0.118388616,0.16050313
5.8,-0.44723898,0.021511918,0.46888378,0.2126981,-0.45802867,0.24492289,0.10412429,0.09348946,0.044344865,0.036265686,-0.13100561,0.15367909
5.81,-0.45041007,0.019474035,0.47002944,0.21518952,-0.46027714,0.24454878,0.10687267,0.09101751,0.04573117,0.032487094,-0.13537607,0.15450129
5.82,-0.44754004,0.03664082,0.484206,0.20519613,-0.46586138,0.2601543,0.109661244,0.096825585,0.045659564,0.029092401,-0.14111888,0.15051621
5.83,-0.4483481,0.022015832,0.4703041,0.21302976,-0.45922002,0.24583037,0.10650193,0.1005501,0.047335736,0.03811968,-0.13276015,0.15318333
5.84,-0.44917542,0.025359685,0.47471383,0.2116257,-0.46197993,0.2497388,0.10850964,0.10155356,0.051569916,0.04174485,-0.13093704,0.1519416
5.85,-0.4517638,0.031918667,0.48360112,0.20959775,-0.46758974,0.2575653,0.10397183,0.09864359,0.044946764,0.029113403,-0.1444402,0.14233655
5.86,-0.44601426,0.039417602,0.4855375,0.20301984,-0.4658133,0.26230186,0.103029266,0.1021159,0.053628813,0.03383499,-0.14148952,0.14573628
5.87,-0.45339498,0.02056616,0.47388697,0.21620442,-0.46367303,0.24698696,0.1079021,0.10181688,0.055658054,0.032315742,-0.14099027,0.14732519
5.88,-0.4479925,0.027841937,0.47575897,0.20979382,-0.46183994,0.25159854,0.10591834,0.0994201,0.055705834,0.034611836,-0.14070411,0.14935115
5.89,-0.45888692,0.025740946,0.48461232,0.21632586,-0.47165325,0.25491658,0.109880514,0.10356284,0.058297433,0.03573669,-0.14218514,0.14530984
5.9,-0.46027005,0.0284626,0.48868397,0.21579006,-0.47438556,0.25831637,0.11157035,0.095812075,0.05031655,0.028329633,-0.15588962,0.13760123
5.91,-0.4557989,0.029518083,0.48521742,0.21281473,-0.4705908,0.25716203,0.10776919,0.093844965,0.050563697,0.031533923,-0.14724371,0.14984863
5.92,-0.46301353,0.03209776,0.4952065,0.21514735,-0.47917408,0.26348802,0.11125076,0.090728484,0.048371334,0.02951524,-0.14806601,0.14333616
5.93,-0.46110868,0.019762406,0.48083225,0.22038087,-0.4708225,0.25012714,0.107836984,0.08319577,0.04131639,0.02140907,-0.15274572,0.1431898
5.94,-0.46097603,0.01456365,0.47567794,0.22295853,-0.46825072,0.24484278,0.10050588,0.08051906,0.035657506,0.018263116,-0.15496422,0.14288132
5.95,-0.463061,0.02855728,0.49148807,0.21691309,-0.47714072,0.25976458,0.093169935,0.07351531,0.029985128,0.017390344,-0.1603094,0.13382901
5.96,-0.4614295,0.025353046,0.4868182,0.21773726,-0.4742058,0.25598598,0.089108564,0.0701896,0.022616943,0.013912091,-0.16046555,0.13478561
5.97,-0.46118402,0.022677528,0.48385406,0.21901672,-0.4724994,0.25305095,0.08479217,0.06496718,0.015264103,0.006133961,-0.16374576,0.13582838
5.98,-0.4597,0.030327193,0.48993048,0.21446592,-0.47485256,0.25990355,0.08142037,0.060556896,0.014829591,0.0013598399,-0.16746719,0.13188916
5.99,-0.45572457,0.033240978,0.4890495,0.21098651,-0.47247767,0.26103586,0.07537086,0.053896826,0.009140637,-0.0011878641,-0.16253494,0.1398311
6.0,-0.4603752,0.026797304,0.487168,0.21654814,-0.47373468,0.25662604,0.07750799,0.05359992,0.009769208,-0.0007919723,-0.16193959,0.14238405
6.01,-0.4716065,0.017442767,0.489205,0.22677921,-0.48041576,0.252915,0.07646394,0.050483603,0.007834044,-0.0038189332,-0.16802076,0.1325586
6.02,-0.46648014,0.013171332,0.47964862,0.22640476,-0.47299206,0.24608639,0.077608705,0.049718548,0.0024641,-0.0028029145,-0.16914944,0.13241914
6.03,-0.4697652,0.019182391,0.48902228,0.22511074,-0.4794068,0.2539113,0.076321274,0.049068343,0.006047286,-0.004501834,-0.17442127,0.12964168
6.04,-0.47160617,0.0058212164,0.47748202,0.2326497,-0.47443312,0.24137273,0.08193197,0.047267325,0.0044689756,-0.008558623,-0.17110644,0.13414425
6.05,-0.46611208,0.023473682,0.48961452,0.22120698,-0.47790864,0.25626904,0.079093754,0.045325045,0.0010999719,-0.010382636,-0.17597184,0.12460165
6.06,-0.4704611,0.02494027,0.49527192,0.22257154,-0.48286718,0.25984877,0.08114377,0.046704527,0.0019083779,-0.014369864,-0.1768131,0.12687701
6.07,-0.4689145,0.0010752571,0.46997455,0.23369713,-0.4694151,0.23525721,0.083155744,0.048863932,0.0018917194,-0.011984815,-0.16954327,0.13784371
6.08,-0.46912014,0.009769072,0.47892734,0.2294529,-0.47395852,0.24411114,0.08346288,0.04451152,0.002254051,-0.011755072,-0.17033605,0.13604946
6.09,-0.4681758,0.018728683,0.48681194,0.22447261,-0.4775559,0.25252476,0.0818133,0.041140106,0.00022616578,-0.01260947,-0.17462644,0.12897463
6.1,-0.46989238,0.01448779,0.48436445,0.22759715,-0.4771436,0.24904838,0.08339844,0.038475495,-0.0020971755,-0.02043833,-0.17636816,0.13016024
6.11,-0.4620656,0.013413471,0.47540164,0.22412932,-0.4686707,0.2441588,0.08585174,0.040709544,0.0033273224,-0.01666461,-0.16931492,0.13589115
6.12,-0.47204155,0.010256441,0.48218885,0.23059054,-0.47710612,0.24603713,0.08805478,0.04296202,0.0020707292,-0.0151063185,-0.17001529,0.13336329
6.13,-0.47460765,0.018318107,0.4927904,0.227941,-0.48366708,0.25528017,0.08280036,0.039020184,-0.0036441877,-0.021364633,-0.17790185,0.12764077
6.14,-0.46821,0.024087917,0.49237275,0.22177474,-0.48032856,0.25804365,0.08056321,0.0390255,-0.0056556137,-0.02450217,-0.1830656,0.12562665
6.15,-0.4555156,0.050075594,0.505684,0.20248593,-0.48055953,0.27758363,0.091490224,0.05126843,0.012556317,-0.0040497305,-0.16078946,0.14780307
6.16,-0.45210686,0.10459834,0.55656403,0.1735368,-0.5043207,0.33024517,0.10869067,0.06740116,0.034065265,0.0151262395,-0.14523894,0.15766488
6.17,-0.44946417,0.1204532,0.56991535,0.1642723,-0.5096683,0.34484985,0.09092184,0.056588627,0.03285157,0.015312022,-0.14198893,0.1605321
6.18,-0.4609668,0.12823027,0.58915687,0.16616164,-0.52491933,0.35840413,0.063138425,0.03131007,0.0090028765,-0.0044667316,-0.1527674,0.15345775
6.19,-0.4374687,0.14994718,0.58748484,0.14366022,-0.51256895,0.36852494,0.055782415,0.02528306,0.009911378,2.5353525e-05,-0.14521171,0.16228789
6.2,-0.4371727,0.13142125,0.5684394,0.1525956,-0.5028455,0.34974316,0.020307433,-0.00094426394,-0.014251496,-0.017503345,-0.15283018,0.16360608
6.21,-0.4250843,0.09640175,0.52154803,0.1639252,-0.47333512,0.3087303,0.02445771,0.010880038,-0.011051099,-0.012458421,-0.14264217,0.17498115
6.22,-0.4459363,0.07215134,0.51811314,0.18659917,-0.48204464,0.29485884,0.053113773,0.020787122,-0.0061442424,-0.010269418,-0.1468175,0.16451187
6.23,-0.47591132,0.026026193,0.50195116,0.22461496,-0.48891488,0.26379985,0.06225302,0.022861166,-0.010245792,-0.022058442,-0.16981772,0.14249666
6.24,-0.47460437,-0.006964245,0.46774164,0.24058974,-0.47117117,0.23017476,0.069198936,0.022808418,-0.01716376,-0.03388838,-0.17953427,0.13125768
6.25,-0.48028302,-0.015077299,0.46510634,0.24749431,-0.47282687,0.22477023,0.073273435,0.026203766,-0.012895364,-0.031381246,-0.17829438,0.12940685
6.26,-0.4859786,-0.011837677,0.47399843,0.24857442,-0.48002645,0.23077609,0.08822087,0.03610662,-0.0056049805,-0.03204418,-0.1862837,0.13113089
6.27,-0.4873393,-0.018861467,0.46841705,0.25286424,-0.47788012,0.22445047,0.08519124,0.033864003,-0.005276639,-0.03014312,-0.18593635,0.12250395
6.28,-0.4920713,0.0013773809,0.4933057,0.24514464,-0.4927166,0.24710593,0.09799129,0.046940323,0.0036612013,-0.030298335,-0.1883277,0.12278536
6.29,-0.49666688,-0.028970161,0.46764207,0.26261008,-0.48216885,0.21909185,0.13459599,0.069772966,0.01587219,-0.027825503,-0.19503503,0.111577995
6.3,-0.4953501,0.036497302,0.53194314,0.22923528,-0.5136179,0.2839511,0.2868625,0.27182117,0.25301987,0.18049468,-0.09961997,0.14383052
6.31,-0.20091768,0.07216948,0.27307993,0.06409183,-0.23703398,0.17230497,0.32497367,0.63033086,0.8986061,1.0379149,0.59461874,0.55353755
6.32,0.006656459,0.33543444,0.3288718,-0.17120339,-0.16110837,0.33176142,-0.4010531,0.050789833,0.5442713,0.948005,0.76952356,0.7808321
6.33,-0.33077207,0.1815496,0.51236963,0.07432015,-0.42166406,0.34678605,-1.2885188,-1.4752451,-1.2626526,-0.75422776,-0.1945944,0.38112104
6.34,-0.33980802,0.008918714,0.34886187,0.16511407,-0.3442924,0.17860211,-0.88872576,-1.0564498,-0.995261,-0.62955487,-0.17090271,0.38854694
6.35,-0.3661839,-0.014592638,0.35165,0.19019231,-0.3589735,0.16829443,-0.22990087,-0.24119364,-0.2660463,-0.1843293,-0.12751716,0.28987515
6.36,-0.4526813,-0.01644295,0.43618992,0.23435378,-0.4444756,0.20951612,-0.013058729,-0.04198206,-0.08192946,-0.07267536,-0.1709938,0.17401844
6.37,-0.44624084,-0.006100231,0.4402301,0.22597404,-0.44318718,0.21677412,0.099765256,0.095882654,0.055716604,0.022293491,-0.14245597,0.16441257
6.38,-0.46665683,-0.03425673,0.43241534,0.2502054,-0.44945088,0.19877623,0.11688942,0.10270678,0.051859684,0.009543841,-0.16543531,0.14070992
6.39,-0.4661225,-0.017033774,0.44916406,0.24136649,-0.45770624,0.2157328,0.15411694,0.14414778,0.0941379,0.035233717,-0.16153617,0.13316606
6.4,-0.45949852,-0.02607397,0.43352318,0.24245727,-0.44652155,0.20353267,0.16088586,0.14934817,0.09869395,0.043770187,-0.14987677,0.14068298
6.41,-0.46742588,-0.028736487,0.43863386,0.24781701,-0.45293635,0.2046667,0.17362203,0.16961265,0.117615946,0.053039283,-0.14772211,0.13840385
6.42,-0.4618478,-0.013351016,0.44854063,0.23729748,-0.45515904,0.21734671,0.18125333,0.18081842,0.12775686,0.062107846,-0.1465383,0.13922746
6.43,-0.45660272,-0.014078148,0.44245785,0.23506962,-0.44955954,0.21401724,0.18634813,0.1889197,0.13643734,0.07506652,-0.14137189,0.1427027
6.44,-0.45422986,-0.004901126,0.4492424,0.22933866,-0.45175552,0.22196029,0.19043086,0.20203714,0.1525022,0.081553526,-0.14074084,0.14209631
6.45,-0.4476039,0.0023517392,0.45004907,0.22244243,-0.44886088,0.22588235,0.20560816,0.22272816,0.17042401,0.09577366,-0.124253914,0.15943478
6.46,-0.4527374,-0.012722346,0.4399381,0.23247205,-0.44630647,0.2134024,0.21353273,0.23500481,0.18074366,0.0997113,-0.12322949,0.15584658
6.47,-0.43965024,0.01054399,0.45024922,0.2142616,-0.44499376,0.23015891,0.22423644,0.25322318,0.20452315,0.1179897,-0.11430971,0.1576633
6.48,-0.4317422,0.022730451,0.45448297,0.20415528,-0.44306332,0.23831254,0.23033811,0.26629543,0.21504195,0.123441674,-0.113623,0.15497962
6.49,-0.42757934,0.03821005,0.4659212,0.19447587,-0.4466519,0.2517934,0.24669011,0.2928565,0.24295548,0.14729634,-0.09998716,0.17283435
6.5,-0.42475155,0.022337703,0.44705546,0.20089069,-0.43592817,0.23441088,0.26908323,0.32844213,0.27480972,0.17685428,-0.07780529,0.18662283
6.51,-0.4177985,0.04923657,0.4668642,0.18399674,-0.44228956,0.25778478,0.2824656,0.34998474,0.29399526,0.18925805,-0.07417465,0.1866006
6.52,-0.40985253,0.067720644,0.47756958,0.1708013,-0.44373962,0.27233577,0.29245275,0.3712998,0.3187509,0.20916808,-0.063807555,0.19467838
6.53,-0.4033678,0.09392286,0.49723852,0.15441468,-0.4502089,0.29530978,0.3039035,0.3899707,0.34161302,0.228446,-0.052601982,0.20102678
6.54,-0.39538547,0.097025976,0.4923307,0.14891337,-0.44378027,0.29449695,0.3017868,0.405017,0.36286864,0.2525964,-0.029829457,0.21884903
6.55,-0.38561365,0.12633237,0.51184106,0.12942635,-0.4487047,0.31886923,0.2863469,0.40200743,0.3716765,0.2602028,-0.021057578,0.22947046
6.56,-0.38106337,0.13802397,0.51918274,0.12128592,-0.45015574,0.32831618,0.28106204,0.39869225,0.37574705,0.27101848,-0.0060500787,0.24167074
6.57,-0.38031912,0.14841123,0.52875435,0.115615815,-0.45444205,0.3383202,0.2599201,0.38884097,0.3726909,0.27219528,0.0026544195,0.2496266
6.58,-0.36990964,0.16376804,0.5335967,0.10284634,-0.45177373,0.3483685,0.24267161,0.37434244,0.3680002,0.27704513,0.015464733,0.2645892
6.59,-0.36625394,0.16766828,0.5337422,0.09892695,-0.4501229,0.35048696,0.20597963,0.32739663,0.32450902,0.24966276,0.008518848,0.26275295
6.6,-0.37845567,0.13349195,0.5119912,0.12226914,-0.4453083,0.32253978,0.18074636,0.27313232,0.26710516,0.2059384,-0.01669157,0.24721152
6.61,-0.40093958,0.10765882,0.5085614,0.14642094,-0.45468926,0.3078278,0.16091633,0.21885692,0.2080035,0.15551637,-0.050555862,0.2236391
6.62,-0.4222796,0.079471536,0.50183165,0.17114693,-0.46208563,0.29045305,0.14712843,0.1779719,0.16096798,0.116715685,-0.078864925,0.19895415
6.63,-0.43026525,0.0627391,0.4931604,0.18350387,-0.46178874,0.27776265,0.1275922,0.1409271,0.122883745,0.089163415,-0.09046314,0.19506828
6.64,-0.43532002,0.048091948,0.4834909,0.19336951,-0.45945045,0.2655392,0.1243072,0.11896349,0.09774861,0.063967936,-0.10563292,0.1871794
6.65,-0.43626854,0.03463543,0.4708674,0.2004972,-0.45350114,0.2525017,0.12060606,0.10334772,0.077404,0.044782814,-0.12032492,0.18204984
6.66,-0.45275757,0.028212242,0.48088497,0.2120404,-0.4666983,0.25421324,0.11756027,0.09442243,0.0652954,0.031397205,-0.13711932,0.1634099
6.67,-0.45607376,0.039583806,0.49571538,0.20807758,-0.47588286,0.26733583,0.12370384,0.08723498,0.058527518,0.015796538,-0.15239687,0.1514196
6.68,-0.45506325,0.02519332,0.4802698,0.21467435,-0.46762004,0.2524873,0.124120906,0.08872772,0.059543084,0.011358206,-0.15047812,0.15732189
6.69,-0.45295694,0.030386297,0.48320898,0.21097374,-0.46813607,0.25654483,0.123941414,0.09081416,0.069580704,0.022433834,-0.14070882,0.15907376
6.7,-0.45648167,0.01817609,0.47461364,0.21894264,-0.46548223,0.24607451,0.12533264,0.09298289,0.06776959,0.022441458,-0.1448256,0.15947151
6.71,-0.45430353,0.023692498,0.47791898,0.21509457,-0.46603468,0.25052607,0.129522,0.09759789,0.069926515,0.02120797,-0.14926234,0.15468037
6.72,-0.45285496,0.03265619,0.48547426,0.20985647,-0.46913254,0.2588068,0.12925528,0.09800169,0.07088556,0.02356881,-0.1502297,0.14960718
6.73,-0.46110556,0.014271024,0.47529733,0.22315414,-0.46818504,0.24457893,0.13424742,0.09747237,0.06746445,0.016022118,-0.15418889,0.1545055
6.74,-0.46084732,0.01796901,0.4787594,0.22120902,-0.46988982,0.24807449,0.13123302,0.09490095,0.06752015,0.017968496,-0.15147556,0.15704739
6.75,-0.4570394,0.024962025,0.4821097,0.21576938,-0.46964434,0.2532831,0.14136656,0.09814557,0.08230108,0.022319255,-0.14681251,0.15634061
6.76,-0.4558379,0.017782431,0.4735952,0.21876386,-0.46470988,0.24543199,0.13279593,0.08956678,0.06953418,0.012229715,-0.15517424,0.15090999
6.77,-0.46413136,0.0038019556,0.467733,0.22986972,-0.46583208,0.23557098,0.13199383,0.094177626,0.068737864,0.023918984,-0.14728284,0.15652694
6.78,-0.4547158,0.015577254,0.47031862,0.21937403,-0.4626547,0.24273166,0.13312696,0.095829174,0.06999945,0.028125217,-0.14461866,0.15584546
6.79,-0.4578374,0.019516122,0.4772045,0.21884117,-0.46750328,0.24816662,0.12467647,0.081936546,0.057328105,0.018950831,-0.1493958,0.15513724
6.8,-0.46518025,0.016268428,0.48148677,0.2241904,-0.47328997,0.24857548,0.12863311,0.07805555,0.051601257,0.011813951,-0.15890454,0.14512093
6.81,-0.4553792,0.010246191,0.46557507,0.2223993,-0.46050638,0.23757462,0.12814304,0.07871218,0.051168323,0.013760951,-0.1563788,0.1516132
6.82,-0.4621687,0.00457443,0.46682182,0.22853796,-0.4645187,0.23551185,0.12785809,0.07549516,0.046074472,0.009597858,-0.15830761,0.15236737
6.83,-0.46233317,-0.0037626985,0.45861802,0.23270164,-0.4605011,0.22715822,0.12741181,0.076477766,0.048182085,0.013798335,-0.15543047,0.14916337
6.84,-0.4661232,0.007068538,0.47318748,0.22928838,-0.46959493,0.23976351,0.11511589,0.06359725,0.033024218,0.0051506376,-0.16130137,0.14857472
6.85,-0.46263438,0.004165633,0.46682903,0.22900048,-0.46468124,0.2352177,0.11095573,0.06277771,0.037536073,0.004966181,-0.15992822,0.1506455
6.86,-0.46918932,-0.011624293,0.45747763,0.24019207,-0.4633956,0.22271885,0.11296478,0.06362494,0.043180354,0.0077967453,-0.15501547,0.15205815
6.87,-0.4700332,-0.0068246853,0.4631411,0.23809446,-0.4665325,0.22777589,0.113890454,0.061841235,0.03838358,0.01196734,-0.15268192,0.15596358
6.88,-0.46833405,0.00051030715,0.46887106,0.23368028,-0.46855542,0.23450845,0.103267945,0.053258013,0.02603833,-0.00017177255,-0.16448048,0.14644916
6.89,-0.46869004,-0.010918859,0.45793182,0.23952523,-0.46322784,0.22319004,0.10641121,0.060480952,0.02652038,-0.0038369962,-0.17083852,0.13852966
6.9,-0.47143415,-0.0059238086,0.46536505,0.23846199,-0.46841666,0.22941557,0.10695483,0.05618142,0.026108097,-0.0005093795,-0.15923882,0.14675257
6.91,-0.4656415,-0.0055768797,0.45997772,0.23538928,-0.4627738,0.22696204,0.11040629,0.059526198,0.033794004,0.0048490255,-0.15579134,0.14913157
6.92,-0.46975064,-0.016201846,0.4535152,0.2428077,-0.46156377,0.21831469,0.11385416,0.05615802,0.02474982,-0.0067534354,-0.17031997,0.14153613
6.93,-0.46749023,-0.012706658,0.4548327,0.23977768,-0.4611735,0.22082256,0.11191579,0.05529919,0.027011119,0.0004130477,-0.16450976,0.14534763
6.94,-0.47050902,-0.0029364214,0.4676678,0.23645036,-0.46909672,0.23210609,0.11089625,0.056173537,0.029480573,0.0013198084,-0.16856915,0.13798264
6.95,-0.46737397,-0.007864398,0.4595031,0.23740175,-0.4634744,0.22558075,0.10890929,0.05787901,0.027109051,0.0016312845,-0.16366202,0.14976434
6.96,-0.46792245,-0.0120374095,0.45585123,0.2397651,-0.4617779,0.22162722,0.10834542,0.063752376,0.030895058,0.0079227565,-0.15578093,0.15528755
6.97,-0.45922357,0.0053185127,0.46446362,0.22673756,-0.46180752,0.2346594,0.110326715,0.0696452,0.03763405,0.013511246,-0.15467325,0.1521852
6.98,-0.44579872,0.06778249,0.51360375,0.18880151,-0.47975197,0.2904525,0.13541223,0.08999661,0.06355306,0.035933554,-0.13924949,0.16303048
6.99,-0.44484562,0.08420836,0.52902395,0.1800425,-0.48679665,0.30633026,0.12732968,0.08754136,0.06819711,0.039484274,-0.13680618,0.16720623
7.0,-0.4454549,0.11612846,0.5615351,0.1644052,-0.50360936,0.33864057,0.08387538,0.05318997,0.04324301,0.023744293,-0.14135228,0.16879392
7.01,-0.44009808,0.113969445,0.5541403,0.16277118,-0.49716553,0.33379605,0.08316746,0.052098986,0.040919535,0.024321489,-0.13175783,0.18480636
7.02,-0.4366201,0.11634139,0.55297303,0.15988912,-0.49479836,0.33435133,0.05228411,0.02683163,0.017450232,0.008434607,-0.14026338,0.18253428
7.03,-0.42100868,0.08251447,0.50348955,0.16893815,-0.4622105,0.29287714,0.045530103,0.031623337,0.016970048,0.011752157,-0.13183104,0.19210935
7.04,-0.4193967,0.045120347,0.46445194,0.18685387,-0.44183972,0.25458714,0.061688304,0.05253062,0.0337935,0.027564589,-0.118704855,0.20091952
7.05,-0.45575383,0.02025517,0.47599286,0.21746287,-0.46580112,0.24792492,0.070898026,0.04746395,0.023049802,0.005992644,-0.14828672,0.16883041
7.06,-0.46470165,-0.013462106,0.45121124,0.23886499,-0.45797026,0.2186483,0.08081954,0.050874256,0.023680562,-0.0012406362,-0.16136819,0.15236452
7.07,-0.46787718,-0.034920663,0.4330017,0.2511325,-0.45044804,0.198764,0.080668904,0.047752954,0.020919539,-0.0021413423,-0.16419582,0.14999421
7.08,-0.47539848,-0.03720363,0.43813756,0.25610694,-0.45675778,0.20012252,0.095262736,0.05625304,0.024621176,-0.00046498887,-0.16914134,0.14893493
7.09,-0.4736079,-0.051500212,0.42198682,0.26228905,-0.44781518,0.18489301,0.10406653,0.05397457,0.019124156,-0.006557633,-0.1742225,0.1487362
7.1,-0.4738688,-0.05049757,0.4233133,0.26191774,-0.44855386,0.18625903,0.11615947,0.072948664,0.04028015,0.010728042,-0.16305059,0.15551673
7.11,-0.4963016,-0.07413168,0.4222094,0.28496614,-0.4592804,0.17387022,0.12690626,0.06034729,0.014883583,-0.021646392,-0.19811644,0.11957127
7.12,-0.50263125,-0.008394785,0.4942976,0.25523138,-0.4985107,0.24279214,0.22911295,0.18159771,0.14529236,0.07648336,-0.16990599,0.11935345
7.13,-0.3456278,-0.0067603057,0.33881712,0.17591573,-0.34223098,0.16578402,0.36244214,0.5100693,0.6471783,0.67023456,0.26497334,0.3698268
7.14,0.027878698,0.20779948,0.17987934,-0.11811205,-0.075935684,0.19359086,-0.04462737,0.56716496,1.0512192,1.3414849,0.91566676,0.821422
7.15,-0.16735697,0.23839644,0.40585637,-0.03576808,-0.28663567,0.32193634,-1.0549335,-0.87864935,-0.55124533,-0.10547288,0.16946371,0.5561065
7.16,-0.34774667,-0.022145875,0.32566997,0.18464537,-0.33676708,0.15153338,-1.1164786,-1.3245473,-1.2380214,-0.8003145,-0.23030671,0.3898912
7.17,-0.31039396,-0.037420765,0.27294067,0.17371948,-0.2916517,0.11741317,-0.34550393,-0.3458557,-0.3331913,-0.18120293,-0.0410308,0.40565735
7.18,-0.4108467,-0.057331815,0.35337695,0.2339029,-0.38214836,0.14761983,-0.043630388,-0.08023508,-0.11580451,-0.09368232,-0.15394247,0.23047696
7.19,-0.42332304,-0.03378684,0.3895931,0.2282431,-0.40650144,0.17765848,0.11434806,0.11389269,0.079154275,0.055253822,-0.11516652,0.20141329
7.2,-0.44271126,-0.045847066,0.3967509,0.24411921,-0.41979793,0.17525809,0.14650469,0.1241509,0.07711243,0.036951486,-0.1443413,0.17576636
7.21,-0.44740912,-0.053039916,0.39435554,0.24992962,-0.42095846,0.17037134,0.17729798,0.16686313,0.1227657,0.07292341,-0.13607202,0.16931382
7.22,-0.44955593,-0.053887825,0.39579013,0.251541,-0.42258805,0.17065383,0.18845609,0.17198773,0.122887336,0.07152457,-0.14709242,0.15397131
7.23,-0.44146144,-0.049694706,0.391716,0.24524054,-0.41663334,0.17077675,0.19561966,0.18892947,0.14811485,0.08893878,-0.12764958,0.17238665
7.24,-0.44506264,-0.04651732,0.39856604,0.24554075,-0.42182133,0.17586778,0.20157917,0.19462185,0.16122207,0.08856086,-0.12866063,0.16733588
7.25,-0.44912726,-0.043536585,0.40550712,0.2460519,-0.4272558,0.18079889,0.2095362,0.20398365,0.17315222,0.09752112,-0.12103661,0.17344086
7.26,-0.44563028,-0.052580386,0.39295325,0.248752,-0.4193567,0.16999683,0.21211532,0.21675996,0.18022826,0.10455842,-0.12184694,0.17572242
7.27,-0.4419937,-0.0562157,0.38577986,0.24885282,-0.4138794,0.16448936,0.22788318,0.23738955,0.201845,0.12049646,-0.11579299,0.17396247
7.28,-0.43724918,-0.04108474,0.3961311,0.23890191,-0.41668344,0.17738293,0.22711201,0.24222581,0.20564654,0.12581651,-0.11177092,0.17447379
7.29,-0.43289053,-0.020175193,0.412822,0.22629,-0.42282817,0.1960501,0.23650339,0.255766,0.21871413,0.13353914,-0.10828348,0.17747967
7.3,-0.43245542,-0.028554855,0.4039724,0.23030515,-0.41820344,0.18747976,0.25581625,0.28083238,0.24374352,0.15423162,-0.09449035,0.19357948
7.31,-0.4236098,-0.011299139,0.4122311,0.21723685,-0.41792685,0.20021698,0.2649248,0.2983072,0.2662522,0.17043693,-0.08582178,0.19648609
7.32,-0.4096404,0.0117303,0.4213395,0.19870737,-0.41542622,0.21625,0.2757359,0.32444665,0.29298893,0.18840565,-0.07652585,0.20162915
7.33,-0.4137616,0.014779941,0.42848545,0.19922893,-0.42098722,0.2214592,0.29837105,0.35220706,0.31732684,0.20564117,-0.07011054,0.20379713
7.34,-0.39867932,0.04176021,0.44041392,0.17824194,-0.41956973,0.24087313,0.3075259,0.3737136,0.3361951,0.22731952,-0.057273675,0.21442752
7.35,-0.38744378,0.04972706,0.4372554,0.1686238,-0.4122832,0.24316554,0.32289973,0.3983406,0.3570726,0.24558935,-0.040692303,0.22660191
7.36,-0.3845193,0.08187703,0.46636352,0.15104686,-0.42542508,0.27389237,0.32996848,0.41342834,0.37997392,0.27131087,-0.024156798,0.231507
7.37,-0.38258553,0.08121354,0.46396276,0.15046002,-0.42321932,0.27246064,0.32203028,0.42074147,0.39407626,0.2840714,-0.012857439,0.24448664
7.38,-0.3758312,0.10919549,0.48503187,0.1330535,-0.43040347,0.29696956,0.3125199,0.42130738,0.40410498,0.2950214,0.00013307453,0.2566354
7.39,-0.36602896,0.11917642,0.48506856,0.12321301,-0.42560604,0.30185595,0.2904229,0.41264543,0.4035772,0.29792753,0.01608154,0.2746104
7.4,-0.35588259,0.1441025,0.49988517,0.10562449,-0.4278523,0.3217321,0.262657,0.39532647,0.3993007,0.30320275,0.026080614,0.28178868
7.41,-0.35758907,0.120184146,0.47767687,0.11853958,-0.41762343,0.2985925,0.24122895,0.36920422,0.3725423,0.2850632,0.020593563,0.28225124
7.42,-0.3618715,0.119905345,0.48177132,0.12072277,-0.42178136,0.30058292,0.20518245,0.3102085,0.31358752,0.24121813,-0.0031059766,0.26570702
7.43,-0.3767602,0.10603595,0.4827638,0.13509426,-0.4297508,0.2942451,0.18093729,0.25898266,0.25818622,0.20222476,-0.02970213,0.23957573
7.44,-0.39461222,0.067946374,0.46273455,0.16317777,-0.42862692,0.26498267,0.1589624,0.20706494,0.19624177,0.15397859,-0.058876056,0.22824058
7.45,-0.40817738,0.043756384,0.45191222,0.18189661,-0.4300856,0.24756144,0.14694582,0.17110492,0.15631159,0.1254262,-0.07129543,0.22603716
7.46,-0.42475614,0.03143104,0.456215,0.1964041,-0.44050878,0.24371661,0.13880317,0.14087728,0.1204423,0.09540548,-0.09627469,0.20635071
7.47,-0.43239632,-0.0012297219,0.4313145,0.21660025,-0.43182614,0.21477702,0.1337884,0.127837,0.100279644,0.08034019,-0.1069743,0.202366
7.48,-0.44045293,0.013728584,0.45409882,0.21317008,-0.44734532,0.2337088,0.11530658,0.105525315,0.07609802,0.050808713,-0.13705064,0.17592387
7.49,-0.4423356,0.0048224987,0.44703686,0.2184897,-0.44462708,0.22577208,0.10941823,0.10228596,0.07377719,0.045576803,-0.13879839,0.17452207
7.5,-0.44724488,-0.01689658,0.43029475,0.23178078,-0.43877053,0.2065472,0.11930639,0.103434205,0.07616469,0.046165004,-0.1337259,0.1828394
7.51,-0.4485967,-0.0025191715,0.44601884,0.22527486,-0.44724262,0.22144349,0.11855922,0.098264605,0.07074184,0.040364917,-0.14212635,0.17155968
7.52,-0.4518537,-0.016724322,0.4349228,0.23392834,-0.4433673,0.2089226,0.12903886,0.11145404,0.08118664,0.048702266,-0.13923779,0.1716514
7.53,-0.44870424,-0.009746173,0.43883464,0.22893097,-0.44383448,0.21439046,0.1242716,0.105163865,0.07723349,0.04841994,-0.13345392,0.18264157
7.54,-0.44820595,-0.0024816685,0.44572714,0.22498749,-0.44691977,0.22135115,0.12991436,0.11149407,0.07638082,0.048335545,-0.13758889,0.17863066
7.55,-0.4570827,-0.0012603189,0.4558141,0.22880219,-0.45642185,0.22708604,0.122671686,0.10319801,0.06819568,0.036771633,-0.1530248,0.16730975
7.56,-0.45641708,-0.0027123182,0.4536759,0.2292555,-0.4550059,0.22522862,0.11969612,0.100518845,0.0744919,0.039151315,-0.15376094,0.1634732
7.57,-0.45432007,-0.0074698366,0.44685224,0.23069829,-0.4505045,0.21933082,0.123343095,0.10359767,0.09345556,0.03791928,-0.1427752,0.17451979
7.58,-0.45286283,0.000786307,0.45357153,0.22565514,-0.45318303,0.22690937,0.12360111,0.105665356,0.09455536,0.0402445,-0.14102815,0.17675854
7.59,-0.45537496,-0.011638333,0.44379497,0.23329374,-0.4496946,0.2158474,0.12345786,0.099434815,0.07799829,0.0373125,-0.14955708,0.17113933
7.6,-0.4526231,0.0014720695,0.45411873,0.22528507,-0.45331103,0.22755665,0.1225463,0.09847322,0.07393741,0.041328803,-0.14952041,0.16781762
7.61,-0.45595562,-0.0011349036,0.4549008,0.22820905,-0.45542398,0.22660159,0.11481987,0.09162262,0.06876487,0.038495578,-0.14820424,0.17131396
7.62,-0.45199332,0.006946022,0.45884237,0.22230673,-0.4554149,0.2326267,0.10407111,0.08698353,0.064542234,0.0349549,-0.15061674,0.1683308
7.63,-0.45247576,-0.0019280835,0.45055395,0.22699472,-0.45155516,0.22403176,0.113145694,0.09187462,0.06920313,0.038820244,-0.14407249,0.17484635
7.64,-0.45828202,-0.017030096,0.4413316,0.23732074,-0.4497999,0.21192312,0.11825635,0.08425425,0.06490033,0.037460376,-0.14407532,0.17530026
7.65,-0.45182475,0.007988882,0.45977798,0.22165251,-0.45581213,0.23357067,0.10575312,0.07346613,0.04929696,0.025601547,-0.15433328,0.16578981
7.66,-0.45300627,-0.0023890233,0.45073062,0.22749563,-0.4519852,0.22390921,0.10464333,0.07179283,0.045808543,0.023376163,-0.16054514,0.15989214
7.67,-0.45552137,-0.0032961408,0.4521724,0.22913776,-0.45383,0.22419637,0.09572342,0.06511598,0.042371854,0.022731384,-0.16139132,0.16257474
7.68,-0.46373722,-0.0047598504,0.4588613,0.2340138,-0.46134442,0.226813,0.09787246,0.06344603,0.03749859,0.011597662,-0.16561878,0.16356789
7.69,-0.46098337,-0.00078112795,0.4600912,0.23061897,-0.46063733,0.22936581,0.09849787,0.057655457,0.038777232,0.007938797,-0.17135642,0.15645462
7.7,-0.45485637,0.003318966,0.45817482,0.22554472,-0.45648295,0.23049924,0.09415708,0.056727663,0.038640525,0.010266842,-0.16831428,0.16018122
7.71,-0.46094224,-0.014933524,0.4459056,0.23769698,-0.45343214,0.21527037,0.09950582,0.063485526,0.04572444,0.016697122,-0.16253927,0.16224341
7.72,-0.45876414,-0.013448796,0.4453697,0.23588625,-0.45204479,0.21563935,0.09491418,0.055324774,0.03468393,0.0066924486,-0.16947146,0.15838574
7.73,-0.446317,0.03184281,0.4781268,0.20702025,-0.46226555,0.2547364,0.10166231,0.07611802,0.057125587,0.030719208,-0.14495969,0.17799902
7.74,-0.43132252,0.10368334,0.5350468,0.16360712,-0.4832034,0.31920013,0.11317225,0.08312344,0.06930826,0.0459818,-0.1356765,0.18491854
7.75,-0.43014187,0.14012524,0.57013077,0.14485615,-0.50016284,0.35483783,0.06723905,0.047764968,0.03936778,0.031613443,-0.14739457,0.18058819
7.76,-0.43415004,0.11433063,0.54854316,0.15976578,-0.49135074,0.33110297,0.058653772,0.040668372,0.027574016,0.022949312,-0.14776306,0.183082
7.77,-0.4342881,0.14878267,0.5830581,0.14250971,-0.5086476,0.36558095,0.042601064,0.022649411,0.01949869,0.014335728,-0.14883529,0.18203482
7.78,-0.43113348,0.11362815,0.54486036,0.15843716,-0.48802915,0.3290368,0.01994315,0.0046827793,0.0020099084,-0.0058860397,-0.15271536,0.18522634
7.79,-0.40681344,0.08922201,0.49602142,0.15861581,-0.45149317,0.29247048,0.034974407,0.03106468,0.030636718,0.02164475,-0.13078599,0.20377079
7.8,-0.4309301,0.042479448,0.47336772,0.19397557,-0.45219317,0.257699,0.062348224,0.037862934,0.025673056,0.016783355,-0.13883887,0.19598651
7.81,-0.45345685,-0.005446078,0.44794384,0.22912958,-0.45063797,0.2210465,0.061761957,0.031607267,0.011913499,-0.0021749295,-0.15965977,0.17194594
7.82,-0.4642045,0.0053343894,0.4694926,0.22912525,-0.466777,0.23713075,0.065394014,0.028947659,0.004370079,-0.014539322,-0.18556151,0.1427951
7.83,-0.46430978,-0.030461,0.43389165,0.24706054,-0.44896978,0.20143563,0.08296916,0.03716398,0.007674216,-0.021270573,-0.18738014,0.1497746
7.84,-0.4610275,-0.0281069,0.43298405,0.24427004,-0.44696116,0.20223488,0.087907836,0.042284083,0.020758519,-0.0118764425,-0.17106979,0.16373503
7.85,-0.46320102,-0.03488714,0.42837557,0.24887207,-0.44585812,0.19645649,0.08855568,0.044469602,0.02995293,-0.0017771723,-0.16557391,0.16135551
7.86,-0.47455388,-0.036501408,0.43785116,0.2552722,-0.45620108,0.20051153,0.097063,0.04612156,0.016367637,-0.016854234,-0.18398432,0.14620797
7.87,-0.4975744,-0.049214985,0.4483496,0.27320454,-0.47299927,0.19928685,0.13769954,0.072439544,0.034273744,-0.00990474,-0.20566846,0.11545605
7.88,-0.48423284,0.010644037,0.49497762,0.23662189,-0.4896479,0.252582,0.29174137,0.25564978,0.26154417,0.20502624,-0.09320573,0.16804509
7.89,-0.15130506,0.08959739,0.24086611,0.030611673,-0.196132,0.16499592,0.2539451,0.6533501,0.96832436,1.1043408,0.6255681,0.60891736
7.9,0.025611557,0.2861608,0.26067954,-0.15620048,-0.1175171,0.27303353,-0.50421387,0.12242256,0.5853348,0.91717213,0.70742667,0.7794334
7.91,-0.29517272,0.088174164,0.38330787,0.10324304,-0.33925247,0.23543699,-1.2762223,-1.3505679,-1.1885731,-0.7218921,-0.18448897,0.40680438
7.92,-0.29706708,0.0054298365,0.30244395,0.14559612,-0.29979503,0.15365598,-0.73820335,-0.82536876,-0.7721931,-0.46005818,-0.09207911,0.44865745
7.93,-0.35263705,-0.037386846,0.31520584,0.19480021,-0.33400607,0.138725,-0.16817689,-0.16466884,-0.17565851,-0.111896716,-0.10015387,0.32225943
7.94,-0.41719657,0.006964974,0.42409155,0.2049248,-0.42067847,0.21523467,0.0070662894,-0.016414424,-0.04233945,-0.040595263,-0.16812268,0.19137116
7.95,-0.43207613,-0.03122322,0.40090603,0.23138505,-0.41652066,0.18457232,0.12505218,0.1190999,0.08211209,0.045683153,-0.13407037,0.19561821
7.96,-0.44752103,-0.045525953,0.40208897,0.24628696,-0.42480642,0.17799403,0.12759995,0.11215375,0.07580657,0.03410282,-0.15767084,0.17157489
7.97,-0.44661707,-0.014908429,0.43162373,0.23047452,-0.43903485,0.20796843,0.14640713,0.14582483,0.11486568,0.05817925,-0.14731897,0.16667219
7.98,-0.44325814,-0.028960379,0.4143141,0.23585856,-0.42890465,0.19251771,0.15597038,0.1522889,0.121570386,0.062040668,-0.13884833,0.17416212
7.99,-0.44445795,-0.032165114,0.4121532,0.23795578,-0.42841905,0.1897869,0.16850087,0.16820364,0.14272738,0.06760471,-0.14778872,0.1641356
8.0,-0.44229057,-0.009533319,0.43266317,0.22553618,-0.43746513,0.21136828,0.17186897,0.17523408,0.16014692,0.072052315,-0.14112145,0.16716573
8.01,-0.43955624,-0.017166417,0.42234024,0.22801857,-0.43090707,0.2023538,0.18603657,0.19358797,0.16489775,0.09229484,-0.12212764,0.18799132
8.02,-0.4363245,-0.011809396,0.42437682,0.22396067,-0.43042874,0.20597468,0.19433215,0.19989075,0.16661805,0.09434296,-0.13557673,0.16897495
8.03,-0.43232864,-0.004412774,0.4278192,0.21812798,-0.43007937,0.21150023,0.20571646,0.2180505,0.18299338,0.10861037,-0.122282,0.17984557
8.04,-0.4347889,0.00069489836,0.43542695,0.21670623,-0.43504208,0.21785831,0.20673409,0.2253328,0.19385393,0.11720179,-0.123386405,0.17640197
8.05,-0.42823523,0.007473961,0.43574914,0.21017455,-0.4319527,0.22138405,0.22079794,0.24485052,0.21331953,0.13423015,-0.11143496,0.18192194
8.06,-0.43055475,0.009896161,0.44051397,0.2101291,-0.43558118,0.22495686,0.23967278,0.2690287,0.23891738,0.14991179,-0.09281339,0.1968093
8.07,-0.41910183,0.036274046,0.4553872,0.19117373,-0.43725154,0.24564561,0.2469042,0.2870103,0.2596342,0.16163,-0.088149294,0.20274657
8.08,-0.4087726,0.043160282,0.45194545,0.18253039,-0.43029416,0.24734583,0.2641617,0.31668225,0.28690118,0.19205613,-0.072187625,0.20978026
8.09,-0.4085804,0.047251392,0.45596528,0.18039645,-0.43229836,0.25124535,0.28412017,0.34481338,0.31197757,0.20373729,-0.07308044,0.20731245
8.1,-0.39765483,0.08580477,0.48338535,0.15563157,-0.44052988,0.28440702,0.2820171,0.36337337,0.3334877,0.22531188,-0.06215232,0.2198188
8.11,-0.39540312,0.099351116,0.49480653,0.14784415,-0.44514444,0.2968976,0.2876933,0.38108197,0.34824148,0.23913452,-0.051493797,0.22287442
8.12,-0.40006363,0.115091905,0.5149632,0.14231047,-0.45748192,0.3147854,0.2910387,0.39955395,0.36637938,0.26490003,-0.03790335,0.22531271
8.13,-0.38568237,0.13328144,0.51888424,0.1259705,-0.45224825,0.32591283,0.28194702,0.3985084,0.37731645,0.28256577,-0.010303281,0.2571142
8.14,-0.37421712,0.16671768,0.54087216,0.10353986,-0.45758694,0.35356256,0.266275,0.3946703,0.3825409,0.28841302,0.003290805,0.2714093
8.15,-0.36561128,0.16931589,0.5348722,0.09796831,-0.45022118,0.35172158,0.25729707,0.39056003,0.3915722,0.2996237,0.01592182,0.28277835
8.16,-0.36769828,0.1619635,0.52953696,0.10260786,-0.44857693,0.34556088,0.22854836,0.35431862,0.35729846,0.27340904,0.0069988905,0.27690887
8.17,-0.37173203,0.16008939,0.5318482,0.10546723,-0.45175412,0.3457253,0.1970932,0.3093299,0.31916746,0.24730931,-0.0067067486,0.2625096
8.18,-0.38400364,0.13149208,0.5155211,0.12598002,-0.449674,0.3232402,0.16609825,0.25297183,0.25767195,0.19963306,-0.02501896,0.2586964
8.19,-0.39869937,0.10414514,0.50288016,0.14697903,-0.45081544,0.30332732,0.15362757,0.20557545,0.19614924,0.1549473,-0.054755084,0.23631784
8.2,-0.4157318,0.104895785,0.5207007,0.15519759,-0.46826407,0.3124431,0.12640123,0.14950925,0.13393073,0.10922468,-0.084970884,0.2202979
8.21,-0.42973784,0.066643305,0.49635813,0.18131845,-0.4631146,0.28133634,0.114910625,0.120333716,0.09914976,0.079890676,-0.105295174,0.20344774
8.22,-0.43461725,0.052243564,0.48687437,0.19093733,-0.4608157,0.2693808,0.103976905,0.0911494,0.06617022,0.04796274,-0.13020095,0.18834583
8.23,-0.43610185,0.038697217,0.47474054,0.19838865,-0.4554747,0.2564527,0.107978754,0.08787404,0.061707266,0.04371311,-0.13275878,0.18323268
8.24,-0.4403229,0.04736802,0.48761904,0.19624755,-0.46400547,0.26716733,0.105711944,0.07958747,0.054590903,0.032263864,-0.14082566,0.1787875
8.25,-0.45367864,0.040543426,0.49432638,0.2063093,-0.4741261,0.2672336,0.10390964,0.07404132,0.0470823,0.02271535,-0.14568798,0.17306887
8.26,-0.4603901,0.0174006,0.47781423,0.22114944,-0.46902785,0.2474016,0.11038015,0.07371062,0.046172794,0.022542598,-0.14998081,0.17309928
8.27,-0.45918152,0.03392962,0.49313256,0.2123972,-0.4762054,0.2632789,0.099525794,0.06745401,0.033944067,0.012034464,-0.15266377,0.1733945
8.28,-0.45099345,0.056169726,0.507147,0.19711156,-0.47906736,0.28132504,0.10261227,0.06904737,0.037184842,0.013979732,-0.15414312,0.16708685
8.29,-0.45066586,0.03800738,0.48864856,0.20605569,-0.46965337,0.26301855,0.096048996,0.068533115,0.033654276,0.012578613,-0.15849458,0.17123762
8.3,-0.45563447,0.021485748,0.47704282,0.2169026,-0.46640864,0.24901693,0.1027403,0.071740456,0.033228338,0.013528199,-0.1551936,0.17206681
8.31,-0.45497787,0.05149592,0.5064841,0.20142522,-0.4807467,0.2788282,0.10184613,0.07029673,0.04175419,0.021139683,-0.15675268,0.16756518
8.32,-0.45765376,0.034388516,0.49193412,0.21141754,-0.4749122,0.26299587,0.10592961,0.06696122,0.038276196,0.009801339,-0.16627146,0.15924846
8.33,-0.46191353,0.053555258,0.5154229,0.20386097,-0.48868394,0.2841612,0.10899124,0.07248568,0.050287165,0.02001499,-0.15515046,0.16747184
8.34,-0.45649964,0.04013532,0.49670526,0.20795742,-0.47663227,0.2682203,0.108790055,0.06972303,0.04694495,0.011793765,-0.1574449,0.17244785
8.35,-0.44940272,0.05560331,0.5050031,0.19669086,-0.4771589,0.28001013,0.097010285,0.0639074,0.046061598,0.012804295,-0.15537293,0.17131662
8.36,-0.449164,0.045866147,0.49518842,0.20134567,-0.47213805,0.2703158,0.09656493,0.07066839,0.0466589,0.021200838,-0.14725572,0.18025728
8.37,-0.44819227,0.059237804,0.50747114,0.19417012,-0.47777084,0.28316343,0.09694828,0.061213948,0.036319394,0.01583066,-0.15484864,0.17084324
8.38,-0.45625055,0.065016754,0.5212643,0.19540466,-0.4887065,0.2929081,0.09669187,0.053858925,0.027156388,0.0017867641,-0.17564036,0.14874282
8.39,-0.45760587,0.03063377,0.4882161,0.21330848,-0.47285113,0.25915387,0.09876615,0.05231529,0.026452243,-0.0002445671,-0.16684328,0.16547062
8.4,-0.4436673,0.04517095,0.48876175,0.19891386,-0.46611652,0.26662028,0.08422124,0.0489785,0.029157287,0.008043239,-0.15540875,0.17740062
8.41,-0.45675027,0.04913568,0.5059013,0.20351104,-0.4813203,0.27730635,0.08296281,0.0440671,0.023354912,-0.002456517,-0.16739036,0.16680108
8.42,-0.467986,0.06371051,0.53173953,0.20189375,-0.4999023,0.29745987,0.07911445,0.037142355,0.01842601,-0.0045433664,-0.17024095,0.15669125
8.43,-0.46827564,0.047787838,0.51604223,0.20998928,-0.4921231,0.2816413,0.07838226,0.040062107,0.0186667,-0.0053210855,-0.16583872,0.16501658
8.44,-0.46510863,0.021367304,0.4864784,0.22162125,-0.4758711,0.25376827,0.07242552,0.03779974,0.016196735,-0.0069787065,-0.16545591,0.16983025
8.45,-0.45816427,0.04511139,0.5032944,0.20626256,-0.48064676,0.27394187,0.06474634,0.032780163,0.01325237,-0.006439775,-0.17249137,0.15675436
8.46,-0.47336176,0.05463962,0.528009,0.20907597,-0.50076836,0.29119217,0.06502481,0.025614344,0.0074278247,-0.023396717,-0.19321534,0.1368002
8.47,-0.4650556,0.052004296,0.5170149,0.20634459,-0.49109644,0.28421003,0.068815425,0.029984033,0.01267184,-0.014115561,-0.179927,0.15638284
8.48,-0.446106,0.08439692,0.5304643,0.18066359,-0.48823643,0.30720478,0.086422816,0.049730033,0.03736041,0.015915867,-0.14685751,0.18655667
8.49,-0.44066298,0.15750712,0.59812266,0.14133276,-0.5194066,0.3775678,0.07924915,0.052489795,0.051661372,0.028757475,-0.13757421,0.1902939
8.5,-0.43595535,0.17908095,0.61488396,0.12809388,-0.5254902,0.396826,0.027320119,0.02005124,0.031622317,0.015256352,-0.14378865,0.18642691
8.51,-0.45716676,0.172744,0.6298274,0.14197843,-0.54350895,0.40098315,0.029065805,0.011889167,0.021574818,0.0037085416,-0.15416868,0.17609419
8.52,-0.44171068,0.19015388,0.6318099,0.12554058,-0.5366716,0.4107192,0.016082682,-0.007841469,0.0072419015,-0.009654924,-0.15703556,0.1881478
8.53,-0.43412927,0.16142844,0.59546065,0.1361485,-0.51468307,0.37807924,0.0045328806,-0.01728811,-0.002145566,-0.014341143,-0.15176304,0.19454078
8.54,-0.4176628,0.13371722,0.551325,0.14176254,-0.48441812,0.34231108,0.01696399,0.016117929,0.023910867,0.00710266,-0.14233881,0.19515541
8.55,-0.4599629,0.07640343,0.53633493,0.191557,-0.49827412,0.3062603,0.03835195,0.009614223,0.0077476245,-0.012425136,-0.16434279,0.17551391
8.56,-0.4626387,0.06397126,0.52655536,0.1991457,-0.49461198,0.2949487,0.039708044,0.008440037,0.004249756,-0.017031318,-0.1702886,0.1679596
8.57,-0.4644521,0.03317471,0.4976885,0.21538334,-0.48100647,0.2651771,0.039327566,0.009081172,-0.0004172617,-0.028790863,-0.18045333,0.16061033
8.58,-0.46915656,0.020079656,0.48924744,0.22429144,-0.4791977,0.2544768,0.05318964,0.012577626,0.0022898407,-0.026351145,-0.18158786,0.1624524
8.59,-0.46603262,0.019108495,0.48517755,0.22317554,-0.4755802,0.25183406,0.06359007,0.013320742,0.00080174865,-0.029717857,-0.189421,0.14661035
8.6,-0.4677215,0.028403845,0.49616203,0.21944985,-0.48199323,0.26200166,0.05616215,0.019799527,0.012647776,-0.023217903,-0.19054325,0.1423579
8.61,-0.4813993,0.0077237184,0.4891891,0.23652121,-0.48535895,0.24821092,0.08087819,0.021447761,0.0069580455,-0.041569244,-0.20508936,0.13254356
8.62,-0.49084735,0.027398525,0.5181665,0.23145264,-0.5044545,0.27255434,0.1330978,0.07429142,0.06089054,-0.00023878852,-0.18992758,0.13577507
8.63,-0.45273697,0.08713292,0.5399202,0.1824636,-0.49625748,0.3133028,0.28294083,0.27479002,0.33191487,0.28082407,-0.019622447,0.21381149
8.64,-0.095751464,0.1754123,0.2712533,-0.04007256,-0.18348438,0.22309102,0.14912994,0.68318874,1.0877241,1.2407942,0.7411939,0.6898422
8.65,-0.036155395,0.34295475,0.37899396,-0.15370063,-0.2075663,0.36073458,-0.7379091,-0.18158154,0.2384987,0.57414085,0.51170176,0.6940427
8.66,-0.32873297,0.09412548,0.42294708,0.11709577,-0.3757585,0.25829914,-1.2617221,-1.3973582,-1.2845166,-0.8449779,-0.26344365,0.36408433
8.67,-0.3096511,0.0632569,0.37299952,0.12304514,-0.34138197,0.21788712,-0.57029545,-0.609397,-0.5624205,-0.3444282,-0.089452,0.41247123
8.68,-0.3861355,0.022018973,0.40819427,0.18178062,-0.39727122,0.21486627,-0.13909824,-0.14520414,-0.15051463,-0.11776361,-0.13816446,0.2719131
8.69,-0.4290661,0.04010573,0.46917516,0.19435628,-0.44909284,0.2544017,0.03035197,0.015535486,0.0052284063,-0.008159265,-0.1397082,0.21037811
8.7,-0.4429876,0.006233019,0.44917804,0.21815492,-0.44611984,0.22749422,0.102819934,0.08140814,0.05980308,0.017998181,-0.1407862,0.18816829
8.71,-0.45130196,0.021405177,0.47257882,0.21476075,-0.46192077,0.24671428,0.11658109,0.09615845,0.07506342,0.0220828,-0.15925664,0.16451606
8.72,-0.45437622,0.031349864,0.485735,0.21104975,-0.46998894,0.25824925,0.13679378,0.11740478,0.097497836,0.031570874,-0.16075559,0.15336047
8.73,-0.4542984,0.0047676987,0.45893863,0.22446537,-0.45668343,0.2316792,0.15672643,0.13783738,0.12662175,0.053667292,-0.14206018,0.16720498
8.74,-0.45259306,0.016022714,0.46859825,0.21811338,-0.4605842,0.24193202,0.15924835,0.14556158,0.13213651,0.05199818,-0.1501471,0.16204026
8.75,-0.4490767,0.043365825,0.4925285,0.20254691,-0.47069135,0.26765108,0.15824613,0.15100308,0.13905756,0.056978755,-0.14908788,0.15795189
8.76,-0.43678844,0.031569175,0.468491,0.20223957,-0.4526535,0.24976845,0.16195895,0.16667275,0.1457619,0.0687183,-0.14314045,0.1666052
8.77,-0.43435043,0.036812093,0.47110754,0.19850703,-0.4526912,0.253714,0.17240798,0.17969076,0.16391739,0.08101801,-0.12839386,0.18034293
8.78,-0.43399042,0.048499398,0.4824763,0.19253185,-0.4582893,0.26520264,0.18056957,0.19237828,0.18783152,0.09693479,-0.12328909,0.17928565
8.79,-0.44302723,0.050840255,0.4938018,0.19575706,-0.46829835,0.2721085,0.19184051,0.21205759,0.20731379,0.10694491,-0.11407918,0.18557581
8.8,-0.43670917,0.057065595,0.49384466,0.1896231,-0.4653178,0.27524865,0.20526242,0.226486,0.21535839,0.11360929,-0.11073237,0.18791093
8.81,-0.42914346,0.07919279,0.5082428,0.17468315,-0.4687297,0.29345304,0.21017961,0.24391812,0.23398535,0.1303412,-0.10628986,0.18398058
8.82,-0.42087263,0.089119814,0.51005334,0.16572748,-0.46549556,0.29929352,0.2230672,0.27094975,0.2572988,0.14802143,-0.09828314,0.1831157
8.83,-0.41734487,0.06998011,0.48734143,0.1735067,-0.45242053,0.27841836,0.23938543,0.2955288,0.28437853,0.17073609,-0.080639616,0.2109773
8.84,-0.40699393,0.12919493,0.5361076,0.13862203,-0.47159243,0.33243397,0.2405306,0.3090016,0.29094097,0.17557311,-0.08157839,0.2057199
8.85,-0.40194917,0.13846157,0.5404041,0.13156955,-0.4712216,0.33916876,0.26004714,0.3384464,0.32570833,0.20555736,-0.06394084,0.21527527
8.86,-0.40765113,0.12386926,0.53137356,0.14152463,-0.4695272,0.32737237,0.2745916,0.36152023,0.35258308,0.23025358,-0.043133963,0.23118183
8.87,-0.38739866,0.17405163,0.5615777,0.10635908,-0.47451136,0.36751965,0.25977257,0.36177713,0.35825115,0.23545854,-0.041872535,0.22935814
8.88,-0.3786708,0.18966973,0.5682044,0.094309986,-0.47348365,0.37866446,0.2634016,0.3740403,0.37525928,0.25368243,-0.020875286,0.24704129
8.89,-0.3686559,0.199676,0.5683588,0.08431148,-0.46858513,0.38370675,0.23965035,0.364473,0.37633502,0.2632908,0.00020624923,0.2737109
8.9,-0.36403376,0.23292194,0.597059,0.06528784,-0.48045647,0.41466483,0.22850901,0.35643056,0.37616527,0.26045385,-0.0026546326,0.26935056
8.91,-0.36197454,0.21168214,0.5735957,0.0749614,-0.4678723,0.3923768,0.20210728,0.33097246,0.36056045,0.25618112,0.0015538436,0.27703276
8.92,-0.3673557,0.20602761,0.57342446,0.08043174,-0.4703912,0.38946325,0.16630208,0.27505848,0.3049409,0.22199304,-0.0006122769,0.27969307
8.93,-0.38013572,0.18998459,0.57004935,0.09482128,-0.47501564,0.37984338,0.1353665,0.21985632,0.23989807,0.17398919,-0.02924795,0.26136395
8.94,-0.39465827,0.14059447,0.53523844,0.12689066,-0.4649882,0.33755597,0.11510457,0.17210075,0.18341494,0.12496948,-0.06689408,0.23285861
8.95,-0.4105082,0.118893094,0.5294865,0.14560804,-0.47001117,0.3239291,0.09349391,0.12560011,0.12920044,0.07615801,-0.103156954,0.21043557
8.96,-0.4236998,0.108997226,0.5327542,0.15712915,-0.47827217,0.32054955,0.086436205,0.09699659,0.09809378,0.05543261,-0.115551725,0.20338748
8.97,-0.43007317,0.10698696,0.5371752,0.16139783,-0.48362637,0.3218273,0.07159183,0.076384425,0.07506738,0.030945249,-0.13446255,0.189835
8.98,-0.43991926,0.08023255,0.52016234,0.17964317,-0.48007646,0.30005744,0.071434885,0.06649277,0.061825108,0.014264927,-0.14765267,0.18226203
8.99,-0.44335157,0.076047204,0.5193312,0.1834012,-0.48138958,0.29752478,0.075925134,0.061553814,0.05947931,0.016370336,-0.13803576,0.1905782
9.0,-0.4373571,0.09758315,0.5347619,0.16963974,-0.48609304,0.31588158,0.08165619,0.06634232,0.060690455,0.010718829,-0.14072879,0.1920762
9.01,-0.45020184,0.072282456,0.52256733,0.18871439,-0.48633036,0.29713795,0.07944761,0.058330838,0.055165153,0.0071524545,-0.14671426,0.18452053
9.02,-0.43734276,0.077759385,0.5151832,0.17948513,-0.47632933,0.2963651,0.08311049,0.06013685,0.04792032,-0.0032894716,-0.15515897,0.17999575
9.03,-0.44244316,0.0923831,0.5348164,0.17474407,-0.4886203,0.3132929,0.08340298,0.059064496,0.04659516,-0.007374719,-0.16591829,0.16760048
9.04,-0.4323136,0.10189689,0.534177,0.16500732,-0.48324135,0.3176875,0.080029294,0.06825862,0.06369277,0.009847651,-0.14725408,0.18545793
9.05,-0.44057903,0.088792175,0.5295149,0.17558707,-0.48497662,0.30890074,0.08513476,0.06655491,0.062194835,-0.00021637153,-0.1557526,0.17690018
9.06,-0.45058948,0.08740195,0.5379944,0.18132067,-0.49436194,0.31247422,0.09077775,0.068415225,0.068741694,0.0064070425,-0.14931448,0.17653058
9.07,-0.44333202,0.07078645,0.5140768,0.18606132,-0.4787659,0.2922021,0.087940864,0.06768202,0.069233954,0.00692153,-0.14102319,0.19307384
9.08,-0.43903056,0.11135723,0.55046105,0.163703,-0.4948019,0.33059925,0.08402074,0.06352825,0.06212108,-0.002527518,-0.15564495,0.17687616
9.09,-0.4430612,0.080040246,0.52306247,0.18124011,-0.48303527,0.30135587,0.09176934,0.0713148,0.07033708,0.008448498,-0.14203432,0.18915233
9.1,-0.43714455,0.09383674,0.53129506,0.17141403,-0.48424622,0.3122736,0.08699149,0.06302904,0.06348683,0.0104494225,-0.14076085,0.18412569
9.11,-0.44347364,0.083032936,0.5263567,0.17998046,-0.48489964,0.3044681,0.080878854,0.058913574,0.0547952,-0.0055651916,-0.15886018,0.17588949
9.12,-0.45624325,0.067280985,0.5234273,0.1942567,-0.4898405,0.29505283,0.078149274,0.06277201,0.05634382,0.004699244,-0.1536829,0.17546067
9.13,-0.44234627,0.082342684,0.52473235,0.17980902,-0.48354298,0.30329746,0.070888355,0.053391565,0.049395822,-0.0015478635,-0.15581907,0.17521352
9.14,-0.45798424,0.06948001,0.52742475,0.19405879,-0.49272388,0.29821932,0.06706704,0.047323342,0.044852033,-0.009668361,-0.15826693,0.17024419
9.15,-0.44603503,0.086384535,0.5324546,0.17961742,-0.48923737,0.30913156,0.059138924,0.0452,0.041159227,-0.009638445,-0.15804069,0.1792705
9.16,-0.4553127,0.054110248,0.50943214,0.20042813,-0.48243487,0.2815612,0.06063199,0.04498623,0.03604903,-0.014832551,-0.16010001,0.17670774
9.17,-0.4574305,0.07051605,0.5279581,0.19320731,-0.49272573,0.29901528,0.06169434,0.043605417,0.037176087,-0.012456188,-0.15527184,0.17744999
9.18,-0.46162271,0.07774876,0.5393454,0.19161665,-0.50050324,0.30834082,0.06402542,0.04103798,0.03573932,-0.015056893,-0.15624951,0.17273007
9.19,-0.4666869,0.04939767,0.5160197,0.20833357,-0.4912827,0.28247342,0.060048033,0.03603444,0.02491471,-0.03330412,-0.17449166,0.16163178
9.2,-0.45933995,0.05286281,0.51228815,0.20298281,-0.48572296,0.28228134,0.063164935,0.03701231,0.025677288,-0.028449325,-0.16559151,0.16957003
9.21,-0.46120068,0.07582455,0.5370563,0.19244194,-0.4990879,0.30617157,0.064450935,0.036806762,0.027358275,-0.025997207,-0.1606463,0.17381386
9.22,-0.45667195,0.07611999,0.53259903,0.19007349,-0.49463546,0.3041046,0.06595878,0.040088527,0.034241226,-0.018176584,-0.15675296,0.17779806
9.23,-0.44723338,0.1192856,0.5664388,0.16379577,-0.50682217,0.3426043,0.07321104,0.049241558,0.03896814,-0.015520855,-0.16463104,0.17215635
9.24,-0.43729123,0.1447334,0.58198476,0.14603035,-0.509585,0.3631326,0.08375562,0.06296862,0.06577162,0.016114056,-0.12142918,0.20929813
9.25,-0.41763815,0.21494941,0.6325786,0.101159215,-0.5251697,0.4234925,0.031685513,0.024952348,0.03862834,-0.0030392634,-0.13001864,0.20751403
9.26,-0.4445649,0.21701412,0.66153795,0.113518015,-0.5529688,0.43894634,0.023938166,0.016574645,0.028122121,-0.018364757,-0.15462676,0.18232854
9.27,-0.44014794,0.2121082,0.6521914,0.11383676,-0.54616874,0.43187407,0.020231118,0.0008598453,0.015105224,-0.02634136,-0.15367848,0.19318461
9.28,-0.43012023,0.2119139,0.6421199,0.10893996,-0.5360814,0.42670003,-0.006356879,-0.017600907,-0.003681903,-0.02909039,-0.14749965,0.1953064
9.29,-0.42467502,0.1441196,0.5687922,0.14005603,-0.4967985,0.35630697,0.031662736,0.029746916,0.03779796,0.009219287,-0.11417977,0.22190742
9.3,-0.4296926,0.1326682,0.5623445,0.1483501,-0.4961154,0.3473353,0.04524644,0.025956249,0.025220323,-0.0073765838,-0.12841298,0.21080415
9.31,-0.4561655,0.08394314,0.54000837,0.18586907,-0.4980156,0.31179467,0.04848138,0.016997328,0.007691828,-0.033474244,-0.164523,0.1828909
9.32,-0.46072322,0.04258083,0.5032764,0.2088579,-0.48210058,0.27269647,0.06457251,0.02569868,0.0082881935,-0.040066257,-0.17145878,0.17612329
9.33,-0.47673357,0.0168589,0.49356267,0.22964934,-0.48515278,0.25488684,0.06971958,0.029724674,0.014588341,-0.03138397,-0.16861282,0.16902107
9.34,-0.46960887,0.035178162,0.50454813,0.21695456,-0.48713773,0.2696665,0.065297335,0.027982384,0.010248274,-0.03417559,-0.1683603,0.16681524
9.35,-0.4731298,0.02264405,0.49576622,0.22496146,-0.48440787,0.25885084,0.07278053,0.036933936,0.020879451,-0.028413884,-0.16772838,0.1634809
9.36,-0.47086933,0.017887026,0.48865908,0.22625291,-0.47967955,0.25303888,0.07886513,0.03236303,0.009636726,-0.044693954,-0.17945997,0.16009247
9.37,-0.49230132,-0.00022850788,0.49219197,0.2461369,-0.49229053,0.24584341,0.13308904,0.07274635,0.04478175,-0.03155795,-0.18975127,0.14175627
9.38,-0.48636,0.060125303,0.5465876,0.21295503,-0.5163949,0.30313757,0.27887383,0.23206326,0.25015396,0.1567007,-0.08684384,0.19083531
9.39,-0.1818939,0.18054096,0.36261028,0.0003749011,-0.27217436,0.27129325,0.23446013,0.624814,0.9520372,1.0393163,0.5864112,0.5863062
9.4,-0.031648226,0.34436023,0.37593964,-0.15666437,-0.20387171,0.35987905,-0.50541735,0.11187787,0.5512398,0.82045746,0.6372604,0.7334677
9.41,-0.3143714,0.12929717,0.44356024,0.092291616,-0.37895456,0.28618443,-1.2002734,-1.2599756,-1.1378591,-0.7422481,-0.19375458,0.39992356
9.42,-0.3207069,0.07111799,0.39185345,0.12447655,-0.35624868,0.23125197,-0.6548994,-0.72906977,-0.6906172,-0.4547389,-0.09911575,0.4355668
9.43,-0.3678088,0.025944022,0.39371026,0.17066178,-0.38078603,0.20959257,-0.1450039,-0.14075452,-0.14783235,-0.12996803,-0.09657711,0.32875213
9.44,-0.43528485,0.035889477,0.47119263,0.19945894,-0.4531991,0.25332057,0.033611055,0.0037676601,-0.0042059696,-0.041664604,-0.13956533,0.21999143
9.45,-0.43026668,0.027194282,0.4574766,0.20130815,-0.4438339,0.24210957,0.13130762,0.115979776,0.09649894,0.03158799,-0.12068442,0.20629643
9.46,-0.43889207,0.014971732,0.45386034,0.21176946,-0.44639426,0.23419775,0.14134195,0.11565873,0.09758853,0.02452081,-0.140177,0.18318412
9.47,-0.4393762,0.030302031,0.46955281,0.20423962,-0.4544769,0.24963316,0.16174552,0.15042764,0.1373415,0.056439735,-0.12567663,0.19278084
9.48,-0.44845906,0.006924097,0.45535108,0.22052407,-0.4519153,0.23093124,0.1681793,0.15668388,0.14375731,0.051521886,-0.12940225,0.1925393
9.49,-0.44780245,0.0009837252,0.4488111,0.22319052,-0.4483926,0.22466743,0.1815315,0.17123713,0.1634245,0.06335668,-0.12325349,0.18840103
9.5,-0.44993523,0.028375948,0.47826648,0.21060468,-0.46415672,0.25312343,0.18476312,0.17963949,0.1667507,0.06444386,-0.13190615,0.17532992
9.51,-0.44435048,0.015246003,0.45962045,0.21432842,-0.45206416,0.23713882,0.19387954,0.18945344,0.17239383,0.07738148,-0.1171617,0.19460034
9.52,-0.4436822,0.016674802,0.46037012,0.21333751,-0.45200002,0.23827377,0.20192686,0.20048156,0.18716839,0.087568656,-0.10766506,0.20235685
9.53,-0.43484083,0.028279504,0.46301493,0.20306657,-0.44886434,0.24539302,0.20860602,0.21820556,0.2121017,0.106834665,-0.09109986,0.21230952
9.54,-0.4352814,0.050787903,0.4860563,0.19197546,-0.46067667,0.26811472,0.2177633,0.23208724,0.22558123,0.113023944,-0.09588038,0.20481914
9.55,-0.43921128,0.02882916,0.4680351,0.2049482,-0.4536548,0.24818754,0.22549003,0.24022914,0.23079862,0.10749263,-0.1053499,0.19412187
9.56,-0.4268323,0.06171485,0.48852485,0.18234205,-0.45758924,0.27488244,0.23827748,0.26211172,0.2578922,0.13608225,-0.08553877,0.21269242
9.57,-0.42344403,0.06999315,0.49345955,0.17645256,-0.45834854,0.2815687,0.25778842,0.2892605,0.28286812,0.15109758,-0.07540702,0.21563712
9.58,-0.41287944,0.095133245,0.50804996,0.15870672,-0.46041867,0.30132452,0.26947844,0.30975106,0.3081321,0.17057109,-0.057572916,0.23055317
9.59,-0.41430408,0.06163938,0.47581115,0.1760876,-0.44514534,0.26834765,0.2943433,0.337712,0.33165374,0.18666363,-0.05357175,0.23037577
9.6,-0.4065853,0.10481261,0.51122254,0.15062433,-0.45902735,0.3077718,0.30185044,0.35714775,0.35473207,0.20637636,-0.046123836,0.2314548
9.61,-0.4012002,0.13193604,0.53307587,0.1343949,-0.46717778,0.33236453,0.30272457,0.37416974,0.37451243,0.2263848,-0.030550793,0.2503553
9.62,-0.39956048,0.14191295,0.54148984,0.12859945,-0.470506,0.3414704,0.3041366,0.38525984,0.38581127,0.23948304,-0.017191477,0.2565923
9.63,-0.38972017,0.16390786,0.55371606,0.11260343,-0.47168624,0.3585837,0.30454144,0.38796178,0.40031394,0.25688708,0.0010700382,0.26896822
9.64,-0.38367242,0.1770948,0.5606891,0.10294345,-0.47212583,0.36855066,0.28944838,0.38482442,0.40580165,0.2629761,0.014061644,0.27949893
9.65,-0.37549546,0.19733223,0.57266194,0.08887042,-0.47406378,0.38468173,0.27264482,0.37310952,0.4019692,0.2629345,0.01532555,0.28838015
9.66,-0.37217823,0.20380959,0.57588005,0.08394736,-0.4741266,0.38960037,0.24663995,0.34683126,0.37737426,0.24673063,0.011918193,0.28820357
9.67,-0.36907604,0.20766114,0.57682395,0.08046127,-0.4730116,0.39193258,0.21268585,0.30646315,0.34603906,0.22889331,0.015578289,0.29131564
9.68,-0.38849166,0.15288281,0.54139775,0.11759034,-0.4649133,0.3468051,0.18754624,0.2549351,0.29051426,0.19250098,0.0010370102,0.28615418
9.69,-0.40176064,0.15381098,0.5556614,0.123787336,-0.47873858,0.3544485,0.15845287,0.19884859,0.23102172,0.14305133,-0.035199255,0.25780147
9.7,-0.4264097,0.09911634,0.52555966,0.16339171,-0.47590852,0.31211925,0.15081696,0.16095233,0.18120216,0.096933946,-0.06536005,0.24079059
9.71,-0.42486632,0.09676477,0.5216289,0.16380274,-0.4731671,0.3089533,0.12636524,0.1235112,0.140754,0.06704502,-0.08403999,0.23233095
9.72,-0.43509284,0.08186854,0.51710325,0.17632896,-0.47608292,0.29912618,0.12156672,0.10430857,0.116935305,0.04146579,-0.10516967,0.21376115
9.73,-0.44869158,0.06556862,0.5142772,0.19134374,-0.48147506,0.28964993,0.11500881,0.08477083,0.094582155,0.018862082,-0.12538841,0.19379032
9.74,-0.44749007,0.08165504,0.5291267,0.18265188,-0.48828462,0.30504858,0.113095164,0.083030134,0.092949346,0.018580848,-0.12302736,0.19821109
9.75,-0.4519786,0.061098587,0.51287955,0.19518642,-0.48241684,0.28675294,0.12105093,0.08656292,0.0926254,0.01731443,-0.11673258,0.20737924
9.76,-0.4540053,0.048550755,0.50251967,0.2024726,-0.47827634,0.27535602,0.12579158,0.086209185,0.08951725,0.012202217,-0.12539378,0.20291828
9.77,-0.44385085,0.055994555,0.4999732,0.19372165,-0.47196734,0.27775994,0.12317428,0.081351064,0.08297874,0.011294949,-0.12573175,0.20462932
9.78,-0.44333193,0.07316758,0.5164533,0.18493119,-0.4799315,0.294575,0.1211823,0.08119972,0.079813786,0.0075675813,-0.13202268,0.19517721
9.79,-0.45489904,0.078659065,0.533522,0.18798284,-0.49412903,0.30583397,0.13237527,0.089920014,0.09115807,0.016569123,-0.12981972,0.18486811
9.8,-0.44794482,0.07695728,0.5249946,0.18529385,-0.4864493,0.30070505,0.13387282,0.08763742,0.0947287,0.019346565,-0.124581404,0.20076896
9.81,-0.44816002,0.06338583,0.5114505,0.19215873,-0.47979856,0.2871956,0.13915464,0.092962086,0.09766069,0.0177687,-0.119175024,0.21432728
9.82,-0.4429873,0.067844644,0.51105195,0.18722257,-0.47704044,0.28924,0.13681594,0.092492625,0.10411684,0.029844038,-0.11113616,0.21367344
9.83,-0.44567117,0.08316167,0.5286505,0.18101853,-0.48710412,0.30563653,0.13696769,0.08252941,0.086156465,0.010686723,-0.1336277,0.19335869
9.84,-0.44082195,0.06886004,0.5096385,0.18562302,-0.47517338,0.28904054,0.1321701,0.085998245,0.09326466,0.019557869,-0.12273686,0.20674653
9.85,-0.4535772,0.07055817,0.5240692,0.191313,-0.48881856,0.29697153,0.12535237,0.082190126,0.08683608,0.008595529,-0.13591515,0.19096608
9.86,-0.45102233,0.07491417,0.52594054,0.18788588,-0.48840266,0.3001748,0.120430425,0.07734387,0.08133782,0.0050494717,-0.13841395,0.1986018
9.87,-0.44807822,0.05478927,0.5028609,0.1963478,-0.47539046,0.27854457,0.12415631,0.082512744,0.087715685,0.017625824,-0.12235252,0.2097258
9.88,-0.46011502,0.058695726,0.5188398,0.20044418,-0.4895485,0.288485,0.121475175,0.07123901,0.07686838,0.0094949,-0.12670283,0.20000273
9.89,-0.44419053,0.07512959,0.5193725,0.18423885,-0.48175693,0.29708412,0.11185504,0.06707741,0.07294286,0.008301504,-0.12860458,0.20236343
9.9,-0.453572,0.06239252,0.51595765,0.19531848,-0.48477072,0.28882596,0.11068012,0.06526555,0.06739989,0.0013483647,-0.14381646,0.1916544
9.91,-0.45784506,0.040014923,0.4978736,0.2086687,-0.4778655,0.26873797,0.114471324,0.06531213,0.06290364,-0.0055631027,-0.13829789,0.20086983
9.92,-0.44959652,0.06269768,0.51232535,0.19319129,-0.48109874,0.28721237,0.1122125,0.059173528,0.06625479,-0.003013546,-0.1348222,0.20364568
9.93,-0.45810208,0.054690838,0.51278067,0.20143017,-0.4855072,0.2834777,0.1180889,0.057598587,0.06601483,-0.005138588,-0.14418134,0.18761407
9.94,-0.45298627,0.046675235,0.49962723,0.20288663,-0.47623172,0.27290452,0.111275375,0.051123064,0.063749135,-0.003916392,-0.13889281,0.19539653
9.95,-0.45224863,0.04558199,0.49783203,0.20304297,-0.47503117,0.27151206,0.11182605,0.05131802,0.06297329,-0.0053175483,-0.1369042,0.19472405
9.96,-0.4580988,0.053652875,0.51183265,0.20202197,-0.4850139,0.28244683,0.11114561,0.047987286,0.0605672,-0.007466058,-0.14693576,0.18569173
9.97,-0.4600392,0.0431924,0.50328344,0.20817679,-0.48166654,0.2729929,0.1171989,0.052730985,0.06557171,-0.011518797,-0.14416867,0.1934186
9.98,-0.46322036,0.041115396,0.5043635,0.21082854,-0.48389676,0.27247497,0.11434631,0.054841504,0.068698764,-0.011314045,-0.14341418,0.193371
9.99,-0.45023358,0.054386288,0.5044957,0.19764443,-0.4772621,0.27924734,0.108449444,0.057331614,0.07411755,0.00012487447,-0.13461001,0.19782524
