time,I,II,III,aVR,aVL,aVF,V1,V2,V3,V4,V5,V6
0.0,0.002975007,-0.11465317,-0.11735709,0.055781342,0.060349926,-0.115895525,0.120039694,0.08160163,-0.0060890242,0.06319087,0.08320782,0.08043826
0.01,0.004901728,-0.2188795,-0.2231375,0.10674839,0.11451889,-0.2206867,0.2357304,0.1538987,-0.018632295,0.120679475,0.15738177,0.15739076
0.02,-0.0030353107,-0.19120869,-0.18776459,0.096883476,0.09291114,-0.18922712,0.20164137,0.1311681,-0.020752994,0.102082595,0.13171816,0.12914908
0.03,0.001277108,-0.20839983,-0.2092233,0.103422046,0.10575869,-0.20856453,0.23156917,0.14523219,-0.022458622,0.11581845,0.15287723,0.1487285
0.04,0.005029286,-0.18596873,-0.19028439,0.090137206,0.098224,-0.18781853,0.21930698,0.13575235,-0.023200748,0.1094491,0.14565755,0.1496381
0.05,-0.0077352338,-0.20217746,-0.19382796,0.10483644,0.09346021,-0.19784963,0.22437976,0.13507365,-0.028705576,0.10704925,0.14784215,0.15008375
0.06,-0.010379564,-0.19899952,-0.18798488,0.10445982,0.08931153,-0.19317582,0.2054849,0.1252293,-0.031088497,0.107629396,0.15084329,0.14876041
0.07,-0.00593017,-0.19243547,-0.18605311,0.09885571,0.09058068,-0.18892872,0.21580628,0.1274684,-0.029478,0.10916821,0.15543933,0.1557444
0.08,-0.0044633904,-0.19486868,-0.19006196,0.099432796,0.09323975,-0.1921013,0.21225484,0.1210266,-0.032211162,0.10779641,0.15525644,0.1566322
0.09,-0.0016437062,-0.19351323,-0.19115762,0.09730837,0.09525436,-0.19212745,0.20591317,0.123422615,-0.024877552,0.11369704,0.16273001,0.15801884
0.1,0.009224653,-0.18510488,-0.19371253,0.0875859,0.10200191,-0.18934344,0.20841381,0.1274195,-0.0225493,0.11830549,0.16548409,0.16481099
0.11,0.0126258405,-0.19546145,-0.20757693,0.091131255,0.11062738,-0.20124686,0.20590428,0.12175574,-0.02818983,0.116434745,0.1663334,0.16699438
0.12,0.0025486455,-0.19528002,-0.197103,0.09610508,0.10032652,-0.19586149,0.19932109,0.113253586,-0.031558923,0.10982811,0.16120003,0.15335044
0.13,0.011725254,-0.19139801,-0.20251581,0.089646086,0.107607394,-0.19667011,0.204073,0.120417856,-0.022600237,0.11846662,0.1684626,0.16820888
0.14,0.0135635175,-0.19262384,-0.20558302,0.08923649,0.11007468,-0.19878829,0.20018335,0.115329765,-0.022948584,0.11789655,0.16967902,0.16351013
0.15,0.013562397,-0.1901508,-0.20309286,0.08791527,0.10887267,-0.19631964,0.20038587,0.11900135,-0.022526791,0.11665281,0.16827428,0.16310506
0.16,0.011466539,-0.1910474,-0.20192826,0.08946288,0.10726199,-0.19624436,0.1960529,0.11496664,-0.024411798,0.11287524,0.16148242,0.15831034
0.17,0.012552964,-0.19211285,-0.20424157,0.08937112,0.109008595,-0.19784704,0.19653194,0.11922075,-0.022409704,0.1231583,0.17231813,0.16359964
0.18,0.012511941,-0.19307491,-0.20503183,0.09000463,0.109340146,-0.19873558,0.20032817,0.1210168,-0.025649298,0.124335535,0.17594773,0.16533862
0.19,0.0048893313,-0.19857043,-0.20285352,0.09659585,0.10443638,-0.2005583,0.19443956,0.115509264,-0.026344875,0.11860332,0.17124419,0.15720685
0.2,0.013927047,-0.18893774,-0.202197,0.08718037,0.10862635,-0.19522789,0.19468838,0.11347459,-0.030564541,0.11831441,0.17158857,0.15924135
0.21,0.022894599,-0.17046659,-0.19285145,0.073598094,0.10830063,-0.18150413,0.19683148,0.123461045,-0.020594133,0.12462198,0.18007034,0.16829136
0.22,0.031193864,-0.13918455,-0.16981962,0.053696163,0.10104462,-0.15417095,0.23156308,0.15511611,0.008116521,0.15450501,0.20542789,0.184876
0.23,0.036573324,-0.15284763,-0.18872675,0.05791237,0.11323433,-0.17055446,0.23001693,0.16321757,0.012446551,0.15138485,0.20121978,0.1800154
0.24,0.07386426,-0.11432043,-0.18774107,0.019987116,0.1313396,-0.15079555,0.2044992,0.15673715,0.022425419,0.16550525,0.22091775,0.20536242
0.25,0.08633794,-0.105397955,-0.19126119,0.0092378305,0.13913105,-0.1479731,0.18206368,0.14979903,0.02600802,0.17906661,0.2397813,0.21982133
0.26,0.07307433,-0.13969302,-0.21230048,0.033012126,0.14316809,-0.17583777,0.16196187,0.13355656,0.008562942,0.1617538,0.22391082,0.2060919
0.27,0.08177948,-0.14718623,-0.22847453,0.032415852,0.15573823,-0.18762562,0.16298303,0.12727714,0.008044453,0.15829316,0.22153267,0.21097483
0.28,0.04415689,-0.18630403,-0.23001176,0.07084507,0.13761732,-0.20793359,0.17034501,0.12027352,-0.00909247,0.13804221,0.20424995,0.18687567
0.29,0.010569577,-0.20521837,-0.2153217,0.09702692,0.113434084,-0.20997842,0.17980003,0.10397931,-0.029741885,0.11553051,0.1752335,0.1527929
0.3,0.0019659894,-0.23196508,-0.23336715,0.11478748,0.11819096,-0.23248553,0.17569903,0.100636125,-0.03897836,0.10296483,0.16706692,0.1487611
0.31,0.015209587,-0.21998647,-0.23471841,0.10217734,0.12547211,-0.22713156,0.17634836,0.10143273,-0.035928197,0.11542388,0.17788827,0.16000293
0.32,-0.009925025,-0.23154002,-0.22088046,0.12042254,0.10597618,-0.22581466,0.18399163,0.11532936,-0.027132556,0.11267078,0.16814955,0.14906839
0.33,0.016439293,-0.19998014,-0.21589974,0.09161715,0.116717145,-0.20773107,0.18705015,0.10329582,-0.020400891,0.1330705,0.19200455,0.16173139
0.34,0.076128095,-0.18879345,-0.2644625,0.056057237,0.1705807,-0.22634332,0.080318965,0.05900708,0.002597674,0.1848217,0.2633395,0.23059265
0.35,0.4727218,-0.021945255,-0.49447554,-0.22562255,0.4837836,-0.25798294,-0.22139943,-0.18127187,0.15125903,0.60984105,0.8094055,0.67414165
0.36,0.6640873,0.13101453,-0.5328457,-0.39772028,0.59875995,-0.20058666,-0.729681,-1.2043892,-0.44769746,0.44933861,0.90117747,0.91549146
0.37,0.041128967,-0.35039538,-0.3911694,0.15438199,0.21637414,-0.37051156,-0.43761578,-1.3617505,-1.2113762,-0.55898094,-0.119491644,0.17249425
0.38,-0.09182069,-0.3813404,-0.28904173,0.23646681,0.09914026,-0.33506632,-0.10572649,-0.5900044,-0.747385,-0.40152168,-0.13039286,0.031300344
0.39,-0.06375916,-0.32496133,-0.26076174,0.19401655,0.098999485,-0.29266644,0.15877193,0.03110473,-0.1686881,-0.027833158,0.041652296,0.06519082
0.4,-0.050336774,-0.24438657,-0.19350663,0.1471351,0.07199521,-0.21869709,0.28637666,0.24116874,0.041460056,0.14350984,0.15562098,0.12586914
0.41,-0.058869366,-0.2552143,-0.19591005,0.15688115,0.069002524,-0.22525576,0.28921354,0.2646201,0.08222477,0.16916287,0.15591821,0.113187134
0.42,-0.051465347,-0.23623657,-0.18428822,0.1435957,0.06686292,-0.21004006,0.3068579,0.2908874,0.10920759,0.19337694,0.16988122,0.11708316
0.43,-0.048340954,-0.2332399,-0.18457527,0.14046064,0.06864111,-0.20863038,0.30574942,0.29365587,0.11903302,0.20291345,0.169423,0.11281347
0.44,-0.06045643,-0.2367361,-0.17580079,0.14838791,0.05812319,-0.20604156,0.31315845,0.30139682,0.120237544,0.20796835,0.17064977,0.11406807
0.45,-0.06477476,-0.23532799,-0.17015384,0.1498421,0.053188164,-0.20257448,0.3144297,0.30392203,0.121203765,0.21156664,0.16944861,0.10988337
0.46,-0.06176102,-0.2203188,-0.15817615,0.14081965,0.048462406,-0.18874009,0.32236683,0.31418216,0.13063388,0.22143576,0.17595877,0.11481477
0.47,-0.062287495,-0.21360181,-0.15128693,0.13775119,0.044851948,-0.18207966,0.33050236,0.32504094,0.14380223,0.23462765,0.18431723,0.12034637
0.48,-0.057388116,-0.20445019,-0.14689602,0.13060358,0.044866707,-0.17512196,0.33693126,0.3309324,0.14798523,0.24517111,0.19219068,0.123339534
0.49,-0.06275236,-0.20614749,-0.14334911,0.13424675,0.04054656,-0.17435445,0.3286804,0.334796,0.15185545,0.25421613,0.1983808,0.1286667
0.5,-0.048500087,-0.1836754,-0.13526492,0.11569568,0.043684546,-0.15892935,0.33083925,0.3397403,0.16309385,0.26540887,0.20930713,0.1433286
0.51,-0.04730099,-0.1804521,-0.13305958,0.11364738,0.043085527,-0.15626785,0.3295686,0.3462484,0.17145929,0.277,0.21770602,0.14857288
0.52,-0.04234793,-0.1650174,-0.122591734,0.103520386,0.04042924,-0.14341703,0.32400557,0.3472261,0.17669033,0.28181168,0.22287299,0.15284094
0.53,-0.033464607,-0.1421779,-0.108719766,0.08754652,0.03794512,-0.12498717,0.31588978,0.34906378,0.18094136,0.2898692,0.23701933,0.17144772
0.54,-0.01957744,-0.12484141,-0.105154134,0.07194941,0.042995963,-0.11455373,0.3094864,0.34774014,0.18345113,0.29255098,0.24941036,0.18743981
0.55,-0.029257344,-0.12591673,-0.09669892,0.07727141,0.03396182,-0.11082142,0.2943453,0.32631463,0.16370475,0.27822572,0.24628079,0.18983088
0.56,-0.019078687,-0.11436618,-0.09531326,0.06653832,0.03835249,-0.10438151,0.2851408,0.3080484,0.14810526,0.26674876,0.24498709,0.19887386
0.57,-0.0043209083,-0.099970005,-0.09568048,0.051951483,0.045901563,-0.09736426,0.2617971,0.2777306,0.121592894,0.24510948,0.2447259,0.21335687
0.58,0.00075878645,-0.08454377,-0.08519202,0.041601412,0.043294474,-0.084309414,0.24042194,0.23831047,0.08697603,0.2201567,0.24259318,0.22567885
0.59,0.022333162,-0.06617173,-0.08844343,0.021745104,0.05562525,-0.076819085,0.21518467,0.19227096,0.045941934,0.192745,0.24130227,0.2448139
0.6,0.027591601,-0.06920343,-0.09692539,0.020552557,0.06250736,-0.08260077,0.182693,0.1391834,-0.0060535404,0.15667444,0.23708844,0.25555536
0.61,0.038559,-0.07064077,-0.109261505,0.015825976,0.07415906,-0.08943818,0.16212524,0.10361548,-0.036108464,0.13435443,0.23464938,0.26223573
0.62,0.040087126,-0.08740826,-0.12749515,0.023416622,0.08400687,-0.10699213,0.16167504,0.091952465,-0.046146583,0.12504148,0.22743961,0.2567065
0.63,0.037849642,-0.1132394,-0.15121226,0.037500694,0.09475179,-0.13178971,0.16546997,0.09433241,-0.04279677,0.12021525,0.21885939,0.24050842
0.64,0.03059427,-0.12849714,-0.1589427,0.048628125,0.09511969,-0.14324915,0.17641798,0.105113566,-0.032678027,0.12500715,0.21283187,0.2264431
0.65,0.029507084,-0.14515537,-0.17407642,0.057485133,0.102383874,-0.15934104,0.17905034,0.10921565,-0.02541284,0.124710955,0.199805,0.21017535
0.66,0.020464871,-0.1585964,-0.17841928,0.068761304,0.09984455,-0.16822165,0.19235866,0.12097873,-0.01465739,0.12823913,0.19792956,0.20543875
0.67,0.023482308,-0.1640643,-0.18700767,0.07002441,0.10570196,-0.17531769,0.19698869,0.1295131,-0.010538608,0.13228863,0.19787543,0.20033965
0.68,0.011771407,-0.17276828,-0.18414737,0.08033708,0.09854501,-0.17819856,0.19456273,0.1298524,-0.016342813,0.12870558,0.18964127,0.1901051
0.69,0.0027998742,-0.17489682,-0.17718197,0.08597489,0.09044387,-0.1758811,0.20116453,0.13151419,-0.015178241,0.12815009,0.18527304,0.18633208
0.7,5.571205e-05,-0.17480269,-0.17440572,0.08729679,0.08763845,-0.17446896,0.20232444,0.13382031,-0.01704387,0.12521364,0.18370186,0.185835
0.71,-0.0019038671,-0.16945884,-0.16705291,0.08554477,0.083010934,-0.168022,0.20692453,0.13178161,-0.017218702,0.1212767,0.18028885,0.185565
0.72,-0.00311201,-0.16858138,-0.16499287,0.08565568,0.081468984,-0.16652782,0.2065289,0.13064283,-0.021543633,0.11940875,0.17745888,0.18477926
0.73,-0.0064817024,-0.16645522,-0.15993418,0.08627213,0.07705728,-0.16279522,0.20864736,0.12943552,-0.025109656,0.115165226,0.17469108,0.18427575
0.74,-0.0066007148,-0.16580456,-0.15896398,0.08590368,0.07649723,-0.16191775,0.20847072,0.12807083,-0.024886977,0.11571305,0.17494729,0.18564814
0.75,-0.0024211868,-0.16547258,-0.16245711,0.083710015,0.080508396,-0.16369629,0.2004551,0.12558141,-0.030545067,0.11555739,0.17451622,0.18477945
0.76,0.006099586,-0.15675597,-0.16248292,0.07504496,0.08462393,-0.15917815,0.20880038,0.12402577,-0.029624732,0.120906785,0.17773835,0.1902891
0.77,0.0036167437,-0.164409,-0.16731068,0.08003218,0.08605704,-0.16560541,0.19689243,0.115549825,-0.031611834,0.11772401,0.17848681,0.1906728
0.78,0.002920335,-0.16012567,-0.16252732,0.07838139,0.08310066,-0.16094755,0.19636676,0.11396643,-0.033743847,0.11537557,0.17665032,0.19095409
0.79,0.0072242147,-0.16049519,-0.1671493,0.07645033,0.08764908,-0.1635106,0.19175756,0.10760702,-0.03786672,0.11505704,0.17408714,0.1914311
0.8,0.011573697,-0.15593125,-0.16678622,0.07188555,0.08969494,-0.16107467,0.1893283,0.106028356,-0.036760595,0.11274177,0.17446741,0.19001596
0.81,0.010625496,-0.15795964,-0.16807581,0.07339725,0.089755654,-0.16272964,0.18906245,0.103434995,-0.03687369,0.112825096,0.17497785,0.19159022
0.82,0.0049365098,-0.17263378,-0.17704436,0.08363222,0.0915644,-0.17455596,0.183637,0.099162795,-0.04243479,0.106324345,0.16579905,0.18657006
0.83,0.009575621,-0.1662319,-0.17524204,0.07813508,0.09288041,-0.1705539,0.18587242,0.095802955,-0.044262674,0.10573416,0.16366772,0.18397725
0.84,0.01020907,-0.17316407,-0.1830136,0.0812411,0.09720934,-0.17787275,0.1862121,0.09623449,-0.04076094,0.10588839,0.16489467,0.18373224
0.85,0.008585061,-0.17746185,-0.18566097,0.084154904,0.09770228,-0.1813548,0.18475696,0.09348606,-0.04325553,0.1009334,0.15935315,0.17943555
0.86,0.016171051,-0.16877747,-0.18455875,0.076110534,0.10080266,-0.17640212,0.18416293,0.09247939,-0.044758104,0.10104418,0.15911953,0.17977755
0.87,0.0065860297,-0.18061171,-0.18659133,0.086762205,0.09704409,-0.18336065,0.18379688,0.0898231,-0.05005506,0.09753651,0.15756781,0.17544253
0.88,0.012437705,-0.18329118,-0.19528763,0.085129686,0.10446704,-0.18905303,0.18921018,0.09355513,-0.04822435,0.100588806,0.1555706,0.1777092
0.89,0.01230681,-0.18479867,-0.19659759,0.08598947,0.10501604,-0.19047673,0.18414137,0.09174508,-0.045618907,0.09762961,0.15325648,0.1760865
0.9,0.014611151,-0.17885101,-0.19315022,0.08191458,0.10437298,-0.18577328,0.18912818,0.09485189,-0.041519336,0.099110566,0.15391426,0.17631799
0.91,0.004464428,-0.18723841,-0.19133013,0.09110374,0.0983909,-0.18901841,0.18406877,0.09192737,-0.05225595,0.09552041,0.14516324,0.17091677
0.92,0.022525372,-0.14738199,-0.16961782,0.062244803,0.09658657,-0.15820856,0.20817578,0.11850855,-0.028711276,0.11953576,0.16448171,0.18634345
0.93,0.019946223,-0.14474025,-0.16434988,0.06219309,0.092557244,-0.15430032,0.23018503,0.13792987,-0.015407518,0.1261773,0.17152128,0.18935639
0.94,0.04892827,-0.1369313,-0.18534152,0.043700196,0.11759816,-0.16082674,0.19842458,0.12992927,-0.014033053,0.13061939,0.17599936,0.1961098
0.95,0.07340664,-0.102800496,-0.17577384,0.014481903,0.12507087,-0.13893951,0.17688899,0.12137209,-0.0073282938,0.14694579,0.19368376,0.21617223
0.96,0.071705244,-0.13947795,-0.21076338,0.03364259,0.1418635,-0.17489903,0.1573679,0.10600754,-0.024320828,0.13209382,0.17771634,0.2038414
0.97,0.07468221,-0.15345863,-0.22767833,0.039192695,0.15167761,-0.19033687,0.16174042,0.10023787,-0.029470665,0.1277907,0.17214029,0.20032921
0.98,0.06728395,-0.17288458,-0.23957716,0.052547164,0.15388916,-0.20598207,0.16403711,0.09318665,-0.037364203,0.11596609,0.16414133,0.19302323
0.99,0.01441108,-0.20223747,-0.21612017,0.09354193,0.11570277,-0.20881692,0.1826115,0.09197069,-0.05049831,0.09802843,0.14257635,0.16750427
1.0,-0.0078949835,-0.2312247,-0.22288029,0.11925522,0.10796532,-0.22674693,0.17867959,0.075594224,-0.06933399,0.07820275,0.122060716,0.14920433
1.01,0.0024310679,-0.23780552,-0.23956974,0.11745622,0.121559486,-0.23841104,0.18644318,0.07896003,-0.06771244,0.073841564,0.11218023,0.14300314
1.02,-0.0023854428,-0.22576647,-0.22289921,0.11393323,0.11061745,-0.22403651,0.1759053,0.073457144,-0.06662357,0.075544916,0.12003068,0.14864783
1.03,-0.008591212,-0.24268872,-0.23375343,0.12535736,0.113150425,-0.23795557,0.19910172,0.09212928,-0.058307797,0.076066665,0.10857895,0.137282
1.04,0.035395667,-0.18629664,-0.22118206,0.07517647,0.12880608,-0.20345539,0.11334803,0.02891852,-0.06468268,0.10913036,0.16557072,0.19017847
1.05,0.26468807,-0.14462338,-0.4090675,-0.0601773,0.33711237,-0.2767237,-0.08563992,-0.056130774,0.12208487,0.41048726,0.47812486,0.4148897
1.06,0.76754594,0.21985061,-0.5475412,-0.4939221,0.6578602,-0.16343214,-0.7743899,-0.8865733,0.06571853,0.8535325,1.099202,1.0045289
1.07,0.32167682,-0.12733297,-0.4486002,-0.09754852,0.38525465,-0.28760552,-0.8004419,-1.5859228,-0.9913517,-0.19821528,0.23688243,0.5081027
1.08,-0.07660397,-0.44816208,-0.37111807,0.26207128,0.1474864,-0.40934488,-0.276046,-0.9411502,-1.0366582,-0.60859025,-0.28172722,0.009146603
1.09,-0.033042435,-0.30956796,-0.2760399,0.17104714,0.12192353,-0.29253045,0.0884133,-0.09637162,-0.28787977,-0.116751745,-0.027315667,0.076306365
1.1,-0.06616261,-0.2740702,-0.20746097,0.16989137,0.07118038,-0.24048755,0.2864133,0.18395549,-0.048889484,0.037882045,0.031305205,0.07974317
1.11,-0.060910616,-0.25353742,-0.19194593,0.15700608,0.06596472,-0.22245623,0.28721014,0.22483586,0.025905266,0.10950703,0.077199936,0.09828225
1.12,-0.07372785,-0.26115406,-0.18675624,0.16719449,0.05697736,-0.22359961,0.31608894,0.25570843,0.0425908,0.10893756,0.06059439,0.08024939
1.13,-0.06439844,-0.24804984,-0.18306944,0.15612797,0.059813783,-0.2154089,0.30930075,0.26494133,0.0688821,0.13288969,0.07842168,0.08864233
1.14,-0.07127408,-0.2387966,-0.1671677,0.15469049,0.04856186,-0.2028126,0.31787565,0.27074838,0.073419705,0.13280216,0.07176341,0.08459197
1.15,-0.071181744,-0.23714788,-0.16553289,0.15388036,0.04757112,-0.20104231,0.32519427,0.28123894,0.08375366,0.14552198,0.07934365,0.08839587
1.16,-0.06902,-0.2308246,-0.16158342,0.14954968,0.046775233,-0.195822,0.333222,0.28915986,0.08804074,0.15244094,0.0794995,0.08479091
1.17,-0.073870435,-0.21884662,-0.14491138,0.14607379,0.035789777,-0.18136358,0.34284505,0.29859856,0.10398331,0.16718012,0.08514187,0.0892586
1.18,-0.07225033,-0.22223268,-0.14985116,0.14693429,0.039086364,-0.18550876,0.34147677,0.3073547,0.11015723,0.17577586,0.08812061,0.08707163
1.19,-0.07068779,-0.21739185,-0.14661431,0.14376487,0.0382477,-0.18150283,0.34797123,0.31951413,0.11821468,0.19022183,0.09829802,0.09198291
1.2,-0.07076994,-0.20756719,-0.1367929,0.13903952,0.033227816,-0.17171006,0.35264733,0.33320636,0.13442646,0.20460185,0.111235745,0.103253506
1.21,-0.06587041,-0.19509451,-0.12897371,0.13021874,0.031763177,-0.16153996,0.35445932,0.34618255,0.1494941,0.22273055,0.12422127,0.114359014
1.22,-0.054218706,-0.18131456,-0.12701212,0.11760189,0.03661713,-0.15377507,0.35385853,0.3530097,0.16152415,0.2384255,0.13773587,0.123277344
1.23,-0.050657474,-0.17308168,-0.122360855,0.11156355,0.036225658,-0.1471506,0.35173273,0.3588947,0.17109503,0.24536233,0.1487987,0.13434337
1.24,-0.035307027,-0.14491141,-0.109612346,0.08986084,0.037450876,-0.12672222,0.34797233,0.3640402,0.179865,0.2564513,0.1627975,0.14785993
1.25,-0.031646714,-0.13096242,-0.09930636,0.0808941,0.03407865,-0.11465108,0.33522367,0.36187834,0.17963903,0.2585869,0.17326584,0.16331436
1.26,-0.01782747,-0.10942836,-0.09170229,0.063466266,0.037251636,-0.10006407,0.3302357,0.3557004,0.17480104,0.257263,0.18453503,0.17883253
1.27,-0.0037403621,-0.096734196,-0.09303193,0.05004584,0.04488086,-0.09441296,0.31789315,0.3376081,0.15672667,0.24342982,0.18931976,0.1903959
1.28,0.0020221255,-0.0893476,-0.091246225,0.04340196,0.046876814,-0.08973954,0.297772,0.30612293,0.12603156,0.22470455,0.18727405,0.2022278
1.29,0.009370495,-0.08811648,-0.09749128,0.039009552,0.05373402,-0.0922588,0.2749847,0.26828516,0.088903554,0.19866411,0.18447363,0.21605262
1.3,0.024864303,-0.07666481,-0.1015853,0.025572376,0.06349676,-0.08855547,0.24941507,0.22383924,0.05001595,0.17161383,0.18359496,0.23345289
1.31,0.0379314,-0.07796896,-0.11590015,0.019741671,0.077268176,-0.096539356,0.22555771,0.1784684,0.010503067,0.1417572,0.17523392,0.23280954
1.32,0.04123921,-0.102670014,-0.14386502,0.030387405,0.09279145,-0.122781344,0.20778173,0.15021025,-0.014229783,0.12291645,0.16885568,0.22829878
1.33,0.03763264,-0.12753628,-0.16471447,0.04467797,0.10167223,-0.14586492,0.20399845,0.13658065,-0.019316237,0.11615724,0.1639807,0.21919921
1.34,0.034383386,-0.15139832,-0.18547004,0.05822338,0.11046886,-0.16819178,0.20675196,0.12808584,-0.02104553,0.11157236,0.15281497,0.2072538
1.35,0.0238926,-0.1779057,-0.20126551,0.07669312,0.11301801,-0.18936959,0.2067183,0.123601,-0.02503179,0.10572499,0.14130516,0.1938964
1.36,0.01880022,-0.19698764,-0.21515067,0.088748425,0.1174763,-0.20583583,0.20138098,0.11927095,-0.029616734,0.09621587,0.1343655,0.17928608
1.37,0.017279733,-0.20250392,-0.21938339,0.09242539,0.11884823,-0.2107194,0.2058202,0.12077134,-0.0285005,0.098250255,0.12987888,0.17431155
1.38,0.017451936,-0.21285467,-0.22977068,0.09744328,0.12405887,-0.22100817,0.21111575,0.12288658,-0.0265722,0.09851674,0.13068199,0.17202069
1.39,0.015328352,-0.21367316,-0.22854955,0.098964326,0.12245586,-0.22091877,0.21387467,0.12484001,-0.025525805,0.100108765,0.13060082,0.16997395
1.4,0.008194073,-0.21971977,-0.22732642,0.1053505,0.11826872,-0.22324283,0.21623836,0.12843487,-0.027770447,0.101618916,0.12891485,0.1707795
1.41,0.0058569354,-0.2148069,-0.22018442,0.10425415,0.11356177,-0.21732254,0.21676706,0.12665358,-0.02969299,0.09924111,0.12862572,0.16902526
1.42,0.0077303015,-0.21546392,-0.22281387,0.10353575,0.115787864,-0.21889067,0.2168673,0.124095105,-0.032917444,0.095526956,0.12524907,0.16818668
1.43,0.009030457,-0.21108736,-0.21941026,0.100792706,0.114767306,-0.215011,0.22489436,0.12473032,-0.036295734,0.09444282,0.12607965,0.1700194
1.44,-0.00039952892,-0.21803696,-0.21715108,0.10903463,0.108907074,-0.21732596,0.21724576,0.11869903,-0.042669848,0.08923918,0.12714995,0.16810606
1.45,-0.014382948,-0.22264552,-0.20767337,0.118337214,0.09715918,-0.21494843,0.21644175,0.11359648,-0.04603974,0.08327546,0.12375446,0.16758145
1.46,-0.007083369,-0.20878467,-0.20123109,0.107724756,0.09746812,-0.20475602,0.21958975,0.11508232,-0.04530067,0.08699117,0.12914103,0.173023
1.47,-0.01107961,-0.21354683,-0.20207965,0.11213673,0.09598586,-0.20755593,0.2220887,0.11292205,-0.046584,0.09082192,0.13277093,0.17390299
1.48,-0.005487193,-0.20752747,-0.20150872,0.10631208,0.098495826,-0.20436627,0.2193536,0.10733495,-0.04899399,0.08840191,0.13394105,0.17529464
1.49,0.0038519844,-0.2025609,-0.20596685,0.09906426,0.10549096,-0.2039654,0.21874127,0.107470475,-0.048243977,0.08925315,0.13497867,0.1779323
1.5,-0.0010148255,-0.208717,-0.20726946,0.10462996,0.10362019,-0.20783918,0.213185,0.1022761,-0.051107645,0.08842957,0.13367668,0.17535473
1.51,0.0024446081,-0.20777482,-0.20966184,0.10241903,0.10656772,-0.20843455,0.21006718,0.09988172,-0.052560247,0.08849469,0.13254122,0.17942773
1.52,-0.0012582056,-0.21377696,-0.21201687,0.10729916,0.10579868,-0.21265295,0.20969431,0.09987736,-0.052264564,0.08819964,0.13209407,0.17973141
1.53,0.0038668218,-0.2123761,-0.2156858,0.10401333,0.11027223,-0.21384966,0.20568551,0.09583941,-0.054517817,0.08295192,0.13075125,0.17795154
1.54,0.0050483546,-0.21562132,-0.22026677,0.105037704,0.11324994,-0.21776813,0.20135008,0.094175786,-0.05546545,0.082930654,0.12919061,0.17935593
1.55,0.013949496,-0.20963854,-0.22330351,0.09763493,0.1190873,-0.21617907,0.20074381,0.09352881,-0.055556785,0.07828584,0.12746575,0.17756382
1.56,0.0049623684,-0.22069274,-0.22499643,0.1075398,0.115522586,-0.22257295,0.198905,0.09447918,-0.053706978,0.078438096,0.13005526,0.17776677
1.57,0.012721945,-0.21870689,-0.23078647,0.10260691,0.12230583,-0.2244253,0.19562541,0.092383124,-0.052909676,0.077056885,0.12773302,0.1766746
1.58,0.010594611,-0.22617432,-0.23618075,0.10749153,0.12390983,-0.23096393,0.19687656,0.09004825,-0.054406818,0.07621462,0.12466525,0.17603822
1.59,-0.001936925,-0.23163036,-0.22912008,0.11648324,0.11413728,-0.23013863,0.1927166,0.088308394,-0.05847849,0.07405852,0.12232748,0.1708545
1.6,0.0073632575,-0.22691913,-0.23363864,0.10959478,0.12104721,-0.23010531,0.19701596,0.09276141,-0.055158112,0.07599752,0.12487425,0.1752504
1.61,0.0035897,-0.22553939,-0.22855712,0.11074886,0.11667701,-0.22689666,0.190226,0.088977456,-0.059031874,0.072184116,0.123767644,0.17081572
1.62,0.010866224,-0.20743011,-0.21792905,0.09805434,0.11492315,-0.21234359,0.2079021,0.10686144,-0.043834846,0.088162124,0.13838856,0.18572232
1.63,0.018719038,-0.17354527,-0.1916716,0.07711749,0.1057132,-0.1823077,0.24027902,0.13737006,-0.020747095,0.10775303,0.15338719,0.19874938
1.64,0.032677755,-0.18560898,-0.2178514,0.07622567,0.12568447,-0.20144007,0.21905664,0.13859266,-0.015893875,0.10984089,0.1527321,0.19915555
1.65,0.072138086,-0.14970247,-0.22138093,0.038615875,0.14731205,-0.18521519,0.19112019,0.1319934,-0.0053028287,0.12802754,0.17183916,0.22169165
1.66,0.08040212,-0.15761204,-0.23740013,0.038395446,0.15944877,-0.19719864,0.16880962,0.116785005,-0.016122706,0.12054345,0.16889484,0.22056516
1.67,0.07340194,-0.18421376,-0.25706565,0.055087067,0.16582714,-0.22040899,0.1642601,0.099440716,-0.034127187,0.103994004,0.1550864,0.20925593
1.68,0.06970593,-0.1978535,-0.2671258,0.063920796,0.16895717,-0.2323516,0.16525301,0.091571055,-0.036967,0.10003961,0.15293069,0.20963371
1.69,0.033059575,-0.22651179,-0.25902796,0.09650846,0.14661479,-0.24260856,0.18318005,0.08918941,-0.052980077,0.07996032,0.13030808,0.18647313
1.7,5.3547523e-05,-0.24289039,-0.24248394,0.121227294,0.121694386,-0.24250048,0.17464304,0.0674065,-0.07594605,0.056254372,0.10781864,0.16156068
1.71,-0.006623359,-0.27075136,-0.26357412,0.13843302,0.1288407,-0.2669344,0.1818156,0.068448424,-0.08739532,0.035765965,0.08896885,0.14258942
1.72,0.005668966,-0.25537133,-0.26056433,0.124577396,0.13363647,-0.2575887,0.17767793,0.06254547,-0.08009595,0.051228374,0.10681388,0.15740283
1.73,-0.019052021,-0.27173066,-0.25213748,0.14518213,0.11700889,-0.26169804,0.19384934,0.08193577,-0.08187897,0.03334732,0.079880275,0.13561083
1.74,0.01644644,-0.22392721,-0.23983154,0.10355269,0.1287094,-0.23160659,0.15369876,0.042492587,-0.07930828,0.06802575,0.12866484,0.17903064
1.75,0.108678065,-0.2275647,-0.33582595,0.059170026,0.22244424,-0.2815627,0.06282289,0.03347157,0.006827747,0.17677973,0.23891877,0.25789726
1.76,0.63920516,0.049029354,-0.5899065,-0.34425429,0.6147695,-0.27021894,-0.48351082,-0.44001338,0.24919438,0.78126484,0.91894567,0.8022436
1.77,0.63212967,0.08318576,-0.5485622,-0.35790503,0.5905262,-0.2322715,-0.9559954,-1.4931109,-0.5290404,0.3229955,0.7189593,0.84846956
1.78,-0.022673324,-0.4550597,-0.43199512,0.2386142,0.20485143,-0.44330868,-0.4855294,-1.3764892,-1.2678258,-0.70591605,-0.28535438,0.09396926
1.79,-0.034956887,-0.39255646,-0.3570492,0.21344247,0.16169113,-0.37453774,-0.048148524,-0.37652782,-0.5488676,-0.29990843,-0.11255777,0.06646741
1.8,-0.055250596,-0.30984858,-0.2540106,0.18226719,0.09992738,-0.28166407,0.24983428,0.122489184,-0.113991536,-0.03147445,0.0005467865,0.088369206
1.81,-0.051014517,-0.27711555,-0.22541107,0.16389178,0.087767445,-0.25106815,0.28991488,0.20798713,-0.0009816032,0.072985776,0.06825699,0.11855445
1.82,-0.062634446,-0.28543976,-0.22235946,0.17377627,0.080266066,-0.25367138,0.31809005,0.24218681,0.02364252,0.078615285,0.05224858,0.09655771
1.83,-0.06379835,-0.27653047,-0.21232092,0.17001535,0.07470041,-0.24415435,0.3134503,0.25404537,0.04604675,0.10095441,0.06854204,0.10193113
1.84,-0.064506546,-0.2773752,-0.21225329,0.17081416,0.07436374,-0.24463443,0.32301483,0.2645418,0.058806773,0.10551353,0.06747223,0.097947516
1.85,-0.06598381,-0.2710012,-0.20444639,0.1683711,0.06965384,-0.23753466,0.32858709,0.27226236,0.07058687,0.11908287,0.07985497,0.10629308
1.86,-0.066527486,-0.2632072,-0.19623174,0.16462693,0.06534717,-0.22944851,0.3343299,0.28147116,0.07675581,0.12299649,0.07948839,0.10113743
1.87,-0.072135635,-0.2638516,-0.19137168,0.16768529,0.06011489,-0.22736163,0.34277773,0.29269224,0.09225918,0.1364657,0.084253915,0.1052138
1.88,-0.076608226,-0.2597509,-0.18266395,0.16782907,0.05355639,-0.2208889,0.3479022,0.30037257,0.10073728,0.1477689,0.088384256,0.108297795
1.89,-0.07347395,-0.24831738,-0.17426176,0.1606307,0.050813917,-0.2110474,0.35017028,0.3111853,0.10662256,0.1556611,0.09429329,0.10936871
1.9,-0.060442045,-0.23267396,-0.17165944,0.14644003,0.056081835,-0.2019076,0.35348397,0.32087353,0.12204274,0.1708869,0.10700138,0.12108445
1.91,-0.06436854,-0.22146986,-0.1568357,0.14268099,0.046575546,-0.18873356,0.3508223,0.32947436,0.13410734,0.18403015,0.11755423,0.12550145
1.92,-0.054847304,-0.20690785,-0.15203813,0.13058873,0.048853226,-0.1789553,0.3496505,0.33925146,0.14477631,0.19781677,0.12864278,0.1351057
1.93,-0.04840795,-0.18686827,-0.13849714,0.11742842,0.045228027,-0.16223983,0.35176736,0.35248488,0.15746836,0.21714528,0.14897981,0.15073468
1.94,-0.044397395,-0.16447653,-0.120083995,0.10416858,0.03803363,-0.14176577,0.34225857,0.35348767,0.16361628,0.22378798,0.15888764,0.15954275
1.95,-0.025885737,-0.14675136,-0.120795175,0.08601608,0.047764245,-0.13328679,0.33682573,0.3585078,0.1714004,0.2305933,0.17129685,0.17598207
1.96,-0.019159326,-0.12333031,-0.10387964,0.07095676,0.042568658,-0.113065824,0.3344364,0.35880846,0.1703948,0.23474066,0.18224917,0.19422452
1.97,-0.0117657585,-0.114722684,-0.10290808,0.06304399,0.045835666,-0.108261734,0.3195199,0.34086046,0.15342684,0.22343764,0.18809822,0.20697439
1.98,0.0016868714,-0.10352036,-0.10500042,0.050751787,0.05364998,-0.10384488,0.30656993,0.3182886,0.1276042,0.20765953,0.19207905,0.22189635
1.99,0.0053736665,-0.09053609,-0.09583071,0.042403102,0.050941177,-0.092675515,0.28665873,0.28179413,0.09099254,0.18224663,0.18832536,0.23195778
2.0,0.017055463,-0.08872636,-0.10566267,0.035585478,0.061601598,-0.09657264,0.26317,0.23934694,0.055758428,0.1564019,0.18710956,0.24632761
2.01,0.033747137,-0.08966876,-0.12338761,0.027586207,0.07886686,-0.10606877,0.23301363,0.19379085,0.012626705,0.12903678,0.18281724,0.2595711
2.02,0.050124455,-0.10062164,-0.15069018,0.025064547,0.10074498,-0.12519915,0.22226608,0.15932256,-0.016211381,0.10735204,0.18117367,0.2600687
2.03,0.04469371,-0.11727403,-0.16156484,0.036134332,0.10358343,-0.13913415,0.21101443,0.1364665,-0.037030667,0.08868709,0.16694354,0.24462558
2.04,0.03305289,-0.15008068,-0.18261346,0.05814194,0.10842455,-0.1660719,0.20712367,0.11949886,-0.046268146,0.07702907,0.15478133,0.22892351
2.05,0.033507727,-0.17338674,-0.20643187,0.06962198,0.12055283,-0.18952394,0.20491903,0.109546594,-0.05178448,0.06965543,0.14751314,0.2151822
2.06,0.021170959,-0.1902138,-0.21085045,0.084203735,0.11659462,-0.20033053,0.2090096,0.10626593,-0.0518454,0.06414499,0.1371171,0.20387089
2.07,0.018851882,-0.20696111,-0.22522661,0.09390119,0.12254501,-0.21600784,0.21013851,0.10794234,-0.050175294,0.06556137,0.1346905,0.19878286
2.08,0.020379888,-0.19957937,-0.21938525,0.089369655,0.12033662,-0.2092271,0.2135222,0.110372595,-0.04784049,0.06708226,0.13379304,0.19012019
2.09,0.010704678,-0.21300828,-0.22338441,0.10092841,0.11768184,-0.2180233,0.20973836,0.107072234,-0.048557743,0.06274513,0.12729898,0.1824264
2.1,0.005106991,-0.21765701,-0.22217876,0.10606212,0.114216946,-0.21965581,0.20862058,0.10809969,-0.04972793,0.058644507,0.12565966,0.18130887
2.11,0.011469173,-0.21274105,-0.22380456,0.10030493,0.118257016,-0.21802785,0.21965416,0.11336036,-0.049516663,0.06176101,0.12819652,0.18205026
2.12,0.0038746442,-0.21248014,-0.21596873,0.10400297,0.11037776,-0.21403721,0.222017,0.11192344,-0.055600084,0.060347706,0.12990712,0.1851592
2.13,0.0020336064,-0.20901325,-0.21048877,0.10332648,0.10674566,-0.20956475,0.22796324,0.11363932,-0.05626779,0.061580233,0.12894355,0.18131045
2.14,-0.0082147755,-0.2140414,-0.20526789,0.110950224,0.09905777,-0.2093878,0.22693667,0.10894746,-0.061937816,0.060615554,0.12812878,0.18732618
2.15,-0.004492384,-0.20564933,-0.20049764,0.104704976,0.098567665,-0.20288411,0.22453907,0.10641253,-0.06638835,0.06146431,0.13114391,0.18744533
2.16,-0.014069705,-0.20583723,-0.19126154,0.10972857,0.08912508,-0.19834518,0.23408662,0.10966797,-0.059890356,0.06371517,0.13306522,0.18699442
2.17,-0.018391404,-0.21136484,-0.1925819,0.114703394,0.08751395,-0.2016695,0.23162462,0.10442952,-0.062351517,0.06273306,0.13495134,0.19189923
2.18,-0.010241247,-0.19567373,-0.18488471,0.10276659,0.08783521,-0.19006678,0.2275179,0.10017915,-0.064834766,0.06413711,0.1347243,0.18828298
2.19,-0.004004248,-0.19121903,-0.18674909,0.097434975,0.091868885,-0.18867305,0.22306976,0.10058163,-0.060633652,0.06596994,0.13978434,0.1950852
2.2,-0.0042865905,-0.18620713,-0.18123586,0.095056094,0.08888991,-0.18352233,0.22560199,0.09990406,-0.05801062,0.06938953,0.14524126,0.20180373
2.21,-1.5539732e-05,-0.19097315,-0.19044092,0.09519928,0.09568603,-0.19040537,0.21771769,0.0968474,-0.05845396,0.069362305,0.14316592,0.19800921
2.22,-0.009226797,-0.19783425,-0.18802671,0.10339774,0.08988613,-0.19272369,0.21716139,0.09810529,-0.0585508,0.06900428,0.14622068,0.19810688
2.23,-0.011827882,-0.19813958,-0.18580465,0.10477819,0.08742047,-0.19165234,0.21704368,0.09531328,-0.05681102,0.06892194,0.14641371,0.20014463
2.24,-0.0072205584,-0.19744621,-0.18978994,0.10216415,0.09181174,-0.19332547,0.21177807,0.09275382,-0.060633235,0.06607373,0.14419168,0.19690467
2.25,-0.0039632632,-0.19231127,-0.18780375,0.09789137,0.092362136,-0.18975607,0.22160682,0.09653183,-0.058708258,0.06827408,0.14876458,0.20046455
2.26,-0.008269391,-0.19886692,-0.19006659,0.10330561,0.09132881,-0.19431455,0.21648434,0.09437172,-0.05947214,0.06815754,0.14720747,0.19569571
2.27,-0.0015749815,-0.19185868,-0.18967417,0.09639921,0.09450596,-0.1904958,0.20931254,0.09277078,-0.06189722,0.0627935,0.14555264,0.19736269
2.28,-0.008602005,-0.2009718,-0.19189322,0.10456405,0.092106864,-0.19615203,0.21732193,0.093974955,-0.062225215,0.06243716,0.14508593,0.19505608
2.29,-0.007040934,-0.20146738,-0.1938245,0.10403817,0.09386169,-0.19744541,0.21537839,0.0946502,-0.06045011,0.06427481,0.14734471,0.19582367
2.3,0.0063045644,-0.19716479,-0.20288965,0.095214404,0.10503801,-0.1997221,0.21421236,0.09635868,-0.053708617,0.067189515,0.15085134,0.20150962
2.31,-0.0015167445,-0.19748731,-0.19539936,0.0992311,0.097448744,-0.19614391,0.21568514,0.09443425,-0.057285875,0.06793208,0.15034105,0.19524927
2.32,0.015445176,-0.15928833,-0.17425491,0.07172645,0.095426716,-0.16660877,0.24564412,0.12422199,-0.029510358,0.092592075,0.1709863,0.21485071
2.33,0.018621024,-0.15404704,-0.17214559,0.0674152,0.095972136,-0.16283293,0.26637998,0.1425909,-0.015726754,0.09941689,0.17443231,0.21542561
2.34,0.036175087,-0.1534895,-0.18910974,0.058378786,0.11312245,-0.17106172,0.24036995,0.14219892,-0.010355723,0.10877128,0.18988012,0.23193157
2.35,0.06817042,-0.11828355,-0.18598989,0.024742914,0.12758993,-0.15204328,0.21962503,0.13738988,-0.00079326204,0.12477958,0.20830876,0.2548073
2.36,0.05849958,-0.151884,-0.21001397,0.046429433,0.13483183,-0.18081294,0.19388543,0.116625786,-0.017336952,0.10939529,0.193648,0.24038288
2.37,0.07045595,-0.15626979,-0.2261983,0.042656764,0.1487949,-0.19093458,0.19786578,0.11096679,-0.01946802,0.1062602,0.19409245,0.24602048
2.38,0.05541857,-0.17850934,-0.23348387,0.061209824,0.144924,-0.20576307,0.20250085,0.103644244,-0.029889727,0.09624558,0.18575673,0.2343216
2.39,0.005172321,-0.20539,-0.21001934,0.099833086,0.10804857,-0.20752877,0.21963397,0.10087422,-0.047580726,0.07681456,0.16364804,0.20484869
2.4,-0.0068880534,-0.22146302,-0.21406053,0.11391618,0.10413971,-0.21756321,0.20931076,0.08082066,-0.0693612,0.052201442,0.13792613,0.18327633
2.41,-0.008790977,-0.2362972,-0.22708501,0.122264154,0.10966047,-0.2313675,0.2201321,0.0888427,-0.06857913,0.04686101,0.13134937,0.1748765
2.42,-0.013562697,-0.22441056,-0.2101837,0.11871438,0.09875935,-0.21714948,0.20636202,0.07210527,-0.07242803,0.05279,0.14079084,0.17973714
2.43,-0.018813487,-0.23039067,-0.21120195,0.12426875,0.09669457,-0.22056238,0.2351206,0.109306365,-0.051825516,0.05864896,0.13378279,0.16749287
2.44,0.022039155,-0.1816489,-0.2031219,0.07953452,0.11313798,-0.19214407,0.16402616,0.041336183,-0.062880695,0.091798596,0.19025175,0.22865222
2.45,0.21224426,-0.16591337,-0.37793487,-0.023489868,0.29542562,-0.2717348,0.01826715,0.019420553,0.08410568,0.3104691,0.42730033,0.39645007
2.46,0.71651196,0.15709059,-0.55935454,-0.43692073,0.6382532,-0.20069477,-0.55214685,-0.7404317,-0.0074128658,0.69469017,1.0294201,0.9710577
2.47,0.34831488,-0.10134604,-0.44919994,-0.1238646,0.39902538,-0.2748716,-0.6933386,-1.5604054,-0.9946489,-0.19937342,0.2999325,0.57416004
2.48,-0.10930406,-0.42119965,-0.31146005,0.26500112,0.10163649,-0.36612403,-0.22444293,-1.0367944,-1.11464,-0.6712317,-0.2879913,0.037012197
2.49,-0.06461344,-0.32334784,-0.2583288,0.19363293,0.0974571,-0.2905577,0.06801945,-0.21720214,-0.38935483,-0.20009057,-0.029244114,0.10090024
2.5,-0.07302516,-0.2802132,-0.20673907,0.17624548,0.06743197,-0.24320607,0.31159678,0.17911106,-0.055819217,0.013865386,0.05631933,0.11030444
2.51,-0.057756834,-0.24734814,-0.18907502,0.15231827,0.06612009,-0.21792227,0.323782,0.24265777,0.042975962,0.10842353,0.12254679,0.14948551
2.52,-0.07925859,-0.26062474,-0.18082014,0.16965434,0.05130877,-0.22054861,0.3506842,0.27169073,0.062327992,0.112441786,0.104322046,0.11959302
2.53,-0.0682412,-0.2464812,-0.17759883,0.15702204,0.05530178,-0.21179135,0.35365698,0.289087,0.092685856,0.14748411,0.13541329,0.14015992
2.54,-0.07176341,-0.23986118,-0.16768724,0.15565035,0.048515912,-0.20368727,0.36872667,0.29960316,0.09661789,0.14903,0.13023591,0.13516241
2.55,-0.080602765,-0.24419904,-0.16339605,0.16222003,0.04185593,-0.20362715,0.3628385,0.30444303,0.104905054,0.16029643,0.1369467,0.1359963
2.56,-0.07516338,-0.22502157,-0.14989024,0.14987767,0.037697244,-0.18693903,0.3786094,0.3162505,0.11357991,0.16852836,0.1379779,0.13341783
2.57,-0.08273283,-0.2280489,-0.14527039,0.15518281,0.031496055,-0.1860786,0.3710383,0.32220998,0.117080875,0.17581753,0.13852029,0.13545895
2.58,-0.08465631,-0.22718528,-0.14239204,0.15563352,0.029158076,-0.18431737,0.3857334,0.33658716,0.13055642,0.194602,0.15574916,0.14308962
2.59,-0.08396155,-0.21727102,-0.13330117,0.1503281,0.024891779,-0.17477076,0.393044,0.34697464,0.14234565,0.20726448,0.16724724,0.15220411
2.6,-0.08013179,-0.20827793,-0.12810338,0.14391287,0.024297668,-0.16769154,0.39552015,0.3565394,0.1583832,0.22313564,0.17395064,0.16026013
2.61,-0.079892576,-0.20419183,-0.124302834,0.14169495,0.022544587,-0.16376327,0.39822465,0.3637286,0.16567354,0.2363215,0.18617961,0.16958992
2.62,-0.08037589,-0.19372793,-0.113283694,0.13678668,0.016699284,-0.15303591,0.3858124,0.36714372,0.17466201,0.2506571,0.20230545,0.17931423
2.63,-0.063571624,-0.17233488,-0.10863564,0.11776699,0.022805344,-0.13999474,0.38595647,0.3708841,0.18401001,0.2623009,0.21568723,0.1920727
2.64,-0.053717256,-0.15098254,-0.09720426,0.10203173,0.02202228,-0.123665296,0.38030615,0.3701106,0.18506007,0.26822367,0.22622389,0.20433435
2.65,-0.042585954,-0.13781165,-0.09516667,0.09005433,0.02643992,-0.116060294,0.36298475,0.364972,0.18055512,0.27510563,0.23997687,0.21630107
2.66,-0.03684438,-0.12608679,-0.08920034,0.081260145,0.026457662,-0.10719325,0.35827312,0.3542963,0.17593901,0.27054033,0.2512565,0.23589139
2.67,-0.020326851,-0.11214197,-0.09184211,0.065859795,0.036046162,-0.10153565,0.33854926,0.33316353,0.15750891,0.25533652,0.2557381,0.2536211
2.68,-0.012323021,-0.10530105,-0.09292874,0.05864555,0.040621024,-0.09863426,0.32642713,0.30617976,0.12706186,0.23720177,0.25608933,0.26197115
2.69,-0.011085717,-0.09463523,-0.08347405,0.05266828,0.0363329,-0.0885152,0.2961221,0.26126635,0.08415682,0.21350452,0.26155928,0.27427676
2.7,0.0058413013,-0.08033923,-0.086235546,0.036965374,0.046243504,-0.08274365,0.26672852,0.21170306,0.045703735,0.17965288,0.25511205,0.2886341
2.71,0.022437077,-0.080291055,-0.102837496,0.028763922,0.06293446,-0.091020085,0.25247252,0.17516078,0.013952338,0.1642092,0.26706457,0.3114549
2.72,0.025391232,-0.0876554,-0.112920485,0.030908927,0.06936141,-0.09978596,0.2386009,0.14874047,-0.009236304,0.14449674,0.2556822,0.29626495
2.73,0.022081433,-0.11879387,-0.14100188,0.04813017,0.08173474,-0.12935731,0.23912665,0.14982845,-0.0035370514,0.14559622,0.25707087,0.29037058
2.74,0.0285783,-0.12629203,-0.15461054,0.048578687,0.09176491,-0.13994771,0.2423471,0.15076631,-0.0071562664,0.1428113,0.25081217,0.28001404
2.75,0.018941516,-0.14887513,-0.16738094,0.06470719,0.093572065,-0.15783358,0.25185487,0.15869935,0.0021827756,0.14121664,0.24184676,0.26469323
2.76,-0.0033661528,-0.1777076,-0.17376585,0.09027902,0.08569288,-0.17546675,0.24945875,0.1633904,0.012320923,0.14607218,0.23844333,0.2528283
2.77,-0.005212213,-0.17439507,-0.16863737,0.089513294,0.082248755,-0.17127506,0.26174414,0.17052992,0.018788025,0.15237422,0.23860562,0.2435523
2.78,-0.006016583,-0.17902233,-0.17247257,0.09231809,0.08381067,-0.17562181,0.2667304,0.17837493,0.024959,0.15716606,0.24296246,0.24175383
2.79,-0.011138262,-0.17827629,-0.16652246,0.09439878,0.07821297,-0.17217077,0.2713634,0.18195693,0.02879533,0.15597053,0.2358857,0.23594975
2.8,-0.019471657,-0.18018259,-0.16048071,0.09957979,0.07084607,-0.16985597,0.27212697,0.18023477,0.02134941,0.1500236,0.22949646,0.23632061
2.81,-0.018466122,-0.17431025,-0.1558189,0.096194506,0.06905253,-0.16472518,0.27907357,0.18243244,0.022491002,0.15108368,0.23391567,0.23636733
2.82,-0.02277831,-0.17654184,-0.15366112,0.0994925,0.065576345,-0.1645904,0.27850932,0.18392071,0.024637215,0.15868762,0.24335028,0.23911153
2.83,-0.030563861,-0.17914519,-0.14855655,0.104611956,0.05924661,-0.1633433,0.28342474,0.18351904,0.023541223,0.16074505,0.24212863,0.24107568
2.84,-0.03247633,-0.17916155,-0.14667074,0.105590165,0.057445418,-0.16233629,0.28599057,0.1827861,0.02103667,0.15712246,0.24191387,0.24007152
2.85,-0.02311525,-0.17593971,-0.15291211,0.099401355,0.06510004,-0.16412799,0.28336415,0.1820979,0.02272615,0.16512549,0.24621765,0.24385794
2.86,-0.029310504,-0.1713531,-0.14200974,0.100032374,0.056699656,-0.15621524,0.27149993,0.17767501,0.015864117,0.16371518,0.24839674,0.24528691
2.87,-0.020180468,-0.16416219,-0.14396906,0.09198867,0.06209615,-0.15355752,0.27931058,0.17903073,0.022957103,0.16782528,0.25216368,0.24665487
2.88,-0.023389041,-0.1766751,-0.153279,0.09980045,0.06520332,-0.16458802,0.2753694,0.17582108,0.023464428,0.17222404,0.2557486,0.25415465
2.89,-0.02201991,-0.16161044,-0.13953751,0.091603115,0.058908116,-0.14997472,0.26409686,0.17212488,0.025049005,0.16963586,0.2570674,0.25511602
2.9,-0.020118155,-0.17836897,-0.1579251,0.098942325,0.06923825,-0.16764146,0.27509078,0.17438473,0.031157779,0.17620493,0.26527578,0.2596152
2.91,-0.021245299,-0.18446466,-0.16295326,0.102583006,0.071250945,-0.17320961,0.27593127,0.17374378,0.02960856,0.18282428,0.2673727,0.2572839
2.92,-0.0135440035,-0.16936135,-0.15588908,0.09130215,0.071316965,-0.16222033,0.2621511,0.16538529,0.024359083,0.17373139,0.256914,0.2500932
2.93,-0.016262598,-0.17010409,-0.15407436,0.09302215,0.06920563,-0.16160527,0.26486093,0.1678035,0.027683528,0.17990457,0.26874384,0.25577697
2.94,-0.01981729,-0.17917642,-0.15913786,0.099314265,0.07000001,-0.1688045,0.26991063,0.17307423,0.030063538,0.18249023,0.26858643,0.25854647
2.95,-0.016747482,-0.1811909,-0.16393119,0.09875055,0.0740379,-0.1722131,0.26403454,0.1679911,0.024226809,0.17856643,0.26361096,0.24942671
2.96,-0.016712839,-0.17786942,-0.16098195,0.097130954,0.07250961,-0.16911319,0.26331842,0.16916078,0.025019461,0.17975497,0.26785833,0.24695185
2.97,-0.018582841,-0.18510406,-0.16598234,0.10167336,0.074108966,-0.17522828,0.2708415,0.17330855,0.027037345,0.17969576,0.26442984,0.2526536
2.98,-0.015847538,-0.18584563,-0.16940258,0.10068477,0.07733649,-0.1773884,0.26578647,0.169414,0.023248931,0.18268822,0.2648106,0.25299937
2.99,-0.019022051,-0.18819043,-0.16848351,0.103430055,0.07521957,-0.1781224,0.2606582,0.16632658,0.022651494,0.17784558,0.25902298,0.24780352
3.0,-0.021302728,-0.18451858,-0.16272545,0.10271239,0.071154796,-0.1733983,0.26695126,0.1700198,0.025352849,0.17947172,0.26289847,0.24970657
3.01,-0.019841565,-0.17898284,-0.15900539,0.099222295,0.06985598,-0.16870135,0.2703833,0.17309968,0.029299632,0.18329643,0.26626134,0.252069
3.02,-0.011575392,-0.14460197,-0.13317816,0.077827185,0.061121397,-0.13852684,0.29294622,0.19782011,0.05304925,0.20701936,0.28443328,0.26892012
3.03,-0.0046722707,-0.13863198,-0.13403073,0.07147414,0.06480114,-0.13588968,0.30994636,0.21723904,0.0671649,0.21214014,0.29041162,0.27176112
3.04,0.022143103,-0.13363461,-0.15561125,0.055401213,0.08925351,-0.14413552,0.27683344,0.21393585,0.07263305,0.22062667,0.30360657,0.28351447
3.05,0.03999965,-0.10363649,-0.14353488,0.031439614,0.09215888,-0.1231353,0.26284435,0.20288278,0.07660796,0.23371431,0.31954128,0.30126336
3.06,0.043287747,-0.12603647,-0.168785,0.041182254,0.10644851,-0.14714704,0.23260185,0.18052132,0.056415014,0.21523853,0.30300882,0.28847718
3.07,0.04132134,-0.14135364,-0.18209772,0.04983668,0.11211653,-0.16155678,0.23651376,0.17321074,0.050324157,0.21146758,0.29788825,0.28771654
3.08,0.023305265,-0.16231516,-0.18529715,0.069357775,0.104809105,-0.1736463,0.23940323,0.16666435,0.040499344,0.20072457,0.2840226,0.2759617
3.09,-0.022984333,-0.19326219,-0.16981894,0.10784436,0.07391638,-0.18125999,0.25617552,0.16554366,0.028382447,0.18275326,0.26512206,0.25087404
3.1,-0.035769705,-0.21040568,-0.1742269,0.122730196,0.06972589,-0.1920183,0.24461642,0.14403602,0.0044748625,0.15797682,0.24465825,0.23575044
3.11,-0.04225059,-0.21962583,-0.17667715,0.13078533,0.06767311,-0.19774552,0.25135595,0.14874576,0.0058584474,0.157099,0.23870875,0.23032849
3.12,-0.04140686,-0.21356584,-0.17165923,0.12718098,0.065560505,-0.19235568,0.25052756,0.14574544,0.010338496,0.16148728,0.24262397,0.235927
3.13,-0.040696647,-0.21233305,-0.17126776,0.12616488,0.065774255,-0.19146577,0.26903135,0.16863105,0.02113001,0.16768065,0.24204513,0.22969694
3.14,0.0059872526,-0.16417712,-0.16986318,0.078778476,0.08841867,-0.1667103,0.17465113,0.09140156,0.008068764,0.19449414,0.29772183,0.28374752
3.15,0.24985011,-0.09461182,-0.34418264,-0.07781419,0.29729733,-0.21925654,-0.008901383,0.010716969,0.16202752,0.49367505,0.64704144,0.5536603
3.16,0.6736783,0.21922891,-0.45410535,-0.4467071,0.5640268,-0.11711803,-0.5675941,-0.85407436,-0.09348392,0.7588985,1.1506499,1.0720071
3.17,0.19484855,-0.1788016,-0.37330568,-0.008327068,0.28427392,-0.27573937,-0.52246195,-1.4161316,-1.0238491,-0.24719085,0.23108837,0.48434782
3.18,-0.14120331,-0.39258307,-0.25086522,0.2666416,0.055337828,-0.321483,-0.11487596,-0.799051,-0.93179744,-0.5225008,-0.16800745,0.080229744
3.19,-0.09308126,-0.305449,-0.21198463,0.19900677,0.059916887,-0.25856274,0.13039586,-0.0856708,-0.26514447,-0.07897298,0.05907008,0.13324119
3.2,-0.07937461,-0.22993246,-0.15056513,0.15451665,0.035844155,-0.18976279,0.35124448,0.2514759,0.028004525,0.12463376,0.157701,0.16695614
3.21,-0.08003384,-0.22151482,-0.14155288,0.15042704,0.031048926,-0.18096644,0.34364393,0.2859634,0.09680135,0.1913632,0.20385252,0.18747726
3.22,-0.09684907,-0.22957776,-0.13278711,0.16298701,0.018194653,-0.1806489,0.37783012,0.32155553,0.12041121,0.20018466,0.19251312,0.17203633
3.23,-0.083181486,-0.20443684,-0.12118839,0.14352086,0.019257033,-0.16237378,0.36854988,0.32626325,0.13613665,0.22075912,0.20504805,0.18006855
3.24,-0.09457429,-0.21105318,-0.116561405,0.15262082,0.011224277,-0.16333723,0.3822182,0.33343354,0.1375266,0.22052091,0.19910195,0.17147277
3.25,-0.09259966,-0.20366855,-0.1110267,0.14779656,0.009473867,-0.15674758,0.38732612,0.3422895,0.14947382,0.23208503,0.20651904,0.17656668
3.26,-0.09661542,-0.19639388,-0.09987477,0.14621997,0.001897523,-0.14757179,0.39976147,0.35152164,0.15790598,0.23892483,0.20650983,0.17676057
3.27,-0.110128984,-0.19794832,-0.08770585,0.15364414,-0.011038665,-0.14229013,0.40143877,0.35445815,0.15994649,0.2458665,0.20331503,0.17404266
3.28,-0.09208452,-0.18123323,-0.08907217,0.13634866,-0.0014173238,-0.13471337,0.40625414,0.36511475,0.17276727,0.2584504,0.21328898,0.18246078
3.29,-0.102183364,-0.17851211,-0.07645572,0.14008106,-0.012688922,-0.12698777,0.40726852,0.37371823,0.18157881,0.27033216,0.22183962,0.18828352
3.3,-0.09663732,-0.16462627,-0.06815133,0.13035956,-0.013968007,-0.11601273,0.41129145,0.38104814,0.19082144,0.2839438,0.23282762,0.1997814
3.31,-0.102668114,-0.16126,-0.0586741,0.13175103,-0.021715894,-0.10954389,0.40600193,0.38537872,0.1950909,0.2884034,0.23620825,0.1994516
3.32,-0.09607993,-0.1479917,-0.05193956,0.12168902,-0.021889811,-0.099409394,0.4139023,0.39675233,0.21291661,0.3037492,0.25219986,0.21302803
3.33,-0.08159199,-0.13821729,-0.056625407,0.109756924,-0.012313221,-0.09693416,0.40379563,0.39565474,0.22009622,0.31183043,0.26171708,0.22385038
3.34,-0.0724146,-0.12066619,-0.048453894,0.09633543,-0.01172427,-0.08400277,0.38635787,0.38826874,0.2156407,0.3103855,0.2626594,0.23181061
3.35,-0.06836533,-0.10208736,-0.03369862,0.084857546,-0.017006839,-0.067441314,0.38375378,0.37960356,0.20559672,0.30948126,0.26839927,0.24230246
3.36,-0.06041782,-0.08925207,-0.028684376,0.07454529,-0.015568484,-0.05846569,0.37017992,0.36291364,0.19216931,0.29947183,0.27107754,0.2521087
3.37,-0.06070819,-0.08786087,-0.027145991,0.074032374,-0.016460836,-0.056999236,0.35779834,0.3387251,0.1700141,0.2830003,0.26855764,0.26398623
3.38,-0.047236763,-0.07515206,-0.027963968,0.06089052,-0.009376712,-0.05112605,0.3370953,0.30115712,0.13641734,0.25961435,0.26475424,0.27103806
3.39,-0.03149314,-0.06352914,-0.03202306,0.047157392,0.00050221354,-0.047220573,0.31149822,0.25612178,0.09409469,0.22854064,0.26004133,0.28578693
3.4,-0.015849667,-0.050122406,-0.034241978,0.03281737,0.009485879,-0.041640364,0.2829896,0.20358334,0.048734915,0.19709092,0.25601503,0.2984075
3.41,-0.012993644,-0.06536736,-0.05244496,0.03894441,0.020061191,-0.05842729,0.25274235,0.15873258,0.008072016,0.17083485,0.25393647,0.3022752
3.42,-0.006944556,-0.07660998,-0.06962063,0.041479852,0.031637724,-0.072686106,0.24879281,0.1445622,-0.0061511477,0.15489215,0.24587521,0.29798794
3.43,-0.0071459655,-0.09912106,-0.09202319,0.05287502,0.042624198,-0.095079884,0.253114,0.14320557,-0.0039720857,0.14869113,0.23795179,0.2856069
3.44,-0.0065477546,-0.11496353,-0.10835622,0.0604518,0.051218633,-0.11117762,0.26215014,0.1496409,0.006846869,0.149615,0.23397641,0.27105185
3.45,-0.016525047,-0.13494445,-0.118320994,0.07563258,0.05105099,-0.12613517,0.27039,0.16104789,0.01681568,0.1521872,0.22531073,0.25839293
3.46,-0.029833974,-0.16020894,-0.13041376,0.09481789,0.050547805,-0.14479092,0.26904494,0.16230139,0.017858632,0.15006754,0.21079375,0.2419494
3.47,-0.032660212,-0.16483855,-0.13227318,0.098452486,0.0500927,-0.14803998,0.27820867,0.17127302,0.025186105,0.15166414,0.20689741,0.2303834
3.48,-0.032192234,-0.16705763,-0.1348621,0.099305935,0.051684495,-0.15051821,0.2855896,0.17812209,0.032873515,0.15298736,0.20232733,0.22487798
3.49,-0.03412298,-0.1653975,-0.13138422,0.09944392,0.04893277,-0.14781614,0.29158902,0.18634653,0.038134765,0.15444662,0.19954853,0.22134593
3.5,-0.044352535,-0.17307074,-0.12870859,0.10847609,0.042503927,-0.15032583,0.28948933,0.18468615,0.035722833,0.15328601,0.19681278,0.22114857
3.51,-0.04921719,-0.17149131,-0.12223733,0.11024803,0.036765866,-0.14625798,0.2958551,0.18937495,0.035631366,0.1535826,0.19710231,0.21950814
3.52,-0.05589379,-0.17644492,-0.12060703,0.115916796,0.03248565,-0.14807194,0.29547864,0.18635313,0.03432485,0.15092851,0.19305164,0.2172506
3.53,-0.055388734,-0.16979408,-0.114509165,0.11225706,0.029835174,-0.14162469,0.30192137,0.18818472,0.035001233,0.15469691,0.19278757,0.21735917
3.54,-0.05500351,-0.16323057,-0.10807955,0.108792186,0.02676651,-0.13504149,0.30213082,0.18833843,0.03409079,0.15303646,0.19072367,0.21470559
3.55,-0.06153655,-0.16796708,-0.10636954,0.114555486,0.022558909,-0.13671014,0.30426228,0.1863108,0.032585103,0.15444118,0.1908457,0.21363436
3.56,-0.06354445,-0.16507736,-0.10157104,0.114072286,0.019232366,-0.13295512,0.3027184,0.18361951,0.030367382,0.15812749,0.18914863,0.21674562
3.57,-0.061262034,-0.16054042,-0.099243015,0.11056561,0.019177843,-0.12938136,0.3025316,0.18237007,0.029502686,0.15614577,0.18716978,0.21593338
3.58,-0.06280905,-0.16156782,-0.09870034,0.1119575,0.018232087,-0.12961347,0.3023103,0.18052296,0.03112254,0.15953936,0.18877047,0.21709718
3.59,-0.06560908,-0.16369069,-0.09796358,0.11438817,0.016427416,-0.13040441,0.30037278,0.17699766,0.034053132,0.15882206,0.18571165,0.21461868
3.6,-0.047904663,-0.15375791,-0.10579328,0.100583695,0.029113783,-0.12929599,0.29899126,0.17677431,0.03594775,0.16091824,0.19057497,0.21527147
3.61,-0.049578875,-0.16102837,-0.111431375,0.10504645,0.031128729,-0.1356584,0.29725242,0.17327327,0.031965543,0.15968563,0.18881336,0.2134396
3.62,-0.06490235,-0.16999732,-0.10496669,0.117308386,0.020168047,-0.1370162,0.29272857,0.17026101,0.031206682,0.15739718,0.18696722,0.21183889
3.63,-0.051780786,-0.16395459,-0.112041816,0.10756486,0.030445714,-0.13743062,0.2953806,0.17104143,0.033013977,0.15801693,0.18382463,0.21048558
3.64,-0.043887682,-0.1640809,-0.12019831,0.10380477,0.03839652,-0.14167774,0.2959278,0.17062216,0.029293733,0.15675136,0.18108681,0.20605613
3.65,-0.055966727,-0.17645915,-0.120481744,0.116107725,0.032493684,-0.14807752,0.29229873,0.16731352,0.026887923,0.15260579,0.17901424,0.20253628
3.66,-0.04904301,-0.16881548,-0.11980337,0.10868862,0.035706762,-0.1438968,0.29488385,0.16962537,0.030127829,0.15088889,0.17604719,0.20153251
3.67,-0.043988027,-0.16886,-0.124794185,0.10630805,0.04065122,-0.14635132,0.2946986,0.16922256,0.029957771,0.15011203,0.17616825,0.2003382
3.68,-0.051871654,-0.17565249,-0.12391863,0.113608405,0.03635448,-0.14940806,0.2922468,0.16646963,0.02858542,0.14897397,0.17479637,0.19985902
3.69,-0.047279123,-0.1720328,-0.124689326,0.1094698,0.039060015,-0.14785981,0.2924414,0.1679428,0.028835488,0.1510666,0.17520733,0.19994129
3.7,-0.051943555,-0.18402952,-0.13203591,0.117672205,0.04037595,-0.15748034,0.29277644,0.16936943,0.027977284,0.15099704,0.1722555,0.19750942
3.71,-0.050988905,-0.1804044,-0.12942387,0.11541891,0.039427698,-0.15445,0.29469588,0.16957459,0.02843747,0.15150388,0.17288257,0.19685195
3.72,-0.04777157,-0.16326739,-0.11560327,0.10529,0.034114562,-0.13892263,0.30313438,0.18092883,0.040046208,0.16188082,0.18150015,0.20597574
3.73,-0.046622384,-0.1318815,-0.08538838,0.089015454,0.019604905,-0.108134314,0.33352807,0.2092155,0.063461445,0.18154423,0.19355509,0.21954536
3.74,-0.036861923,-0.13986735,-0.103105135,0.088068195,0.03344209,-0.121057026,0.3266813,0.21647795,0.0680162,0.18493338,0.19369878,0.2172311
3.75,0.002599826,-0.115878426,-0.11855955,0.05648763,0.060798615,-0.11674969,0.28729773,0.20100032,0.06901021,0.19516042,0.20908862,0.2355048
3.76,0.006808554,-0.10991313,-0.11662989,0.051280476,0.062051028,-0.11276663,0.27061963,0.1945395,0.06886942,0.19717523,0.21263584,0.24075946
3.77,0.0072857966,-0.13497688,-0.1425153,0.06356598,0.07516474,-0.13822512,0.26311395,0.18336512,0.05652635,0.18525656,0.20078062,0.22994378
3.78,0.0070681977,-0.15299064,-0.15958218,0.072804086,0.08358814,-0.1559213,0.26730695,0.17641681,0.048985135,0.18298607,0.19797498,0.23098688
3.79,-0.024258777,-0.1786481,-0.15420617,0.10113167,0.06538459,-0.16600443,0.28112793,0.1764429,0.044582892,0.1674353,0.18154235,0.21234441
3.8,-0.07177322,-0.20644586,-0.13488089,0.13865595,0.03186874,-0.1700686,0.28448498,0.15975128,0.022214057,0.14294423,0.1582152,0.18639025
3.81,-0.07704124,-0.23570868,-0.15858324,0.15607896,0.04107791,-0.1966304,0.2833264,0.15595073,0.011251101,0.1213281,0.13484132,0.16514568
3.82,-0.06577145,-0.22086309,-0.1550286,0.1429307,0.044990893,-0.1874615,0.28180844,0.15177976,0.019426048,0.13745882,0.15123543,0.17651635
3.83,-0.090441406,-0.23798181,-0.14748281,0.16393732,0.028832957,-0.19220595,0.30272305,0.17579006,0.024061436,0.12952223,0.13422693,0.16097398
3.84,-0.055281963,-0.19940428,-0.14407668,0.12711982,0.0447538,-0.17122453,0.27103183,0.14352062,0.031170204,0.1624617,0.17734927,0.1986193
3.85,0.014228429,-0.19157964,-0.20538728,0.08835726,0.11017468,-0.19822505,0.18842047,0.13046832,0.094632655,0.25432956,0.27218813,0.26843137
3.86,0.49987587,0.06321442,-0.43639424,-0.28183362,0.46838015,-0.1863003,-0.31715542,-0.2667406,0.36963534,0.86366826,0.93543464,0.78372467
3.87,0.6181337,0.18067536,-0.43702683,-0.3996774,0.5277882,-0.12782907,-0.8722211,-1.3009621,-0.24166884,0.6284713,0.93526685,0.97433496
3.88,-0.04835414,-0.39423767,-0.3454382,0.22097525,0.1488659,-0.36956352,-0.44556695,-1.3284298,-1.129332,-0.5477538,-0.16314338,0.18328162
3.89,-0.111208476,-0.37293142,-0.2612998,0.24187113,0.07557175,-0.3168596,0.017207008,-0.3680689,-0.52000856,-0.26348796,-0.0951318,0.07926286
3.9,-0.120940186,-0.2772673,-0.15619329,0.19881931,0.017847855,-0.21641561,0.3486316,0.1971956,-0.02220477,0.05399428,0.04911413,0.110139415
3.91,-0.12588133,-0.24873666,-0.1229088,0.18715125,-0.0012442148,-0.18539515,0.4029269,0.30021763,0.10048818,0.15716779,0.114319906,0.13154043
3.92,-0.13838446,-0.26239473,-0.124079846,0.20010659,-0.0068398723,-0.19277309,0.42431033,0.3333879,0.1390694,0.17109957,0.103793755,0.11468971
3.93,-0.13495307,-0.24623317,-0.1112545,0.19042756,-0.011578778,-0.17827782,0.42795804,0.35169196,0.1631053,0.19579664,0.11876134,0.11991395
3.94,-0.1424389,-0.2529743,-0.11053101,0.19747606,-0.015688848,-0.1812387,0.43532383,0.35927594,0.17489547,0.20055938,0.11494107,0.113822944
3.95,-0.14062467,-0.24720922,-0.10657506,0.19367531,-0.01676327,-0.17637041,0.44198003,0.36592862,0.18416443,0.2144912,0.1227347,0.11988582
3.96,-0.14131156,-0.24171148,-0.100527786,0.19126196,-0.020128863,-0.17064722,0.4501725,0.37385124,0.19265665,0.22546467,0.124524124,0.12007714
3.97,-0.15287428,-0.24359754,-0.09061237,0.19797096,-0.030895913,-0.16661558,0.4572823,0.38533536,0.20549692,0.23775765,0.13001597,0.1194218
3.98,-0.14773743,-0.22938673,-0.081601374,0.18833202,-0.032805443,-0.15492883,0.4664124,0.39905354,0.22032925,0.25268143,0.13685842,0.12308156
3.99,-0.14974268,-0.23412803,-0.08433534,0.191674,-0.032276828,-0.15871255,0.4678917,0.40919665,0.2297511,0.2635363,0.1389036,0.12432899
4.0,-0.14439109,-0.20880507,-0.064342536,0.17642584,-0.039764803,-0.13613172,0.4777519,0.42280492,0.24403024,0.28241512,0.15442061,0.13601054
4.01,-0.14506456,-0.2030214,-0.058101952,0.17385449,-0.043257434,-0.13014139,0.48048666,0.43351248,0.25699657,0.29600278,0.16674182,0.14072457
4.02,-0.13594328,-0.19130316,-0.05530894,0.1633265,-0.0399984,-0.12277538,0.47954166,0.4479324,0.27337784,0.31108817,0.17956333,0.14909038
4.03,-0.13382114,-0.17601569,-0.042338405,0.1547441,-0.045441836,-0.108776405,0.4804349,0.4579864,0.2859618,0.3267275,0.19446667,0.16427578
4.04,-0.12504756,-0.16249552,-0.037475687,0.1435088,-0.043494083,-0.099525005,0.48079637,0.46823168,0.29774076,0.3415954,0.21056281,0.17808162
4.05,-0.110888585,-0.1360377,-0.025111083,0.12324567,-0.04257432,-0.08009044,0.47645596,0.47150198,0.30600414,0.3502202,0.22201942,0.19315825
4.06,-0.10363453,-0.12198157,-0.018330488,0.11256517,-0.04228715,-0.069772266,0.46998352,0.46935984,0.30270663,0.35183853,0.23368374,0.2085383
4.07,-0.08885753,-0.10648193,-0.017630685,0.09746973,-0.03523538,-0.061633505,0.46037623,0.4592187,0.29435188,0.34772903,0.2419645,0.22387378
4.08,-0.081688985,-0.09841368,-0.016689045,0.08973254,-0.032249447,-0.056988247,0.44937006,0.43902004,0.27227223,0.33420214,0.2431442,0.23821534
4.09,-0.06649648,-0.09235597,-0.025715236,0.07913594,-0.020201752,-0.058415737,0.42522687,0.40398243,0.2403445,0.30853412,0.24008688,0.24628823
4.1,-0.06365378,-0.088973776,-0.025259057,0.076136366,-0.019069396,-0.056667387,0.3986885,0.35987887,0.19883165,0.28225404,0.23560755,0.25823873
4.11,-0.05624883,-0.09025723,-0.033907715,0.07296664,-0.010938468,-0.061505068,0.37757233,0.32039958,0.16505828,0.25666407,0.23553564,0.26960018
4.12,-0.043420985,-0.104058,-0.06061253,0.07345037,0.0088811945,-0.0817358,0.3511934,0.27839652,0.12935345,0.228113,0.22664882,0.26302776
4.13,-0.043422103,-0.13278037,-0.08935436,0.087821014,0.023338376,-0.11054665,0.3416984,0.25839624,0.11455683,0.21682097,0.21845299,0.2566676
4.14,-0.054686252,-0.16179368,-0.107202455,0.10797962,0.026600748,-0.13398637,0.33628747,0.24141201,0.10456036,0.2034444,0.20687224,0.23988216
4.15,-0.046650514,-0.18349165,-0.13692078,0.114861056,0.04536703,-0.1596115,0.33529076,0.23227552,0.100978464,0.19983901,0.19991715,0.22820824
4.16,-0.052132048,-0.19761436,-0.14559214,0.124644324,0.046946876,-0.17116073,0.33514673,0.22602007,0.09692807,0.19530189,0.18991828,0.21688634
4.17,-0.056978308,-0.2111785,-0.15417208,0.13375026,0.048989054,-0.1822196,0.33626467,0.2204862,0.095585756,0.18976986,0.18292497,0.20750022
4.18,-0.06680428,-0.22331816,-0.15636182,0.14463909,0.045050476,-0.18926562,0.3398293,0.22336239,0.09762463,0.19083636,0.18135463,0.20466736
4.19,-0.06473569,-0.23312373,-0.16774748,0.14870147,0.051886495,-0.20026588,0.33920798,0.2247905,0.0982615,0.18991414,0.17945084,0.19950195
4.2,-0.067603216,-0.23374198,-0.16564147,0.1504388,0.049541242,-0.19946405,0.33948436,0.22348188,0.098342925,0.18885745,0.17843781,0.19783327
4.21,-0.076199666,-0.23753469,-0.16128299,0.15666081,0.042940743,-0.19900392,0.3424452,0.22385342,0.09817372,0.18731587,0.17760344,0.19611679
4.22,-0.07887583,-0.2443158,-0.16523847,0.16137289,0.043657422,-0.20460737,0.34751168,0.22623476,0.0969114,0.18741669,0.17715801,0.19644591
4.23,-0.08261702,-0.24035685,-0.15760727,0.16133234,0.03785902,-0.19864734,0.35187718,0.22797601,0.09916501,0.18793458,0.18086478,0.19973208
4.24,-0.08607718,-0.24035311,-0.1543274,0.16309795,0.03445969,-0.19683841,0.35240665,0.22638464,0.09534872,0.18668857,0.18034156,0.19770621
4.25,-0.08991997,-0.24384922,-0.15378211,0.16672601,0.032301582,-0.19839507,0.350124,0.21962897,0.087146975,0.18223836,0.1755927,0.19477148
4.26,-0.07713805,-0.22661409,-0.1494152,0.15156281,0.036262825,-0.18745941,0.3565543,0.22355527,0.092467226,0.18831795,0.18226391,0.20114444
4.27,-0.09529499,-0.23863281,-0.1435291,0.16669682,0.024374807,-0.19062982,0.353848,0.2171721,0.083588734,0.18243518,0.17775948,0.19650972
4.28,-0.090345554,-0.2338804,-0.14353062,0.16183175,0.026717013,-0.18816826,0.3592763,0.21724664,0.087510735,0.18643716,0.18069698,0.20257634
4.29,-0.089637615,-0.23652789,-0.14684488,0.16281457,0.028783605,-0.1911397,0.3579172,0.21527117,0.08665316,0.18899733,0.18190728,0.20537446
4.3,-0.09916349,-0.24251181,-0.14338598,0.17056797,0.022425553,-0.19238359,0.35490522,0.2138647,0.08295883,0.18839845,0.18196625,0.20366348
4.31,-0.09464253,-0.24077506,-0.1460471,0.1675272,0.02587414,-0.1930444,0.35535294,0.21390003,0.08548896,0.18987589,0.18774532,0.20707785
4.32,-0.081275225,-0.23160501,-0.15041399,0.15619655,0.034756154,-0.1905144,0.35281563,0.2093341,0.084261015,0.18876895,0.1886614,0.20854616
4.33,-0.08231222,-0.2397246,-0.15757206,0.16092148,0.03786479,-0.19829495,0.34734485,0.20561069,0.08255591,0.1854837,0.1818785,0.20459653
4.34,-0.087286726,-0.25074944,-0.1629589,0.16881691,0.03823052,-0.20639138,0.34504598,0.20414168,0.0826605,0.18536241,0.18152182,0.20416005
4.35,-0.0830957,-0.24535802,-0.16198757,0.16400276,0.039992962,-0.20336184,0.34598422,0.20653273,0.0846469,0.1876459,0.18516767,0.20727228
4.36,-0.07497503,-0.25005835,-0.17461202,0.16229056,0.0502166,-0.2121114,0.3482288,0.20965938,0.089991435,0.18830322,0.18582943,0.20870975
4.37,-0.08161406,-0.26153645,-0.17914993,0.17128302,0.049254037,-0.22003478,0.34623563,0.20685795,0.090645745,0.18745361,0.18201692,0.20820804
4.38,-0.08038973,-0.26187122,-0.18100293,0.17085592,0.050833393,-0.22126985,0.3496841,0.20620702,0.08881941,0.18753459,0.17995901,0.20473987
4.39,-0.07909775,-0.26261964,-0.18304431,0.17063154,0.052481797,-0.2226232,0.34661174,0.20719792,0.088700086,0.19119418,0.18136506,0.20487978
4.4,-0.08133333,-0.26374856,-0.18198359,0.17236829,0.05088725,-0.22269146,0.3494669,0.20741206,0.08565784,0.19144651,0.18158858,0.20685136
4.41,-0.077697985,-0.27433863,-0.19629599,0.17579624,0.059699,-0.23493987,0.3464991,0.20879921,0.08902853,0.19121903,0.18448867,0.20884478
4.42,-0.078961216,-0.2762179,-0.19696544,0.17736031,0.05946321,-0.2362981,0.34149703,0.2050893,0.08602764,0.18591426,0.1814309,0.20400694
4.43,-0.07148601,-0.25376192,-0.18183486,0.162407,0.055695705,-0.21755163,0.3525369,0.2198009,0.1036807,0.1987073,0.19322608,0.2147654
4.44,-0.06775242,-0.21696542,-0.14895757,0.1421185,0.04081284,-0.18251657,0.3885058,0.24876031,0.12745473,0.22169775,0.21436462,0.23633729
4.45,-0.055371042,-0.23199785,-0.17615646,0.14352573,0.06083166,-0.20379321,0.37842694,0.25534767,0.12981912,0.22157866,0.21347232,0.23422918
4.46,-0.008605888,-0.19680932,-0.18762729,0.102370426,0.09002923,-0.19194314,0.34494224,0.25178206,0.14389792,0.23978809,0.22855927,0.2542139
4.47,-0.007085007,-0.20157698,-0.19388017,0.104068905,0.09389143,-0.19736603,0.324084,0.24009696,0.14138733,0.24392574,0.2405664,0.26638296
4.48,-0.014556905,-0.23356889,-0.21842243,0.12376922,0.10244969,-0.22566904,0.31354693,0.2208966,0.12280938,0.22722775,0.22620545,0.25050798
4.49,-0.009396299,-0.23849627,-0.22857375,0.123771645,0.11004128,-0.2333232,0.31840965,0.21429124,0.12163859,0.22525224,0.22423469,0.24387453
4.5,-0.04158724,-0.26797074,-0.22583179,0.15457723,0.09253368,-0.24667759,0.3295021,0.21379857,0.11387822,0.2101293,0.20835552,0.22884716
4.51,-0.08446932,-0.30281347,-0.2179508,0.19347541,0.06731139,-0.2602149,0.33659044,0.19805631,0.095330596,0.18784322,0.18827848,0.20701623
4.52,-0.091087185,-0.32624155,-0.23472506,0.2084388,0.072306305,-0.2801646,0.34162244,0.19598949,0.08243113,0.17078109,0.16952166,0.19359285
4.53,-0.09006881,-0.320845,-0.23020484,0.20516318,0.070613444,-0.27519107,0.33226413,0.1873956,0.084423885,0.18478562,0.18185441,0.20521554
4.54,-0.10473481,-0.33134538,-0.22610289,0.21782567,0.061200626,-0.27846143,0.34874317,0.20761761,0.08703626,0.16935405,0.16238898,0.18727943
4.55,-0.077318445,-0.29184106,-0.21386614,0.18438782,0.06897117,-0.2526109,0.31912008,0.1776566,0.09365551,0.20648415,0.20860516,0.22591989
4.56,-0.005903737,-0.2885524,-0.2823504,0.14705601,0.13859709,-0.28524682,0.22619846,0.1538647,0.14452104,0.28240457,0.2968313,0.28995624
4.57,0.48725784,-0.059937287,-0.5471009,-0.21382734,0.51737285,-0.30332467,-0.23580499,-0.23901795,0.38098946,0.83834976,0.92527497,0.78929734
4.58,0.58931077,0.04671024,-0.5423054,-0.31820643,0.5659903,-0.24746639,-0.77005386,-1.3004497,-0.2887115,0.5329611,0.8700373,0.93904835
4.59,-0.07524313,-0.4927772,-0.4169792,0.28375006,0.1711131,-0.45460445,-0.3678358,-1.320171,-1.1030084,-0.5411225,-0.16488917,0.17580761
4.6,-0.1456151,-0.48300308,-0.33686474,0.31410477,0.09616783,-0.4096004,0.07382451,-0.34284067,-0.45257145,-0.20800635,-0.05380037,0.11503822
4.61,-0.14951037,-0.39292783,-0.24299099,0.27100933,0.047272958,-0.31777906,0.3887005,0.22555184,0.04141533,0.09348373,0.07883046,0.1408784
4.62,-0.14016755,-0.34670508,-0.2061948,0.24325037,0.03366117,-0.27618787,0.4513557,0.34537813,0.17808951,0.21518022,0.16171747,0.17412917
4.63,-0.1648403,-0.37230304,-0.20694244,0.26846954,0.021457471,-0.289481,0.46885598,0.37574518,0.21028984,0.22232127,0.14464882,0.15175053
4.64,-0.16536348,-0.36137572,-0.1955442,0.26304096,0.015567972,-0.2782318,0.47842768,0.3958323,0.23571664,0.24976772,0.16098651,0.16093542
4.65,-0.16275233,-0.36114654,-0.19773646,0.26165605,0.017992469,-0.27906963,0.48140535,0.4061062,0.24954224,0.2591284,0.16201068,0.15899915
4.66,-0.1608001,-0.35094678,-0.18948215,0.2554763,0.014984719,-0.27002683,0.48361558,0.41051257,0.25586554,0.2705645,0.16790316,0.16097029
4.67,-0.16481543,-0.3481849,-0.18297932,0.25620565,0.009651638,-0.2652534,0.49416178,0.42171034,0.2699908,0.28171432,0.17370957,0.15959956
4.68,-0.1631184,-0.3447737,-0.18129082,0.2537598,0.009493494,-0.26281527,0.5016596,0.4295198,0.28160802,0.29194203,0.17787987,0.16678084
4.69,-0.16277204,-0.34102547,-0.17774868,0.25166172,0.0079577705,-0.25913897,0.5090176,0.4401172,0.2918871,0.3037697,0.18502398,0.16952719
4.7,-0.16897298,-0.33524543,-0.165745,0.25206202,-0.0011205644,-0.25017703,0.515531,0.45316184,0.30499595,0.31812787,0.19570142,0.17380723
4.71,-0.16380131,-0.326526,-0.16227055,0.24493161,-0.00030152063,-0.24404137,0.5134302,0.46388432,0.3197612,0.3380266,0.21026823,0.18349682
4.72,-0.15581152,-0.30847353,-0.1526943,0.2318973,-0.0011826125,-0.23021977,0.5148097,0.47367716,0.32961538,0.35001647,0.21694148,0.18873215
4.73,-0.15043813,-0.2939363,-0.14356637,0.22193645,-0.0032050938,-0.21820512,0.51446265,0.48289627,0.3421181,0.36357722,0.23326047,0.20381227
4.74,-0.14277497,-0.27857026,-0.13611862,0.210334,-0.0030825236,-0.20681407,0.5165062,0.49281082,0.35199085,0.38210776,0.2507134,0.21400334
4.75,-0.13938217,-0.2698549,-0.13064295,0.2043643,-0.0041479883,-0.19984731,0.5007503,0.4906942,0.3547402,0.38466966,0.25739577,0.22016948
4.76,-0.13020638,-0.25815344,-0.12783901,0.19389835,-0.0008942639,-0.19253312,0.5031701,0.49592364,0.3616782,0.39498934,0.2707945,0.23904178
4.77,-0.120956235,-0.23774655,-0.116883084,0.17915496,-0.0019044548,-0.17686379,0.49259228,0.49328208,0.357481,0.3992903,0.28384295,0.25436184
4.78,-0.116933264,-0.22963901,-0.112761356,0.17298928,-0.0018413708,-0.17061473,0.4776272,0.47857416,0.34263846,0.3919918,0.2903016,0.26855585
4.79,-0.101961836,-0.2188908,-0.11699875,0.16013673,0.0077773044,-0.16746174,0.47019398,0.45969594,0.3271654,0.37945655,0.297166,0.28557524
4.8,-0.090355225,-0.21116905,-0.12089069,0.15056142,0.015445769,-0.16558358,0.45201,0.4271153,0.29659826,0.35598713,0.29454708,0.2976113
4.81,-0.073406644,-0.1958012,-0.12248356,0.13428615,0.024846667,-0.15871215,0.42730042,0.3841513,0.2561129,0.3295605,0.2939915,0.31031942
4.82,-0.06707411,-0.19942713,-0.13243194,0.13304637,0.032833237,-0.16544564,0.39511323,0.33558145,0.21469848,0.29967365,0.2889861,0.31734568
4.83,-0.05794837,-0.21849394,-0.16023621,0.13807194,0.051473986,-0.18895139,0.37837765,0.3055269,0.18719536,0.2780902,0.2851314,0.31779185
4.84,-0.05810235,-0.23824495,-0.17953184,0.14793628,0.061308224,-0.20883454,0.37062863,0.28748706,0.17123729,0.2645835,0.27785817,0.30908173
4.85,-0.053089768,-0.25318763,-0.19958155,0.15288185,0.07376177,-0.22611848,0.37121218,0.27705115,0.16705054,0.25805408,0.26802993,0.29569542
4.86,-0.062281888,-0.28351668,-0.22070761,0.17263137,0.07969489,-0.25180992,0.37224716,0.2713702,0.16401869,0.2522045,0.2590312,0.27930045
4.87,-0.068535134,-0.3057398,-0.236819,0.18691924,0.084664956,-0.271059,0.37089232,0.2663751,0.16346045,0.24925682,0.25007707,0.2720659
4.88,-0.07836346,-0.31717607,-0.23819226,0.19745992,0.080551915,-0.27754822,0.37532747,0.26605046,0.1632133,0.2487365,0.24263155,0.25595337
4.89,-0.07616438,-0.3259757,-0.24931858,0.2008351,0.087013364,-0.2873557,0.3737504,0.26972806,0.16611145,0.24658516,0.24066794,0.25019583
4.9,-0.08741284,-0.33169603,-0.24373901,0.20926686,0.07870927,-0.28749904,0.37171647,0.2665262,0.16453575,0.24671456,0.2396908,0.24527706
4.91,-0.08980906,-0.33229083,-0.24203067,0.210833,0.07668628,-0.2870059,0.37788808,0.27125993,0.16741307,0.2508243,0.24147975,0.24133852
4.92,-0.09407914,-0.33888555,-0.24446376,0.21625762,0.07567568,-0.29149014,0.3733886,0.27072942,0.1657011,0.2493132,0.23611723,0.2431869
4.93,-0.09290253,-0.32650277,-0.2331262,0.20948048,0.07054748,-0.27956295,0.3844143,0.2737317,0.16876549,0.25155854,0.24024935,0.2454099
4.94,-0.09647891,-0.33159786,-0.23475367,0.21380658,0.069596,-0.28299505,0.38632405,0.26969862,0.16705675,0.24840385,0.23899521,0.24376033
4.95,-0.10855624,-0.3324454,-0.22336826,0.22017154,0.057935566,-0.2775952,0.3794365,0.26566944,0.15952007,0.24550258,0.23474395,0.24049628
4.96,-0.099730566,-0.3264339,-0.22604465,0.21273743,0.06360517,-0.27594802,0.39019457,0.2680988,0.162779,0.24857765,0.24084255,0.24824935
4.97,-0.10901087,-0.33545527,-0.22585717,0.22212939,0.058838837,-0.28047046,0.38872987,0.2690076,0.16086544,0.24954872,0.24241799,0.25299907
4.98,-0.1095097,-0.3273143,-0.2171748,0.21809945,0.054294553,-0.2719067,0.39000744,0.27193913,0.16405019,0.25085393,0.24325542,0.24692693
4.99,-0.10952033,-0.32744557,-0.21729773,0.21829559,0.05436574,-0.2721359,0.38603064,0.26854017,0.16578037,0.2546672,0.24948433,0.25458106
5.0,-0.10699253,-0.32764962,-0.21997952,0.21705617,0.057009794,-0.2735409,0.38801035,0.2690135,0.1688409,0.25986052,0.25503612,0.26098558
5.01,-0.11635835,-0.3397323,-0.22299694,0.22774217,0.05383088,-0.28117365,0.38065267,0.25848454,0.16003919,0.2546215,0.2527173,0.2551844
5.02,-0.115662,-0.33701366,-0.22089605,0.22619237,0.053169936,-0.27874634,0.38172555,0.26154476,0.16637684,0.2580744,0.25677398,0.25642514
5.03,-0.10390237,-0.33545253,-0.23104432,0.21943025,0.064033926,-0.28292072,0.37529963,0.2627461,0.1697902,0.2626346,0.26233727,0.261906
5.04,-0.1032604,-0.3338893,-0.2302599,0.21836056,0.06408227,-0.28193748,0.37838826,0.2630768,0.16971156,0.26378047,0.26273322,0.26345322
5.05,-0.10099871,-0.33706802,-0.23559788,0.21888885,0.06778783,-0.28621313,0.38137284,0.2628603,0.16911775,0.2653264,0.2620857,0.26564142
5.06,-0.09944012,-0.34666708,-0.24687906,0.22271223,0.07413603,-0.29638326,0.37672532,0.26387838,0.16968212,0.26711488,0.2628984,0.26394638
5.07,-0.10467276,-0.34877935,-0.24363607,0.22653113,0.07001691,-0.29590532,0.3744515,0.26105005,0.1682556,0.26457557,0.26332605,0.2613361
5.08,-0.10142227,-0.34586084,-0.24383073,0.22345436,0.07163124,-0.2946143,0.3752052,0.2621739,0.16958442,0.2632149,0.26097658,0.26000258
5.09,-0.10565595,-0.35098758,-0.24485528,0.22812739,0.07024499,-0.29771397,0.37249497,0.25809184,0.16999802,0.26094443,0.25860655,0.25430876
5.1,-0.10809276,-0.3508069,-0.24219824,0.22923574,0.06752181,-0.2961476,0.37171015,0.25939557,0.16821001,0.26174927,0.26045915,0.2534075
5.11,-0.10552455,-0.36170527,-0.25567302,0.23327565,0.075557314,-0.30831924,0.3727214,0.26375067,0.17085558,0.26373217,0.26618713,0.26537704
5.12,-0.101431616,-0.35378468,-0.25183272,0.22742026,0.07567558,-0.30260205,0.37132102,0.26370436,0.17137511,0.26229203,0.26446125,0.2614085
5.13,-0.094934635,-0.35026762,-0.25486213,0.22225484,0.08051547,-0.30243182,0.37527728,0.2680918,0.1789256,0.2696481,0.27315515,0.26350775
5.14,-0.095651574,-0.32515165,-0.22917436,0.21009032,0.06729993,-0.2769475,0.40026152,0.29324353,0.19974862,0.28974766,0.29567257,0.28116766
5.15,-0.09494145,-0.31259483,-0.21721993,0.20339121,0.06158599,-0.26471502,0.41725639,0.31086278,0.21077937,0.2945684,0.2914536,0.27528477
5.16,-0.062092733,-0.30049405,-0.23791215,0.18100473,0.08832846,-0.26895013,0.39786166,0.3142159,0.22062501,0.3046881,0.30587834,0.2915957
5.17,-0.03849101,-0.27574036,-0.23688096,0.15691419,0.099569544,-0.25607663,0.37196636,0.30842155,0.23289534,0.3263668,0.3323595,0.3168124
5.18,-0.041330166,-0.31047186,-0.26851916,0.17560516,0.114001155,-0.28923994,0.3468336,0.28768653,0.21764158,0.31804943,0.3247391,0.31272933
5.19,-0.037025314,-0.31945398,-0.28194705,0.17795074,0.123034455,-0.30042928,0.34688267,0.28295138,0.21525751,0.30945557,0.31899926,0.30544633
5.2,-0.04608938,-0.33837882,-0.29190224,0.1920362,0.12333899,-0.31488064,0.35366732,0.27224153,0.20342582,0.2984362,0.30494535,0.29229975
5.21,-0.09508315,-0.37438822,-0.27867633,0.23452897,0.09224898,-0.32629237,0.37765586,0.27386492,0.19065176,0.28395987,0.29130083,0.269079
5.22,-0.12572391,-0.405687,-0.27952805,0.26539987,0.07747102,-0.34225535,0.36458364,0.25493994,0.16910258,0.26472053,0.27078712,0.2545988
5.23,-0.10886796,-0.40600553,-0.29667565,0.25726357,0.094416074,-0.35105765,0.3700208,0.26114488,0.16999781,0.26014397,0.26133904,0.24550961
5.24,-0.118012086,-0.40085477,-0.28243962,0.25923184,0.08284931,-0.3415006,0.35045865,0.24868113,0.16954193,0.26144168,0.26873314,0.2480351
5.25,-0.12138953,-0.41259554,-0.2906465,0.26659244,0.08504099,-0.3513145,0.3956708,0.28952372,0.19854538,0.28351152,0.28053498,0.25308627
5.26,-0.080231,-0.37693998,-0.29620415,0.22831973,0.108553976,-0.33625394,0.30017978,0.20713766,0.17914516,0.30629084,0.33219066,0.3018241
5.27,0.15530114,-0.31328776,-0.4681541,0.07861141,0.31192783,-0.3905445,0.14210328,0.16531268,0.33619913,0.57337666,0.63008285,0.5212343
5.28,0.6155803,-0.004534996,-0.620075,-0.30574483,0.6181591,-0.31203273,-0.42697433,-0.66621494,0.15011925,0.89756054,1.1914028,1.0790765
5.29,0.18237846,-0.34841758,-0.5305875,0.0827769,0.35657665,-0.4392147,-0.46431628,-1.3526132,-0.8052235,-0.056172457,0.3576721,0.5776275
5.3,-0.21919656,-0.60265,-0.3828951,0.4106791,0.08213937,-0.49251595,-0.025543949,-0.7642476,-0.8092622,-0.42210215,-0.13146918,0.106499754
5.31,-0.17151876,-0.5108988,-0.3388984,0.3410581,0.0842124,-0.42467895,0.23437613,-0.0018947765,-0.10856399,0.036329217,0.11174708,0.16267134
5.32,-0.17189594,-0.46277112,-0.29037148,0.31721693,0.0595955,-0.37640104,0.4695844,0.3633183,0.20609833,0.24668625,0.21366452,0.19382577
5.33,-0.15684421,-0.42223635,-0.26493743,0.28933457,0.054569867,-0.34333047,0.4702432,0.41448915,0.2950278,0.32845017,0.2711692,0.22751464
5.34,-0.17076136,-0.43212768,-0.26073867,0.30109942,0.04544635,-0.34605324,0.4990893,0.4470128,0.31532738,0.33646527,0.25884572,0.2063392
5.35,-0.16668868,-0.42656803,-0.2592847,0.2963881,0.04677049,-0.3426973,0.502722,0.45813888,0.33632818,0.362546,0.27304938,0.21678789
5.36,-0.17758758,-0.43176413,-0.2536199,0.3042766,0.03847734,-0.34244123,0.51082027,0.46899945,0.341244,0.3680197,0.2757739,0.21241301
5.37,-0.17495868,-0.425346,-0.24980982,0.29982603,0.037928853,-0.33719772,0.5152382,0.48098737,0.35555837,0.3879726,0.2893234,0.22023663
5.38,-0.17441139,-0.41705725,-0.24209799,0.29551014,0.034293313,-0.3292945,0.5248328,0.4875521,0.35904726,0.3924505,0.29106766,0.2159644
5.39,-0.17473975,-0.41087568,-0.23566982,0.2926208,0.030938642,-0.32302392,0.5327097,0.501558,0.3725072,0.4069232,0.29825103,0.22681732
5.4,-0.17569329,-0.40736276,-0.23116751,0.29129913,0.028101942,-0.31900734,0.5404549,0.5079892,0.38152224,0.42108822,0.308631,0.23575701
5.41,-0.17865579,-0.40787962,-0.22872569,0.2929615,0.02560691,-0.31813973,0.5369729,0.5138528,0.38722497,0.4344591,0.31875554,0.23583181
5.42,-0.174033,-0.3965979,-0.22187574,0.28507423,0.024474658,-0.3089336,0.54148346,0.52450645,0.3993482,0.44939995,0.33178163,0.24656723
5.43,-0.16640484,-0.38059673,-0.21372183,0.27330017,0.024098076,-0.29686987,0.53752536,0.52649385,0.4102144,0.46013325,0.34309036,0.25101438
5.44,-0.16009542,-0.36977404,-0.20928054,0.2645743,0.025091438,-0.28915584,0.5344902,0.5351726,0.41909218,0.472596,0.3541722,0.26074737
5.45,-0.16117986,-0.36155915,-0.19992387,0.2611264,0.019911975,-0.28046864,0.5281686,0.5356171,0.42572927,0.47939956,0.3654201,0.27525
5.46,-0.14360751,-0.3380581,-0.19400308,0.24061342,0.025680646,-0.2657873,0.52195597,0.5340495,0.42706785,0.4863918,0.37740853,0.28909495
5.47,-0.13940628,-0.32411414,-0.18404934,0.23147392,0.0228889,-0.25386518,0.51186836,0.52489215,0.42206287,0.48412055,0.38548794,0.30176142
5.48,-0.13385068,-0.31822598,-0.18381844,0.22578411,0.025462043,-0.2507665,0.5024832,0.511703,0.409227,0.47894222,0.3945553,0.31604064
5.49,-0.11951435,-0.30219558,-0.18230173,0.21050428,0.03186025,-0.2420116,0.48021215,0.48419902,0.38259417,0.4629575,0.39014506,0.3232635
5.5,-0.11251155,-0.2881493,-0.17510292,0.19995807,0.031870663,-0.23139818,0.4620964,0.45411357,0.35569286,0.44134882,0.38878465,0.33271912
5.51,-0.10216891,-0.28341824,-0.18089603,0.19259639,0.039863862,-0.2319273,0.42825747,0.40798905,0.31511936,0.41460395,0.3913733,0.34968284
5.52,-0.08086375,-0.26874647,-0.18752867,0.17475,0.0538774,-0.22792132,0.40815765,0.35780302,0.27289316,0.38330254,0.38916066,0.36520466
5.53,-0.0809758,-0.28235617,-0.20092568,0.18141542,0.06045885,-0.24132437,0.37988818,0.31212187,0.2318698,0.35488576,0.38706377,0.37051734
5.54,-0.06829521,-0.27722907,-0.20842877,0.17248693,0.070649706,-0.24263392,0.3732182,0.2935382,0.21619347,0.34228644,0.38362563,0.3709366
5.55,-0.06798616,-0.30837062,-0.23968557,0.18794218,0.08627995,-0.27374423,0.37585086,0.29137763,0.21646774,0.33522582,0.37734392,0.36288533
5.56,-0.08180781,-0.33166,-0.24916358,0.20643912,0.08426768,-0.29009026,0.37777966,0.29227784,0.21783546,0.33188328,0.36521333,0.346846
5.57,-0.08223239,-0.3404874,-0.25789297,0.21119522,0.08829331,-0.299074,0.38546035,0.30345094,0.22897129,0.33342922,0.35990763,0.3314661
5.58,-0.08844299,-0.36062175,-0.27174562,0.2242019,0.09202412,-0.3158731,0.39120182,0.30795702,0.23293218,0.33221853,0.34962806,0.31940117
5.59,-0.098564334,-0.3712281,-0.2721641,0.23462833,0.08728971,-0.32149985,0.40024957,0.3149207,0.24047974,0.3362481,0.34558845,0.3105101
5.6,-0.102260605,-0.37952557,-0.2768886,0.2406662,0.08770237,-0.32791337,0.39987078,0.3171836,0.24300793,0.335901,0.34340116,0.30435848
5.61,-0.1030017,-0.3673431,-0.26397476,0.23486762,0.08102186,-0.31538197,0.41413215,0.32729322,0.24881235,0.34248725,0.34257093,0.3076732
5.62,-0.110741265,-0.38105938,-0.26971942,0.24579051,0.07995755,-0.32515147,0.4082014,0.32360947,0.2428069,0.33543575,0.3366044,0.29960707
5.63,-0.11072798,-0.37747487,-0.26631948,0.24394715,0.078250565,-0.32171902,0.40806714,0.32427636,0.23903197,0.33293423,0.33635584,0.30322826
5.64,-0.113530755,-0.3795352,-0.26563528,0.24629048,0.07656812,-0.32234702,0.4136076,0.32325724,0.233407,0.32767084,0.33384383,0.29985493
5.65,-0.114321865,-0.37501195,-0.26017654,0.24449012,0.07343647,-0.3172839,0.41626465,0.3232086,0.23090802,0.3241685,0.33101228,0.29849872
5.66,-0.12056551,-0.37505266,-0.25401163,0.24758978,0.06718532,-0.3143627,0.41789398,0.32095784,0.22766185,0.32310927,0.32956085,0.30156702
5.67,-0.114568606,-0.37039766,-0.25543925,0.24231039,0.07091,-0.31263527,0.4138204,0.31882942,0.2291413,0.32203165,0.33296123,0.30522832
5.68,-0.1163707,-0.3717992,-0.2549988,0.24379076,0.069858804,-0.3131808,0.41494545,0.31552392,0.22505829,0.32116467,0.3354342,0.3052001
5.69,-0.12035932,-0.3719953,-0.25127712,0.24595687,0.06590204,-0.3114706,0.4147422,0.30904213,0.22449915,0.31952196,0.33261606,0.3039417
5.7,-0.11194455,-0.36764836,-0.25528947,0.23949228,0.072236024,-0.3112929,0.41184783,0.30830178,0.22104633,0.31912926,0.33062413,0.30387715
5.71,-0.115693,-0.37879813,-0.26248085,0.24707036,0.07389743,-0.3203369,0.40716907,0.3028997,0.21714142,0.31900716,0.332283,0.30591652
5.72,-0.11676146,-0.3721223,-0.25500545,0.24424627,0.06941714,-0.31327388,0.40389824,0.2967825,0.21146423,0.31406242,0.3299508,0.3034859
5.73,-0.11537955,-0.3767549,-0.2610024,0.24578571,0.07339632,-0.31866342,0.40756616,0.29791957,0.21791431,0.3148112,0.33188373,0.3076109
5.74,-0.10617278,-0.36998224,-0.26338914,0.23780812,0.079153106,-0.31641486,0.40146258,0.29414144,0.21415783,0.31223968,0.3292884,0.3054114
5.75,-0.11603015,-0.37714538,-0.26053616,0.24628058,0.07283284,-0.31871694,0.39373663,0.29124942,0.20702563,0.30599424,0.3225178,0.29922357
5.76,-0.12505002,-0.38871932,-0.26296762,0.25663617,0.06950561,-0.32548234,0.39503095,0.2870165,0.20598316,0.30299422,0.3182906,0.29948348
5.77,-0.11107987,-0.38480324,-0.27328292,0.2477638,0.08154969,-0.32880315,0.39344418,0.28721792,0.20650385,0.30352533,0.319237,0.29840887
5.78,-0.11019805,-0.3889733,-0.27829823,0.24925981,0.08462409,-0.33334717,0.3919961,0.28605494,0.20479016,0.29946446,0.31663352,0.29589227
5.79,-0.11117796,-0.38644314,-0.2747696,0.24844706,0.08225989,-0.33032826,0.3929168,0.28469065,0.20444447,0.29712316,0.31476727,0.29316515
5.8,-0.113056086,-0.38572568,-0.27220803,0.24913731,0.08004602,-0.32870644,0.39386833,0.28510678,0.20531942,0.29709667,0.31085783,0.2931372
5.81,-0.11441467,-0.37932125,-0.26451033,0.24662139,0.07558674,-0.32167754,0.3920652,0.281907,0.19813797,0.29233253,0.30614987,0.29017472
5.82,-0.111223534,-0.37992498,-0.26826358,0.24540864,0.079060405,-0.32396182,0.3962934,0.28365043,0.20117058,0.29768932,0.30855548,0.2922069
5.83,-0.10344774,-0.3737865,-0.2699099,0.23838416,0.083663665,-0.3216182,0.39565825,0.28442845,0.20064917,0.29640302,0.3095237,0.2917903
5.84,-0.10634594,-0.37046733,-0.26351455,0.23810545,0.07908859,-0.31670406,0.39175102,0.28302372,0.20326231,0.2950477,0.30618945,0.28721625
5.85,-0.090604775,-0.33383968,-0.2426179,0.21205111,0.07651051,-0.28794873,0.42772937,0.31518412,0.23213695,0.31975448,0.32689705,0.3076063
5.86,-0.09141788,-0.3358563,-0.24419856,0.2135192,0.076832384,-0.28982753,0.43419638,0.3303021,0.24088995,0.32589158,0.3279099,0.3070707
5.87,-0.064135544,-0.32073158,-0.25608435,0.19225444,0.09639942,-0.2881726,0.4006378,0.3234055,0.244856,0.3357601,0.3387728,0.31833714
5.88,-0.042268004,-0.30056554,-0.25778908,0.17108732,0.10833289,-0.27889875,0.38319296,0.31250328,0.24326216,0.34325552,0.3527913,0.334817
5.89,-0.04223247,-0.33072913,-0.28794563,0.1861527,0.12335207,-0.30897573,0.3633579,0.29489985,0.22760113,0.32393435,0.33565867,0.32463217
5.9,-0.034806665,-0.33254325,-0.29726347,0.18339892,0.1317512,-0.31464055,0.37460434,0.29382655,0.22888291,0.32371402,0.336446,0.32173893
5.91,-0.071202196,-0.37011322,-0.29845074,0.22032832,0.11416291,-0.33405343,0.37249866,0.28374156,0.21633586,0.30966172,0.32035372,0.30579546
5.92,-0.10869998,-0.3898536,-0.2805878,0.24907075,0.08654119,-0.33504584,0.38842094,0.27718195,0.19828078,0.28923485,0.29564705,0.28194445
5.93,-0.12439217,-0.4186932,-0.2937189,0.27124196,0.08525404,-0.35600168,0.38165852,0.2636169,0.17835169,0.26315707,0.26738822,0.26088956
5.94,-0.111944154,-0.41249985,-0.3001038,0.26197842,0.09462676,-0.35615578,0.38859192,0.2661134,0.18038131,0.26946995,0.26935956,0.26195288
5.95,-0.12553976,-0.4201273,-0.29401264,0.2725241,0.08474749,-0.3568317,0.3844875,0.26863864,0.18073009,0.26430753,0.2650346,0.2542787
5.96,-0.11227555,-0.41088125,-0.29820657,0.26123926,0.09355686,-0.35423803,0.39163733,0.27144286,0.19229521,0.28314584,0.28450102,0.2667209
5.97,-0.061531615,-0.38246116,-0.320286,0.22178982,0.12987933,-0.35114396,0.2999845,0.2148527,0.19853096,0.32015908,0.34340236,0.32187822
5.98,0.28614044,-0.2532339,-0.5391824,-0.016947966,0.4128442,-0.39577624,-0.0034474246,0.011598348,0.41457963,0.75386393,0.81862,0.680262
5.99,0.6322903,0.02200117,-0.6101843,-0.3273244,0.6214155,-0.29374573,-0.6566628,-0.9667174,0.08278734,0.8925592,1.1792899,1.1094284
6.0,0.030225206,-0.4824161,-0.5120984,0.22585239,0.27121413,-0.49697915,-0.44308895,-1.3297354,-0.90426296,-0.26744986,0.12676668,0.4042705
6.01,-0.20373438,-0.6284223,-0.42404112,0.41584477,0.11064353,-0.525945,0.022656081,-0.5235455,-0.5998605,-0.301225,-0.070480525,0.11683488
6.02,-0.16333453,-0.5056117,-0.34175637,0.33416662,0.089821264,-0.4234637,0.35577774,0.18894398,0.050130393,0.12218627,0.1404258,0.17903484
6.03,-0.16613965,-0.45239735,-0.2857302,0.3089962,0.060306575,-0.3687574,0.5011916,0.39471668,0.23836161,0.26497364,0.21312788,0.20593189
6.04,-0.1716615,-0.45024168,-0.27818486,0.31056675,0.053691987,-0.36398807,0.5006284,0.4242778,0.28780034,0.2994157,0.22771727,0.20409086
6.05,-0.17469223,-0.44778922,-0.2726499,0.3110627,0.049405653,-0.36005503,0.5240034,0.4520669,0.30711737,0.31260678,0.2319853,0.19852188
6.06,-0.17396979,-0.44373056,-0.26920202,0.3085873,0.048146613,-0.3562738,0.5172089,0.4596108,0.3192119,0.32606512,0.23520423,0.19683059
6.07,-0.17693828,-0.43739343,-0.2600909,0.30696607,0.042165034,-0.34857276,0.5296969,0.4696858,0.325951,0.33125585,0.23676409,0.19879621
6.08,-0.17693408,-0.43067747,-0.25338638,0.30349502,0.038695954,-0.3417184,0.5375847,0.47712988,0.342686,0.3448343,0.24290967,0.20133516
6.09,-0.18385243,-0.43124962,-0.24687836,0.30724013,0.03210392,-0.33885586,0.5435305,0.4844925,0.3495579,0.35184655,0.24180222,0.19733001
6.1,-0.17869563,-0.42221355,-0.24284934,0.3003006,0.03259749,-0.3322326,0.55384004,0.49437818,0.36174855,0.3649018,0.24694376,0.20045468
6.11,-0.17991039,-0.41051915,-0.23017098,0.29484832,0.02570637,-0.3201049,0.56066734,0.50645214,0.371711,0.3790387,0.25363165,0.20451936
6.12,-0.17752497,-0.3984403,-0.22042969,0.28765717,0.021888591,-0.30912745,0.5671922,0.5198959,0.38402212,0.39600995,0.265415,0.21283604
6.13,-0.18259592,-0.4006631,-0.21767989,0.29142067,0.017969841,-0.30898592,0.5580555,0.5239107,0.3903213,0.40457988,0.2698498,0.21476547
6.14,-0.17112154,-0.37469804,-0.20314798,0.2727141,0.016612556,-0.28868002,0.5643795,0.53647566,0.40499586,0.42229882,0.28401542,0.22602335
6.15,-0.17022432,-0.3701416,-0.19921553,0.26990324,0.014989346,-0.2844527,0.5590432,0.5439705,0.4123554,0.43557122,0.2938785,0.23451199
6.16,-0.15986203,-0.34312484,-0.18282607,0.25116906,0.011990062,-0.26273006,0.55706376,0.5482853,0.42084634,0.44684616,0.3055242,0.2453266
6.17,-0.14972438,-0.33623362,-0.1859542,0.24265644,0.018613335,-0.26081237,0.55215186,0.5490767,0.4251671,0.4549612,0.31651843,0.25928238
6.18,-0.14075623,-0.32070553,-0.17933626,0.23041473,0.019849207,-0.24975434,0.54097146,0.5459788,0.42380768,0.45640743,0.32630962,0.27254933
6.19,-0.13187373,-0.3009536,-0.16867945,0.21609809,0.018897936,-0.23457429,0.53207123,0.5327399,0.4101767,0.44937354,0.3331701,0.28743023
6.2,-0.11459287,-0.28112227,-0.165996,0.1974785,0.026123274,-0.22327572,0.51214063,0.5063129,0.38704765,0.432277,0.33378643,0.29867637
6.21,-0.11368383,-0.28008,-0.16598147,0.19665658,0.026675561,-0.22275518,0.49108362,0.47475928,0.35472196,0.4094113,0.33427638,0.30879235
6.22,-0.10707094,-0.26924488,-0.1620287,0.1878568,0.028027257,-0.21536095,0.467464,0.43055996,0.31304505,0.38039795,0.32983333,0.32022697
6.23,-0.094125666,-0.26446766,-0.16999435,0.17906314,0.03845647,-0.21692571,0.4401547,0.38491175,0.27444038,0.35061204,0.32605138,0.33167878
6.24,-0.07857449,-0.26667678,-0.18775001,0.17234343,0.055109337,-0.22689833,0.42020676,0.34626138,0.24246967,0.32646805,0.3224298,0.33486804
6.25,-0.076039284,-0.29169568,-0.2152195,0.18353957,0.07004417,-0.25327677,0.40602493,0.32424825,0.22328722,0.3111762,0.31513748,0.32861537
6.26,-0.076880544,-0.31313667,-0.23577327,0.19481792,0.08000345,-0.27428848,0.39894393,0.31492406,0.21799622,0.30449438,0.30562282,0.31689003
6.27,-0.0727777,-0.3280183,-0.25479802,0.20022032,0.0914852,-0.291216,0.4029372,0.3108247,0.21700047,0.3017884,0.29740822,0.3035074
6.28,-0.08425733,-0.3491839,-0.26458293,0.21647224,0.09067606,-0.30653605,0.40236682,0.3054174,0.21669523,0.2977598,0.2854528,0.28891596
6.29,-0.09002821,-0.3651306,-0.27460307,0.22729583,0.09278153,-0.31958354,0.39923972,0.30242828,0.21713626,0.2937027,0.2781863,0.27564642
6.3,-0.09179731,-0.36404324,-0.2717236,0.22768927,0.0904968,-0.31764293,0.40611792,0.30804768,0.22122876,0.29616153,0.2782438,0.27258736
6.31,-0.09498615,-0.37454727,-0.27903104,0.23460594,0.092447475,-0.32659444,0.40566358,0.30856645,0.22389778,0.2958615,0.27559197,0.27204958
6.32,-0.10251568,-0.37944335,-0.27648377,0.24086468,0.08747439,-0.32774013,0.40532064,0.30950356,0.22266428,0.29655617,0.27369547,0.26653883
6.33,-0.09655924,-0.37462702,-0.27763766,0.23538423,0.091073394,-0.3257823,0.4121462,0.31471854,0.223146,0.29574844,0.27536562,0.26906905
6.34,-0.10955924,-0.3806622,-0.270627,0.24483879,0.0810454,-0.3253985,0.4078241,0.3094863,0.21781868,0.29243097,0.2717161,0.26443756
6.35,-0.109894924,-0.3743057,-0.26401225,0.24194023,0.07763205,-0.3189575,0.4109423,0.30909976,0.21587875,0.29289123,0.27201125,0.26687968
6.36,-0.11012581,-0.36471814,-0.2540168,0.23708613,0.07234738,-0.30912486,0.41218293,0.31103405,0.21395749,0.28902265,0.27166197,0.26738775
6.37,-0.11761497,-0.3621529,-0.24398486,0.2395565,0.063732594,-0.30276278,0.41371053,0.30613825,0.20818728,0.2874813,0.27157256,0.26671937
6.38,-0.1213902,-0.3629868,-0.24110027,0.24194668,0.06029277,-0.30164212,0.41501358,0.30741996,0.2093343,0.28852412,0.27515048,0.2687582
6.39,-0.12509163,-0.36601216,-0.2403893,0.24524778,0.058132097,-0.30290526,0.4104638,0.29995477,0.20292932,0.2868067,0.27528727,0.2726507
6.4,-0.11820838,-0.35470936,-0.23590447,0.23614155,0.05949978,-0.2951076,0.41012526,0.29492846,0.19931915,0.2850436,0.27422613,0.2714962
6.41,-0.11871221,-0.35665688,-0.2373434,0.2374185,0.059784338,-0.29673973,0.4075005,0.29279652,0.1967543,0.283391,0.27485314,0.26903844
6.42,-0.122160755,-0.3605751,-0.23764353,0.24108212,0.05823354,-0.29881838,0.40781474,0.29215932,0.19717596,0.2843792,0.27831554,0.27289
6.43,-0.117610134,-0.36101747,-0.24292411,0.23913048,0.063184716,-0.301757,0.40481254,0.2908144,0.198306,0.28637147,0.27907413,0.2726641
6.44,-0.109693125,-0.35678434,-0.2465304,0.23289421,0.06890719,-0.30133575,0.402848,0.28973648,0.19760776,0.28598294,0.2793409,0.27447882
6.45,-0.10309169,-0.35452098,-0.25077504,0.22856174,0.07438597,-0.30240718,0.4019345,0.28607723,0.19496877,0.28282964,0.278019,0.27362615
6.46,-0.1134542,-0.37018666,-0.25603515,0.24166633,0.07171295,-0.31288412,0.3948728,0.2812178,0.19274476,0.28106445,0.27611893,0.27072725
6.47,-0.10964524,-0.37080142,-0.2607379,0.24001464,0.07608204,-0.3155482,0.3962059,0.27955088,0.19094935,0.27955517,0.27621993,0.2680281
6.48,-0.11041291,-0.36898392,-0.2581526,0.23956938,0.07439347,-0.31333628,0.39064047,0.27826178,0.18996674,0.27839437,0.2732835,0.26699734
6.49,-0.09772763,-0.3596235,-0.26140323,0.22839078,0.0823532,-0.31020793,0.3947831,0.28117433,0.19247031,0.28231204,0.27702734,0.2718143
6.5,-0.10353329,-0.3687644,-0.26463875,0.23582959,0.08110864,-0.3165638,0.39174414,0.27998206,0.18989311,0.28020504,0.2722681,0.26737213
6.51,-0.1054953,-0.36735237,-0.26122043,0.23618118,0.078268796,-0.3140987,0.39321086,0.27959466,0.19267544,0.28210056,0.27232906,0.26888332
6.52,-0.10186329,-0.36936384,-0.267181,0.23539199,0.08317916,-0.3180205,0.3906844,0.2777625,0.19096898,0.27911252,0.27125278,0.26596695
6.53,-0.10295135,-0.37599543,-0.27263618,0.23931831,0.08534725,-0.32407966,0.39179027,0.28028983,0.19392852,0.28071854,0.2693271,0.26779118
6.54,-0.09752862,-0.36944893,-0.2715044,0.23324163,0.08741313,-0.3201395,0.39379168,0.2806609,0.1973525,0.2823617,0.26972708,0.26736742
6.55,-0.09795419,-0.36024737,-0.26170847,0.22877656,0.08233865,-0.3107345,0.38916504,0.2853783,0.19904085,0.2874642,0.27548757,0.27261144
6.56,-0.07985547,-0.31480798,-0.23437302,0.19707093,0.07780175,-0.27435684,0.42593065,0.3177614,0.22397085,0.3102945,0.29780373,0.2910902
6.57,-0.08649303,-0.32927623,-0.24250597,0.20768185,0.07855666,-0.2857087,0.42273584,0.32263172,0.22888638,0.3086633,0.29570585,0.28725532
6.58,-0.054637983,-0.31768617,-0.26269993,0.18589187,0.10461486,-0.2899021,0.38337088,0.31309396,0.2371516,0.32352602,0.30979982,0.3050988
6.59,-0.02931043,-0.2936009,-0.26394212,0.1611799,0.11783016,-0.27841926,0.36824194,0.30558443,0.23937479,0.32803455,0.3218176,0.31729203
6.6,-0.038667567,-0.32791954,-0.2889612,0.18301633,0.12563893,-0.30812117,0.35469747,0.29103687,0.2217317,0.3098518,0.31051022,0.30968475
6.61,-0.031085726,-0.3380825,-0.30648723,0.18429288,0.13820049,-0.32208788,0.36059546,0.28429022,0.2168915,0.31005225,0.3122474,0.31288627
6.62,-0.068113245,-0.366561,-0.298114,0.2170093,0.11553498,-0.33206102,0.36535853,0.27574113,0.20106158,0.29298902,0.29015714,0.29170954
6.63,-0.10145719,-0.3837449,-0.2818633,0.24235673,0.090825714,-0.33252773,0.37673235,0.26317137,0.18406051,0.2742252,0.26701167,0.26531762
6.64,-0.11052685,-0.41355512,-0.30243367,0.26181754,0.0964819,-0.35778174,0.3760549,0.2566118,0.16689265,0.25224438,0.2472753,0.24793008
6.65,-0.1101794,-0.40998572,-0.29924423,0.2598453,0.09495872,-0.35431406,0.3732032,0.2544606,0.17156754,0.26023707,0.25685734,0.25425926
6.66,-0.12153974,-0.41878492,-0.2967339,0.2698962,0.08813038,-0.3575322,0.39055142,0.27103192,0.17665415,0.2543248,0.24694532,0.2436159
6.67,-0.10250809,-0.39271182,-0.2897594,0.24737883,0.094152845,-0.34089074,0.37550485,0.25119567,0.18274827,0.27746594,0.27814314,0.26567662
6.68,-0.041717578,-0.36748657,-0.32516554,0.20440967,0.14204781,-0.3461,0.29735985,0.23789318,0.22536096,0.34200734,0.3508008,0.32495445
6.69,0.3826012,-0.20101784,-0.5834302,-0.091114074,0.48310703,-0.39190105,-0.11100397,-0.043147396,0.5107294,0.8771775,0.9114621,0.74736476
6.7,0.6416921,0.018352348,-0.62320167,-0.3300719,0.6327167,-0.30209765,-0.76969695,-1.1109662,0.036816917,0.8465716,1.1218238,1.0883656
6.71,-0.019006878,-0.52895594,-0.50944895,0.27372536,0.24524274,-0.5188904,-0.4327044,-1.344218,-0.97881925,-0.37519014,0.016589409,0.32862073
6.72,-0.16195355,-0.5967529,-0.4342373,0.37906632,0.13664885,-0.5151939,0.059200566,-0.39411736,-0.47905695,-0.21767214,-0.02951235,0.14031465
6.73,-0.15146618,-0.46344247,-0.3114513,0.30716902,0.08053039,-0.38723254,0.4071833,0.2658005,0.11118187,0.16704136,0.16273253,0.19831523
6.74,-0.17036857,-0.43627954,-0.2654298,0.30312365,0.048100702,-0.35072505,0.4881261,0.3907156,0.24016723,0.2686794,0.21792725,0.21229126
6.75,-0.1764856,-0.43763065,-0.26073736,0.3069282,0.04265519,-0.34896532,0.50016445,0.4265362,0.28718394,0.29727307,0.21697661,0.20326914
6.76,-0.17511062,-0.4318387,-0.25603604,0.3031424,0.04093989,-0.34366333,0.5093083,0.44377828,0.3019361,0.3110242,0.22019638,0.1979731
6.77,-0.16949208,-0.42194304,-0.25181472,0.29552624,0.041503347,-0.336544,0.5155767,0.45603207,0.3230841,0.32693177,0.22589894,0.19999456
6.78,-0.17865942,-0.41668117,-0.23752326,0.2974216,0.029843917,-0.32687277,0.515914,0.46252128,0.33198982,0.33504367,0.23229325,0.20324914
6.79,-0.17382357,-0.40282673,-0.22848293,0.2881138,0.02794116,-0.3154935,0.5273745,0.47288305,0.34498137,0.34541038,0.23697035,0.20370945
6.8,-0.18113706,-0.4083135,-0.22690558,0.2943513,0.023375435,-0.31737885,0.5351917,0.48194054,0.35481355,0.35743618,0.24233098,0.2088724
6.81,-0.184431,-0.40544486,-0.22059682,0.29471275,0.018596953,-0.31283626,0.5402628,0.49448878,0.36374503,0.37444252,0.24815646,0.2101936
6.82,-0.1858176,-0.39715874,-0.21070556,0.29118815,0.013034969,-0.30381098,0.5468058,0.50678915,0.37558222,0.38690028,0.25510818,0.21201296
6.83,-0.18548855,-0.39327148,-0.20716076,0.2891729,0.011342665,-0.30007586,0.55043364,0.51754016,0.38589534,0.39886338,0.26559588,0.21727698
6.84,-0.17768748,-0.3751877,-0.19702148,0.27610084,0.010239312,-0.28581673,0.553111,0.5315154,0.4011894,0.4130498,0.27644956,0.22809227
6.85,-0.17680909,-0.36830315,-0.19117263,0.27234063,0.0077548544,-0.27946395,0.55294305,0.5392487,0.4093033,0.42706376,0.2863693,0.23559353
6.86,-0.15960792,-0.3373723,-0.1771191,0.24834855,0.009211546,-0.25694853,0.55488247,0.55286735,0.42957938,0.4455926,0.3034018,0.24671625
6.87,-0.15073365,-0.33045134,-0.17905869,0.24033695,0.014667377,-0.2544592,0.5500869,0.56139284,0.43819094,0.45510578,0.31753793,0.26361653
6.88,-0.1496663,-0.31435055,-0.16436893,0.23172991,0.00777547,-0.23905826,0.54630935,0.56329423,0.44249693,0.45834696,0.32576942,0.27656558
6.89,-0.12713957,-0.28158313,-0.15443806,0.20409106,0.01395018,-0.21756114,0.5360297,0.5609365,0.44185394,0.4639936,0.33908692,0.29706058
6.9,-0.12799896,-0.27579775,-0.14785255,0.20172393,0.010205628,-0.21149155,0.5209447,0.5457109,0.42807424,0.456638,0.34512436,0.30515942
6.91,-0.11026983,-0.25703,-0.14673422,0.18342526,0.018464446,-0.2014219,0.5142379,0.5263931,0.4100203,0.44379392,0.35288468,0.32104343
6.92,-0.10501985,-0.24923085,-0.14409167,0.17692144,0.019635718,-0.19623062,0.49581337,0.4921343,0.37351432,0.41727677,0.34717384,0.33024892
6.93,-0.08898345,-0.23791903,-0.14916912,0.16322184,0.030434413,-0.19305862,0.47066295,0.4509744,0.3372942,0.39214253,0.3454253,0.3416902
6.94,-0.08933063,-0.25150335,-0.1619701,0.17011149,0.036643185,-0.20639792,0.43800938,0.4027628,0.29312393,0.3604826,0.3378709,0.3477339
6.95,-0.07180177,-0.25016466,-0.17782505,0.16074942,0.05360253,-0.21382272,0.41568503,0.36008945,0.25801632,0.3319462,0.33129513,0.3457758
6.96,-0.06824136,-0.27641436,-0.20764868,0.17213592,0.070199326,-0.2418631,0.40216202,0.33381388,0.23724368,0.314789,0.32127145,0.3369807
6.97,-0.06874979,-0.2960068,-0.22677143,0.18225695,0.07952071,-0.26109955,0.39951238,0.31829584,0.22737831,0.30433765,0.314972,0.3279254
6.98,-0.0810087,-0.32844648,-0.24691032,0.20451324,0.08347822,-0.2874081,0.39356554,0.3046485,0.21606423,0.29370856,0.3000263,0.31168514
6.99,-0.08663833,-0.341873,-0.2548437,0.21395463,0.08458662,-0.2982013,0.39009565,0.29911816,0.21425582,0.287973,0.28921184,0.29516438
7.0,-0.08118093,-0.3496668,-0.26820958,0.21516655,0.09403252,-0.3086643,0.3905611,0.29486158,0.21115717,0.284639,0.28280148,0.28595844
7.01,-0.09949079,-0.36831513,-0.26834133,0.23366456,0.08496019,-0.31799632,0.39203697,0.2929895,0.20832485,0.27862433,0.27706224,0.2778814
7.02,-0.100316465,-0.36826757,-0.26738483,0.23409511,0.08412594,-0.3178631,0.3924319,0.29469785,0.21474633,0.2806238,0.2769664,0.27594936
7.03,-0.09575216,-0.37270817,-0.27661645,0.23402934,0.090872064,-0.3244207,0.39949214,0.30055228,0.21646868,0.28531617,0.2806178,0.2802082
7.04,-0.09702612,-0.37248683,-0.27524206,0.23451778,0.089693815,-0.32367238,0.39969176,0.30074495,0.21677266,0.28213578,0.27712873,0.27922204
7.05,-0.10525003,-0.3739929,-0.26826948,0.23950092,0.08211095,-0.3209627,0.40646908,0.29985246,0.21396655,0.28014037,0.2737679,0.2728204
7.06,-0.1051048,-0.37282884,-0.26727986,0.23870242,0.08163903,-0.3197927,0.39850265,0.29433507,0.20625155,0.28102937,0.27868706,0.27412733
7.07,-0.114331335,-0.37827596,-0.26344565,0.24613409,0.07503867,-0.32066795,0.40136516,0.29866964,0.20655242,0.28132617,0.2808779,0.28135926
7.08,-0.114112034,-0.37217876,-0.25768468,0.24291952,0.0723105,-0.31461883,0.40268105,0.2956678,0.20294403,0.27763528,0.27937192,0.27803993
7.09,-0.10969986,-0.36698857,-0.2570465,0.23815592,0.074161716,-0.3117646,0.40649518,0.29154003,0.20245388,0.27876887,0.2820355,0.28154972
7.1,-0.11752698,-0.3721345,-0.254061,0.24455523,0.06878515,-0.31282103,0.40373108,0.29048026,0.20092668,0.28013813,0.28448263,0.28756258
7.11,-0.119422205,-0.36991027,-0.25003734,0.24449831,0.06569791,-0.3097743,0.40262043,0.28918594,0.20127016,0.2819837,0.28669026,0.28732172
7.12,-0.12091621,-0.36590517,-0.24459371,0.24314731,0.062328774,-0.30503783,0.40400553,0.28646758,0.20214835,0.28209135,0.28726736,0.2873219
7.13,-0.12060175,-0.36758488,-0.24648786,0.24379058,0.06340016,-0.30672735,0.39871013,0.2848467,0.20181032,0.2800894,0.29314074,0.2951385
7.14,-0.11356411,-0.36329958,-0.24939027,0.23812643,0.06840215,-0.3060613,0.39743733,0.28676632,0.20440146,0.2823079,0.29509464,0.29674068
7.15,-0.110499606,-0.3668894,-0.25601107,0.23842011,0.07322896,-0.3112037,0.3950406,0.28516078,0.1994173,0.2829634,0.2944554,0.2998797
7.16,-0.1095463,-0.36420903,-0.2541716,0.23667347,0.072799295,-0.3090311,0.39399773,0.28211284,0.19892848,0.28492373,0.30036825,0.2981388
7.17,-0.107536055,-0.3701711,-0.2622881,0.23861255,0.07775697,-0.31598794,0.39194307,0.28338578,0.2014729,0.28556785,0.30129346,0.297591
7.18,-0.101978086,-0.36485448,-0.26225165,0.23310368,0.08069923,-0.31330776,0.3903791,0.27926585,0.19895945,0.28259975,0.30120477,0.2991749
7.19,-0.10773899,-0.36934215,-0.26099005,0.23823366,0.07707508,-0.3148555,0.38692525,0.27658918,0.19583529,0.28004265,0.2984367,0.29872504
7.2,-0.11491449,-0.37661254,-0.26128557,0.24550384,0.07374551,-0.31868175,0.38734657,0.27643943,0.19353679,0.27793527,0.29375157,0.29418442
7.21,-0.109219246,-0.37659532,-0.26682952,0.24269126,0.07926676,-0.32150677,0.3819387,0.275369,0.19330253,0.27882364,0.2978242,0.29828963
7.22,-0.10278382,-0.37276396,-0.2695918,0.23749636,0.083984174,-0.3210584,0.3874652,0.27953106,0.19748801,0.28219566,0.30097032,0.3016896
7.23,-0.10380989,-0.37721202,-0.27320457,0.2402158,0.085115984,-0.32492703,0.3882468,0.27937102,0.20054153,0.2804228,0.30181116,0.30171692
7.24,-0.10528161,-0.37999868,-0.27417856,0.24245702,0.08487945,-0.32682988,0.38951337,0.28142205,0.19942889,0.27985725,0.29819262,0.29882416
7.25,-0.111108854,-0.38048318,-0.26886553,0.24557859,0.0794443,-0.32460377,0.3869229,0.28845194,0.20595318,0.2892246,0.30569044,0.3066556
7.26,-0.08949512,-0.3347937,-0.2448189,0.21186085,0.078217424,-0.28962895,0.41420746,0.31417373,0.22786799,0.3121363,0.3290306,0.32846928
7.27,-0.08614415,-0.34331742,-0.2567461,0.21446538,0.085872516,-0.29980347,0.42443666,0.328361,0.23791876,0.31428662,0.33086067,0.3219605
7.28,-0.056784093,-0.3271338,-0.26992446,0.19175243,0.107043706,-0.29815716,0.39723098,0.32743865,0.24822496,0.32332397,0.34453377,0.3362846
7.29,-0.03375397,-0.30618894,-0.27190915,0.16968505,0.119605765,-0.28874314,0.37198696,0.3142472,0.25035828,0.3344556,0.3579148,0.35329148
7.3,-0.0378273,-0.33611867,-0.29759756,0.18671177,0.13032725,-0.31661612,0.35696924,0.30201426,0.23285392,0.32413796,0.35084283,0.348886
7.31,-0.035975255,-0.34962073,-0.3131815,0.19257875,0.13910295,-0.3311401,0.35727343,0.29029247,0.22693536,0.31756553,0.34476385,0.3433791
7.32,-0.059000686,-0.3766856,-0.31728703,0.21758078,0.1296824,-0.3466977,0.3678515,0.29001042,0.22001113,0.3059197,0.33357266,0.33123735
7.33,-0.10939328,-0.4088035,-0.29881564,0.2588522,0.09520082,-0.35362962,0.38310948,0.28202704,0.20050786,0.286091,0.30966258,0.30763516
7.34,-0.11639888,-0.42806122,-0.31109262,0.27189052,0.09779427,-0.3693216,0.37236592,0.26787034,0.18262592,0.26512998,0.28749526,0.28935122
7.35,-0.123066455,-0.44451946,-0.3209516,0.28357524,0.09939589,-0.382486,0.37284416,0.26554564,0.18191405,0.26478508,0.28841275,0.28416747
7.36,-0.12339549,-0.43470916,-0.31095025,0.278945,0.094082616,-0.3725504,0.37126705,0.26997548,0.1841176,0.26785493,0.2875156,0.2845823
7.37,-0.11126752,-0.43032408,-0.3185931,0.27055648,0.10417801,-0.3741139,0.38946036,0.28553262,0.20416243,0.29075775,0.30337262,0.29642832
7.38,-0.06225866,-0.39351144,-0.33059078,0.22761032,0.13455784,-0.36179158,0.29667234,0.22673784,0.20743103,0.3323458,0.37003618,0.35907534
7.39,0.2577323,-0.3060174,-0.5635539,0.023758082,0.41076547,-0.43450484,0.057811655,0.10319928,0.42345884,0.7121744,0.78421474,0.6614229
7.4,0.63744056,-0.029418476,-0.66689,-0.3040654,0.65247786,-0.34792843,-0.5889753,-0.91504437,0.05555035,0.8297168,1.1584954,1.1096219
7.41,0.05242191,-0.47936344,-0.53140086,0.21316437,0.292062,-0.5050798,-0.44746453,-1.3879427,-0.9416745,-0.27549803,0.15468456,0.44986546
7.42,-0.21023172,-0.6259758,-0.41534933,0.41781852,0.10301535,-0.520473,0.007000862,-0.6044111,-0.6573785,-0.32032597,-0.061648067,0.15276349
7.43,-0.1719662,-0.5245748,-0.35229236,0.34804067,0.09066665,-0.43823335,0.32613683,0.1456919,0.020250112,0.114137486,0.16505158,0.21725284
7.44,-0.17952847,-0.47422016,-0.29436564,0.32659638,0.05794525,-0.3840784,0.48735496,0.39562976,0.24246792,0.27394897,0.24847877,0.24525842
7.45,-0.18439691,-0.4719262,-0.28706598,0.32789442,0.051829036,-0.379305,0.4812452,0.43128392,0.3043688,0.32498115,0.2781626,0.25014144
7.46,-0.18933846,-0.4751324,-0.28534293,0.3319519,0.04841234,-0.37998694,0.5150696,0.46453977,0.32858962,0.3388388,0.27537146,0.24532375
7.47,-0.18372402,-0.4642154,-0.27996406,0.32372633,0.048612684,-0.37178782,0.50831276,0.4715575,0.34812844,0.3563681,0.28367552,0.24911398
7.48,-0.18413363,-0.45961803,-0.27506036,0.3215745,0.046051443,-0.36702403,0.52497387,0.4871482,0.3594842,0.36768794,0.289499,0.25054935
7.49,-0.18742897,-0.4582929,-0.27032492,0.32257536,0.042021062,-0.36410764,0.52395475,0.49095532,0.36899644,0.380477,0.29874596,0.25376537
7.5,-0.18920355,-0.4535086,-0.2638486,0.32110476,0.037823033,-0.35831815,0.5302409,0.49972272,0.3757327,0.38613826,0.2973444,0.2474251
7.51,-0.18468909,-0.4486453,-0.26358008,0.3164538,0.03993357,-0.35583192,0.5424876,0.5123852,0.38823566,0.40057278,0.3030727,0.2518344
7.52,-0.19077268,-0.4434006,-0.2520574,0.31708038,0.031035703,-0.34754747,0.5417057,0.51641285,0.3956559,0.4082718,0.30613947,0.25201315
7.53,-0.18220787,-0.42748943,-0.24464881,0.3045572,0.03166961,-0.3356671,0.54717964,0.52603287,0.40471694,0.42373335,0.32353652,0.2643492
7.54,-0.18043166,-0.423463,-0.2423566,0.30160353,0.031493682,-0.33261016,0.5459306,0.5317114,0.41235858,0.4337556,0.33448714,0.26822674
7.55,-0.17844936,-0.41472453,-0.23591517,0.29625574,0.0292666,-0.32509965,0.54363066,0.5411765,0.42569092,0.44676825,0.34561107,0.27863583
7.56,-0.1738834,-0.39183038,-0.21748467,0.2825744,0.02233017,-0.30439314,0.53799385,0.54267687,0.4330661,0.45512652,0.3525613,0.28635153
7.57,-0.16199853,-0.3869617,-0.2243822,0.27434576,0.031613674,-0.30536947,0.532012,0.5435648,0.43816113,0.46309897,0.36639184,0.29750773
7.58,-0.13959275,-0.3569409,-0.2167459,0.24803452,0.03902274,-0.2866166,0.52872807,0.54881686,0.4457555,0.47698727,0.38702142,0.3160451
7.59,-0.14032829,-0.35281286,-0.21188153,0.24636956,0.036277596,-0.28207612,0.52031046,0.54536194,0.4430781,0.4776219,0.39930478,0.33135265
7.6,-0.13937715,-0.35052586,-0.21072996,0.2446064,0.036279835,-0.2803125,0.5086066,0.5292263,0.42815146,0.4685427,0.398723,0.3437178
7.61,-0.1188954,-0.32333857,-0.20384027,0.22072327,0.04293393,-0.26329374,0.49941042,0.5089947,0.41276956,0.4580109,0.40747163,0.35506654
7.62,-0.11812749,-0.32281733,-0.2039829,0.22013189,0.04336672,-0.26303625,0.476721,0.4737577,0.37781492,0.43560526,0.4076081,0.3651143
7.63,-0.11018821,-0.31547922,-0.20488164,0.21262084,0.047820363,-0.2599501,0.44994283,0.43235984,0.3385056,0.4092785,0.4108807,0.3864259
7.64,-0.093373224,-0.31095707,-0.21708122,0.20190655,0.0623168,-0.26375714,0.4274764,0.38445204,0.29583046,0.3833845,0.40825772,0.3936143
7.65,-0.07329514,-0.3105327,-0.23687682,0.19161776,0.08228902,-0.27346438,0.40639624,0.34825695,0.2625599,0.3587728,0.40623006,0.39906302
7.66,-0.072775975,-0.33059618,-0.25727788,0.20142585,0.09288285,-0.29371867,0.3953937,0.33270386,0.252932,0.34884557,0.40317512,0.39782473
7.67,-0.085852586,-0.35582188,-0.2694515,0.22060001,0.09224853,-0.3122958,0.39178085,0.32685104,0.24937142,0.34057423,0.38989073,0.37617442
7.68,-0.08612612,-0.37096834,-0.28450197,0.22831765,0.099619195,-0.3275029,0.40878356,0.33546996,0.2610705,0.34424475,0.39008328,0.36803874
7.69,-0.085332654,-0.3912039,-0.3055309,0.23790978,0.11056482,-0.34813276,0.41481948,0.33956215,0.26605982,0.34521556,0.38689604,0.3612574
7.7,-0.111587375,-0.41802812,-0.30593094,0.26454136,0.097700514,-0.36163348,0.4127362,0.33709666,0.2646853,0.34270445,0.37992957,0.34813192
7.71,-0.10728397,-0.42239183,-0.31458607,0.2645336,0.10408968,-0.36822203,0.4240962,0.3444902,0.2751504,0.34635797,0.3757942,0.34206465
7.72,-0.11934555,-0.42541134,-0.30552882,0.27211562,0.093594454,-0.36516598,0.42020416,0.3440671,0.27401903,0.346465,0.36932996,0.33025384
7.73,-0.11289086,-0.42082214,-0.30736354,0.2666166,0.09774226,-0.36379036,0.43146145,0.35603884,0.28236246,0.35492268,0.3810316,0.3355209
7.74,-0.124462724,-0.42408803,-0.29895857,0.2739999,0.08777467,-0.36132082,0.43130788,0.3541684,0.2780662,0.35803604,0.38365802,0.33231488
7.75,-0.14006956,-0.43273664,-0.29233366,0.2861555,0.076600544,-0.36235186,0.42698348,0.35299218,0.2728103,0.35050428,0.37723452,0.33341444
7.76,-0.12663512,-0.42676795,-0.29966214,0.2763698,0.08697772,-0.36287814,0.44222784,0.356767,0.26823938,0.35490033,0.37792668,0.33677158
7.77,-0.14262588,-0.43313077,-0.2899786,0.2876956,0.074216746,-0.36139706,0.4327882,0.35284746,0.26663008,0.35326847,0.37997916,0.3341012
7.78,-0.14105123,-0.42396104,-0.28226385,0.2821905,0.0711575,-0.3527744,0.44039223,0.35227808,0.26750097,0.35203138,0.3834582,0.3397782
7.79,-0.1422456,-0.42219117,-0.2791616,0.2820629,0.068959974,-0.35045832,0.43673706,0.35121262,0.27336907,0.3618148,0.3914944,0.34481028
7.8,-0.13390067,-0.41824904,-0.28390273,0.27593422,0.075565375,-0.35087383,0.4335337,0.34789854,0.27080357,0.36486953,0.39485928,0.34846586
7.81,-0.12980413,-0.41067356,-0.2805743,0.2700197,0.075859666,-0.34543422,0.43682703,0.3476029,0.2721455,0.36937124,0.39731798,0.3473454
7.82,-0.13024744,-0.41008666,-0.2793158,0.2700287,0.07500554,-0.34449172,0.43185356,0.34146592,0.27282843,0.3726333,0.40531072,0.3491756
7.83,-0.12397257,-0.40678513,-0.28232637,0.2651725,0.07966567,-0.34435,0.43280455,0.34181264,0.27510303,0.37334886,0.40189835,0.3509318
7.84,-0.12956683,-0.41490388,-0.2851038,0.27185994,0.07827962,-0.34979272,0.42781717,0.3415787,0.27713254,0.3771392,0.4034194,0.35343808
7.85,-0.12199858,-0.40193734,-0.27946326,0.26165923,0.07936626,-0.34050694,0.41589427,0.33843416,0.2729489,0.37430757,0.40882465,0.35292026
7.86,-0.12983312,-0.41030657,-0.27995473,0.26978856,0.075616606,-0.34494892,0.42477927,0.3371905,0.27328518,0.37502018,0.4082137,0.35409608
7.87,-0.12929888,-0.41464064,-0.28489992,0.271753,0.07834233,-0.34953797,0.4266544,0.3380724,0.27549884,0.37696457,0.410298,0.35433516
7.88,-0.13033769,-0.41598576,-0.28504062,0.27307633,0.07773604,-0.350212,0.42074654,0.33595845,0.27138814,0.37595272,0.40235066,0.34751567
7.89,-0.12795319,-0.42180705,-0.29347318,0.2744936,0.083321996,-0.3573012,0.42147824,0.33770043,0.27916256,0.38015515,0.411351,0.35130754
7.9,-0.13497306,-0.4286368,-0.2930369,0.28154102,0.07947622,-0.36055094,0.41252008,0.33069456,0.27505824,0.37605,0.4068308,0.34632537
7.91,-0.13375431,-0.42211553,-0.28790087,0.2776191,0.07772876,-0.3547436,0.41633525,0.3351151,0.2785808,0.37484813,0.40408838,0.34471458
7.92,-0.1310593,-0.42375112,-0.292204,0.27710563,0.080991656,-0.35754496,0.41689065,0.33598432,0.27757788,0.3763658,0.4093884,0.3484149
7.93,-0.12590952,-0.4174839,-0.29100856,0.271421,0.083005875,-0.35391775,0.4121122,0.33306104,0.27268428,0.3722112,0.40433165,0.34168157
7.94,-0.12899145,-0.419778,-0.29012868,0.2741374,0.08100977,-0.35467792,0.4215387,0.33565575,0.27316982,0.37497556,0.40824178,0.34371012
7.95,-0.12864256,-0.41438773,-0.28520384,0.27122244,0.07872115,-0.34945557,0.4174478,0.3393062,0.2782574,0.37766662,0.41197175,0.34779376
7.96,-0.107963234,-0.36217785,-0.2536869,0.23481354,0.07336362,-0.30758116,0.45672938,0.37111455,0.3055852,0.40258506,0.43090817,0.3593032
7.97,-0.11048111,-0.37380835,-0.2629873,0.24186544,0.076724604,-0.31809956,0.44880164,0.37875068,0.30903724,0.40605524,0.43306512,0.36458042
7.98,-0.07692403,-0.35292217,-0.27568316,0.21469434,0.09968956,-0.3140091,0.42805213,0.3797391,0.32381704,0.42471686,0.454518,0.38437486
7.99,-0.06113889,-0.3356544,-0.27413303,0.19825909,0.106952116,-0.30477446,0.40183198,0.3643901,0.3158348,0.42888582,0.46526393,0.39274484
8.0,-0.05907101,-0.36129126,-0.3018106,0.20993744,0.12187217,-0.33140057,0.37988776,0.34664002,0.29969418,0.41060516,0.44927645,0.3844135
8.01,-0.069536924,-0.38426486,-0.31410939,0.2267234,0.12271243,-0.34898722,0.3825411,0.33763,0.29217622,0.40787703,0.44652855,0.37835196
8.02,-0.08855279,-0.40372762,-0.31466526,0.24593325,0.11362562,-0.35903743,0.3935474,0.33635136,0.28608242,0.39689013,0.43222928,0.3684961
8.03,-0.12677771,-0.4292155,-0.3019165,0.27769843,0.08818389,-0.36534956,0.40850052,0.32826284,0.27072412,0.37356484,0.41065967,0.34228045
8.04,-0.1384618,-0.45256913,-0.31351745,0.29535794,0.08810964,-0.38291577,0.39780998,0.31596518,0.25482628,0.35752764,0.39280847,0.32333714
8.05,-0.14186914,-0.45860028,-0.3161873,0.29996794,0.08759506,-0.38715973,0.39895567,0.31283608,0.25349453,0.35859385,0.39933738,0.32387948
8.06,-0.14723717,-0.45093578,-0.3032352,0.2989028,0.078460395,-0.3768584,0.39909488,0.3219351,0.25942674,0.35675657,0.39208987,0.31776235
8.07,-0.13098104,-0.43847188,-0.30694532,0.28455573,0.08839684,-0.37247232,0.4031049,0.31926563,0.26742634,0.37862396,0.4138665,0.33894244
8.08,-0.07336865,-0.41553706,-0.34154573,0.2442008,0.13448174,-0.37833908,0.30528262,0.25821427,0.27157468,0.41492358,0.47523835,0.3975846
8.09,0.2862473,-0.26766455,-0.55369925,-0.009688114,0.42024782,-0.410463,0.040629562,0.06263184,0.42397785,0.8145731,0.9680917,0.79038155
8.1,0.5460358,-0.06467904,-0.6107901,-0.24093296,0.5787105,-0.3375029,-0.5035914,-0.9360812,-0.08249275,0.7759706,1.1781048,1.1131355
8.11,-0.05196753,-0.5389528,-0.48643714,0.29516336,0.21735573,-0.51243824,-0.26577204,-1.1931425,-0.90004677,-0.26234135,0.15269321,0.39021492
8.12,-0.24023394,-0.6194953,-0.37876365,0.42965335,0.069830224,-0.4988576,0.081934035,-0.45174173,-0.5230795,-0.20631948,0.05089867,0.1819794
8.13,-0.19766639,-0.53997356,-0.34192994,0.36861107,0.07255871,-0.44062445,0.353883,0.20379521,0.08441503,0.19199525,0.24215962,0.22579709
8.14,-0.18647486,-0.46980268,-0.28295967,0.3278788,0.048747633,-0.3761567,0.4999031,0.44304445,0.30960226,0.36945495,0.3519566,0.28325588
8.15,-0.1929929,-0.47550985,-0.28199655,0.3338875,0.045012668,-0.3785722,0.50557655,0.47080475,0.35810423,0.40585336,0.36127153,0.2789
8.16,-0.19929086,-0.47331572,-0.27361962,0.3361412,0.037614144,-0.37329096,0.52579737,0.49257353,0.3765901,0.41881865,0.36252597,0.27275386
8.17,-0.19449863,-0.4639592,-0.26906058,0.32892203,0.037732728,-0.3662689,0.5218823,0.50336933,0.39490142,0.433041,0.3739166,0.2783243
8.18,-0.19691235,-0.45156032,-0.25407526,0.3239422,0.029133642,-0.35248902,0.5334769,0.51516414,0.3992365,0.43835628,0.37378666,0.27220252
8.19,-0.20332742,-0.44952512,-0.24561279,0.3262058,0.021688407,-0.3473074,0.5397192,0.52128834,0.4086437,0.45042336,0.3761643,0.27408436
8.2,-0.20881525,-0.4459615,-0.23661236,0.3271945,0.014473828,-0.34107614,0.55105096,0.53107136,0.4163114,0.45944777,0.37967512,0.27756426
8.21,-0.20527586,-0.44355503,-0.23790352,0.32422855,0.016779877,-0.34044227,0.5529996,0.5361814,0.42457214,0.4678443,0.382697,0.28204393
8.22,-0.20967606,-0.43488702,-0.22493286,0.321968,0.0081364205,-0.3297484,0.55026877,0.5384786,0.43146068,0.4778291,0.386301,0.2828618
8.23,-0.20584282,-0.43071732,-0.22431087,0.3180206,0.009759436,-0.32733312,0.55257195,0.5452043,0.4378715,0.48359114,0.38961986,0.28706536
8.24,-0.20210281,-0.41639188,-0.21383935,0.30895868,0.0063737067,-0.31487975,0.55587304,0.5542497,0.447076,0.49602944,0.40031302,0.29360622
8.25,-0.18898822,-0.39983833,-0.21026243,0.2941348,0.011163169,-0.304937,0.55565906,0.5625766,0.45651162,0.5111007,0.4147474,0.30581808
8.26,-0.19055651,-0.39675847,-0.20564671,0.29335207,0.008005172,-0.3009601,0.5515321,0.5657175,0.4627702,0.51462907,0.41870245,0.30964515
8.27,-0.18679923,-0.38140464,-0.19411717,0.28381696,0.004206865,-0.2874731,0.54310924,0.5629731,0.46213967,0.5189,0.42177895,0.3179847
8.28,-0.1806974,-0.36208564,-0.18088226,0.27118292,0.0006307821,-0.27131253,0.53276664,0.55741346,0.46406662,0.5236763,0.42900544,0.32949853
8.29,-0.16337234,-0.34697407,-0.18314485,0.2548219,0.010415274,-0.26481608,0.5246478,0.5472961,0.4577987,0.52068865,0.43565542,0.34092298
8.3,-0.15645738,-0.33401233,-0.17708915,0.2450895,0.010800753,-0.25544184,0.51176345,0.52691436,0.43967012,0.5101338,0.44031763,0.35081932
8.31,-0.15862003,-0.3321183,-0.17315635,0.2451216,0.007795092,-0.25241026,0.49275258,0.4950071,0.41162878,0.49116936,0.4349931,0.35961556
8.32,-0.13398142,-0.31295314,-0.17844766,0.223238,0.022724414,-0.24542221,0.4710203,0.45894694,0.37541014,0.46891367,0.43652716,0.3764698
8.33,-0.13216318,-0.31630763,-0.18381175,0.22395192,0.026329024,-0.24971522,0.44451025,0.41116455,0.33371532,0.43529895,0.42953423,0.38839957
8.34,-0.11437663,-0.30492458,-0.19024207,0.20937401,0.038410354,-0.24725431,0.41329053,0.35753256,0.28556266,0.4020966,0.4230472,0.3950685
8.35,-0.10860003,-0.30661812,-0.19742002,0.20730412,0.04484408,-0.25170955,0.3942593,0.32040662,0.2539944,0.37917182,0.42042336,0.3979665
8.36,-0.105294116,-0.32149142,-0.2156462,0.21311295,0.055734508,-0.26832303,0.38596562,0.3056126,0.23986045,0.3633608,0.40754625,0.38645393
8.37,-0.104868785,-0.34579238,-0.24054489,0.22515301,0.06834595,-0.29294798,0.39586103,0.31208652,0.24551415,0.36317858,0.4004921,0.37319678
8.38,-0.10403885,-0.36185867,-0.25736943,0.23263001,0.07721124,-0.3094861,0.4058289,0.32192793,0.25678617,0.36600977,0.3920296,0.35965058
8.39,-0.12104532,-0.38697997,-0.2653696,0.2537159,0.07258098,-0.32601118,0.4104454,0.33016133,0.26598057,0.36581734,0.38363144,0.34476683
8.4,-0.12694365,-0.40360284,-0.27620003,0.26502666,0.07522797,-0.33961818,0.41867524,0.3410094,0.27682078,0.36861545,0.37853068,0.33549318
8.41,-0.12836394,-0.40170586,-0.2727244,0.26469833,0.07266636,-0.3369013,0.4240497,0.34860757,0.28250694,0.37136942,0.37506613,0.32608595
8.42,-0.13035053,-0.40032357,-0.2693122,0.2652152,0.06992993,-0.3346836,0.43241945,0.35682914,0.28875852,0.3752551,0.3749239,0.32322562
8.43,-0.13363537,-0.40945026,-0.27542475,0.27120703,0.07139528,-0.34220523,0.43226618,0.35777906,0.2885124,0.37180352,0.37049425,0.3181104
8.44,-0.14077488,-0.40659863,-0.2655211,0.2733586,0.06283315,-0.3357701,0.43606067,0.36052635,0.2879854,0.37097642,0.36855277,0.31773308
8.45,-0.14584304,-0.41008306,-0.26390424,0.2776523,0.059521455,-0.33675733,0.43605676,0.35781252,0.28389078,0.36767218,0.36591506,0.3142766
8.46,-0.15208353,-0.4111411,-0.2585489,0.28133762,0.0537567,-0.3346559,0.4405362,0.3594491,0.2825881,0.36704892,0.36326534,0.31397858
8.47,-0.14545597,-0.40101218,-0.25498435,0.27311224,0.055210616,-0.32772782,0.4421999,0.3601812,0.278928,0.36782992,0.35892984,0.3147901
8.48,-0.15679935,-0.40689954,-0.24951787,0.28160003,0.046826717,-0.3278696,0.44108096,0.35692754,0.2744451,0.36582243,0.35618836,0.31106618
8.49,-0.14962202,-0.40427145,-0.2541952,0.27665773,0.05283319,-0.32894632,0.43980163,0.35389426,0.27481118,0.36274925,0.35459578,0.31451985
8.5,-0.14922649,-0.3999984,-0.25045857,0.27444634,0.051151987,-0.32496288,0.4399837,0.3511939,0.27401862,0.3650201,0.35404983,0.31033206
8.51,-0.15472429,-0.4030253,-0.24783543,0.27864158,0.04704247,-0.3251194,0.43945312,0.34828708,0.27334157,0.36710122,0.35385546,0.31192195
8.52,-0.1581878,-0.4036633,-0.24499789,0.2806748,0.043905456,-0.3241123,0.4365977,0.34161726,0.26948535,0.365446,0.35533786,0.3124769
8.53,-0.15783535,-0.41326344,-0.2550058,0.28536698,0.04909483,-0.33391252,0.42582053,0.3369957,0.26810557,0.36466014,0.35311472,0.3127255
8.54,-0.15604055,-0.40620512,-0.24975727,0.28090036,0.047437053,-0.32783934,0.4270082,0.3343182,0.26545933,0.36234057,0.349911,0.30901012
8.55,-0.15186128,-0.4100573,-0.25762907,0.28075504,0.053278286,-0.3336145,0.4244931,0.33302388,0.26446524,0.3615181,0.34881312,0.3104349
8.56,-0.14127909,-0.40519404,-0.26344243,0.27304524,0.061582528,-0.33405688,0.42340675,0.33134568,0.2657346,0.36167866,0.34545127,0.30906078
8.57,-0.13873298,-0.39969888,-0.26040056,0.26911223,0.061270535,-0.32982183,0.42478245,0.3324691,0.2672228,0.36340576,0.3461976,0.30994308
8.58,-0.15301935,-0.42341107,-0.2697675,0.2879545,0.05887994,-0.3463082,0.41949335,0.32691228,0.25959164,0.35810253,0.33876997,0.30449256
8.59,-0.14762394,-0.4149723,-0.26682448,0.2809271,0.06015372,-0.34053323,0.42001042,0.32963163,0.26204628,0.35974762,0.33945453,0.3063586
8.6,-0.14240055,-0.41248876,-0.269507,0.2771025,0.0640534,-0.3407523,0.41969898,0.32841364,0.26093698,0.35862535,0.3363175,0.3051996
8.61,-0.14052342,-0.4112807,-0.27028725,0.2756614,0.06535253,-0.34053728,0.41746065,0.32811067,0.26028967,0.355309,0.33106163,0.30042136
8.62,-0.14660743,-0.42102027,-0.27364305,0.28357875,0.06403201,-0.34710497,0.41356856,0.3275383,0.25883844,0.35451537,0.33033654,0.29985332
8.63,-0.14552183,-0.41862988,-0.27247095,0.281776,0.06399608,-0.345339,0.41854084,0.32977843,0.25937378,0.35429406,0.32877418,0.29571465
8.64,-0.13389316,-0.41520324,-0.28074127,0.27428642,0.07385814,-0.34766465,0.41639206,0.32968715,0.2575646,0.35497946,0.3291182,0.29744878
8.65,-0.14900865,-0.41982207,-0.27039343,0.28419867,0.06113456,-0.34485558,0.41160712,0.32816708,0.26357254,0.35657075,0.3276497,0.29740712
8.66,-0.12942411,-0.37401155,-0.24407017,0.25148368,0.057713218,-0.30877888,0.4441978,0.35719997,0.28953508,0.37751865,0.34856388,0.31378335
8.67,-0.13053317,-0.37052637,-0.239608,0.2503203,0.055137016,-0.30483365,0.46108374,0.37278107,0.30020815,0.3841286,0.3525818,0.31697115
8.68,-0.103732616,-0.3730792,-0.26879978,0.23813474,0.083122216,-0.3207411,0.42684412,0.36629486,0.30190518,0.39163074,0.3580884,0.32577273
8.69,-0.08275209,-0.3490264,-0.2657214,0.21561392,0.09194072,-0.30720177,0.40005422,0.3544489,0.30207866,0.40169722,0.3711917,0.34441832
8.7,-0.06848298,-0.36342537,-0.29450753,0.21580361,0.11360101,-0.3286749,0.3843061,0.34574,0.29333222,0.3926491,0.36243838,0.33723545
8.71,-0.0773447,-0.38647327,-0.30862254,0.2315443,0.11619749,-0.34732413,0.38348335,0.3362921,0.28543004,0.3826747,0.3546141,0.33046594
8.72,-0.08843976,-0.4020846,-0.31316444,0.24499261,0.112971984,-0.35747162,0.3883545,0.33146763,0.27922317,0.3754624,0.34441382,0.32321557
8.73,-0.12871557,-0.42639863,-0.29707584,0.27734447,0.08457081,-0.361429,0.4047582,0.32759997,0.26423943,0.35680145,0.32224095,0.29808128
8.74,-0.15075871,-0.44849652,-0.2971658,0.29938346,0.07365325,-0.37258956,0.3990048,0.31462002,0.24422759,0.33606306,0.30046862,0.27969083
8.75,-0.14631376,-0.45666176,-0.3097387,0.30135453,0.08217309,-0.38296053,0.40446523,0.31617385,0.24510816,0.33373225,0.2958008,0.2767002
8.76,-0.15335922,-0.44921747,-0.29526645,0.30098578,0.071468525,-0.37187412,0.39947522,0.3106717,0.24444844,0.33629215,0.3005201,0.2796258
8.77,-0.15739869,-0.4564349,-0.2986901,0.30663764,0.071096815,-0.3772434,0.4138082,0.32194808,0.25359634,0.33423802,0.29524183,0.26978403
8.78,-0.11144852,-0.4020273,-0.29007953,0.2564247,0.089901134,-0.34585035,0.33185607,0.2700768,0.25627238,0.37154177,0.35390687,0.32716435
8.79,0.14470395,-0.34294674,-0.4873172,0.098800436,0.31617776,-0.41490692,0.122797936,0.18470305,0.46987972,0.70454544,0.6896641,0.5649601
8.8,0.6457319,0.0072935023,-0.63841087,-0.32666174,0.64222336,-0.3151398,-0.60527897,-0.67873734,0.43106633,1.1632633,1.3192939,1.155929
8.81,0.17626595,-0.3577327,-0.53373027,0.09043931,0.35514814,-0.44541773,-0.6070528,-1.3667864,-0.6647241,0.07172644,0.42825574,0.6423166
8.82,-0.2113936,-0.6808578,-0.46895438,0.44588146,0.1293088,-0.5746099,-0.0650453,-0.687871,-0.7036482,-0.33451387,-0.08963074,0.14943354
8.83,-0.17457983,-0.5410569,-0.36605126,0.35759246,0.09619433,-0.45319378,0.31332883,0.1625213,0.049745172,0.16527016,0.17257123,0.22040837
8.84,-0.20345297,-0.4879422,-0.28405988,0.34546912,0.040749814,-0.3857676,0.5042851,0.42633253,0.2737023,0.30856735,0.22923261,0.22322668
8.85,-0.19348459,-0.4699157,-0.27604106,0.33143577,0.041914843,-0.3729111,0.5070316,0.46981093,0.3541598,0.37692544,0.26977825,0.24024835
8.86,-0.2118728,-0.48633435,-0.274015,0.3489225,0.031424504,-0.3799903,0.5333715,0.49662465,0.36772615,0.37498164,0.25482112,0.21987559
8.87,-0.20181544,-0.47591725,-0.2735937,0.33853564,0.03651985,-0.37447307,0.5299478,0.510795,0.39429694,0.40546823,0.27470034,0.22999918
8.88,-0.20047885,-0.4724603,-0.27176186,0.33619508,0.03615567,-0.37194648,0.53883165,0.5178683,0.3972876,0.4069637,0.26952332,0.22612046
8.89,-0.19649294,-0.46241477,-0.2653923,0.32922232,0.035016846,-0.36362192,0.54468006,0.52745616,0.40919343,0.42231116,0.2795721,0.2301988
8.9,-0.21299969,-0.4626923,-0.24919347,0.33742782,0.018659966,-0.35574356,0.5513308,0.53303623,0.41641742,0.4290381,0.2781872,0.22728507
8.91,-0.21126848,-0.45910573,-0.24726398,0.33478737,0.01847846,-0.35289013,0.5588853,0.54769003,0.42954051,0.44331726,0.2856887,0.23106466
8.92,-0.2061592,-0.4454467,-0.2387748,0.32546973,0.01677304,-0.34177348,0.56635183,0.55882174,0.44048515,0.45815444,0.29404846,0.23403083
8.93,-0.21191625,-0.450699,-0.23830724,0.33102795,0.01366121,-0.34423128,0.5685792,0.57052803,0.45391747,0.47233418,0.3023072,0.23926157
8.94,-0.21206306,-0.43622023,-0.22358498,0.32378867,0.0062882155,-0.32954842,0.56968236,0.58186847,0.4646579,0.48616275,0.30863997,0.24464478
8.95,-0.19829637,-0.41615197,-0.21726279,0.30699724,0.010005417,-0.31645846,0.5735659,0.5930666,0.47827452,0.50232357,0.3216007,0.2536426
8.96,-0.19880456,-0.41445705,-0.21520728,0.30620024,0.008748431,-0.31462172,0.57237285,0.60288006,0.4880369,0.51900953,0.3381898,0.26538435
8.97,-0.18459104,-0.3872962,-0.20228069,0.28567442,0.009395908,-0.2945566,0.567357,0.6111981,0.5007214,0.5302982,0.35099062,0.276569
8.98,-0.18699285,-0.37350562,-0.18606643,0.28005505,1.5470656e-05,-0.27951875,0.56138855,0.614628,0.5096416,0.53673285,0.36427128,0.29242593
8.99,-0.17152797,-0.35150558,-0.17943767,0.2612816,0.004422104,-0.2651861,0.55843514,0.61721146,0.51089257,0.5433514,0.3747342,0.30866382
9.0,-0.16050008,-0.33327892,-0.17231847,0.2467274,0.0063686073,-0.25258148,0.5465894,0.606186,0.50255823,0.5454037,0.38253266,0.32146534
9.01,-0.15362392,-0.32283708,-0.16869721,0.23789762,0.008010475,-0.24543905,0.5336091,0.5879635,0.48518312,0.53341615,0.38634422,0.33490282
9.02,-0.14287373,-0.3120341,-0.16878559,0.22721031,0.013461247,-0.2401492,0.5172141,0.5594724,0.4592099,0.51259255,0.3895127,0.3498533
9.03,-0.1330838,-0.3088597,-0.17538843,0.22077093,0.021726405,-0.24190383,0.49222857,0.51864433,0.42113957,0.48497862,0.38404566,0.3599633
9.04,-0.11891682,-0.29709238,-0.17758812,0.20773388,0.029803999,-0.23702973,0.47296947,0.477573,0.3822839,0.4582175,0.38236478,0.37269738
9.05,-0.10334021,-0.3080354,-0.20420586,0.20552604,0.050917536,-0.25589788,0.44604403,0.43601406,0.34780216,0.43270698,0.37585866,0.37678882
9.06,-0.0991452,-0.32898638,-0.2291359,0.21373673,0.06542874,-0.27879557,0.4301896,0.40689397,0.32645714,0.41279858,0.36674666,0.36894172
9.07,-0.09867855,-0.3518307,-0.2528388,0.22512645,0.07753835,-0.30220583,0.42714623,0.3892329,0.31363815,0.4002067,0.35446694,0.35428476
9.08,-0.10919209,-0.37718368,-0.2674728,0.24303165,0.07964492,-0.32213318,0.42066815,0.3754989,0.3062766,0.39070407,0.3431756,0.33760166
9.09,-0.1053172,-0.3994286,-0.29354712,0.25202906,0.09461075,-0.34625918,0.4183788,0.37029916,0.30275527,0.384966,0.33142412,0.32422253
9.1,-0.11712713,-0.41148695,-0.29383743,0.26398924,0.08894182,-0.35248896,0.41219348,0.36418822,0.29580048,0.3756761,0.31711143,0.30875
9.11,-0.11925653,-0.41697073,-0.2972583,0.26787764,0.08949441,-0.3568751,0.41514045,0.3631706,0.3001008,0.37627944,0.32156828,0.30622184
9.12,-0.11742822,-0.4214336,-0.3035704,0.2690316,0.09361067,-0.3622482,0.41661146,0.36057568,0.29858178,0.3739322,0.31438988,0.2980354
9.13,-0.13129534,-0.4336711,-0.30172548,0.28226283,0.08587581,-0.3674461,0.41799903,0.36242208,0.30020258,0.37576666,0.3134457,0.2967587
9.14,-0.13462682,-0.4325914,-0.29742444,0.2832062,0.081895754,-0.36462453,0.42125246,0.36384332,0.29795942,0.37396494,0.31260583,0.29413158
9.15,-0.1334306,-0.44334742,-0.3097263,0.2882457,0.088694975,-0.37644765,0.42245334,0.36503464,0.29739714,0.3740457,0.3155334,0.29486096
9.16,-0.12900226,-0.43234277,-0.3027746,0.2804185,0.08735238,-0.36737636,0.42013016,0.36377275,0.29643795,0.37283644,0.31277248,0.29487872
9.17,-0.1306655,-0.43399066,-0.30268446,0.28208095,0.086545594,-0.36803582,0.42593962,0.3624214,0.29367474,0.37094483,0.31045538,0.29486778
9.18,-0.14312235,-0.43778425,-0.29410443,0.2903353,0.07597603,-0.36568704,0.42451066,0.35946092,0.28790578,0.36960688,0.30953765,0.29693273
9.19,-0.13930848,-0.4266956,-0.286812,0.2826564,0.07422139,-0.35641858,0.42943,0.35491598,0.28287253,0.36544624,0.30745652,0.2938247
9.2,-0.1371531,-0.42008746,-0.28242242,0.27832273,0.073124655,-0.35097915,0.4278222,0.35599896,0.28653422,0.36613706,0.31322286,0.29870328
9.21,-0.1452257,-0.42750663,-0.28177795,0.28612077,0.06873372,-0.3545282,0.42435142,0.35044527,0.28111818,0.36615458,0.31271455,0.3009986
9.22,-0.14760962,-0.42592725,-0.27767563,0.28654048,0.06556731,-0.35151583,0.42711076,0.34868035,0.27929047,0.36630955,0.31235468,0.30064586
9.23,-0.14533508,-0.4271241,-0.28101817,0.28601295,0.06822965,-0.35381788,0.4267416,0.34938633,0.28382984,0.37219882,0.3213209,0.30669624
9.24,-0.13974252,-0.4242179,-0.28370997,0.2818049,0.072472125,-0.35370183,0.4221806,0.34837335,0.28193682,0.37353358,0.32167652,0.30846623
9.25,-0.13658845,-0.4224705,-0.28533706,0.2792727,0.07481367,-0.35368806,0.42165184,0.34876445,0.2858998,0.37518072,0.32428852,0.31241918
9.26,-0.13194613,-0.42742032,-0.29496083,0.2793195,0.08199985,-0.36078298,0.41812778,0.34675592,0.28685203,0.3751296,0.3233626,0.31439224
9.27,-0.1387317,-0.43115875,-0.29185656,0.2848555,0.07704822,-0.36122638,0.41007984,0.34041417,0.2812525,0.36928415,0.31727228,0.30915904
9.28,-0.13812314,-0.43313724,-0.29439792,0.2852791,0.078619026,-0.3634133,0.41228276,0.34162202,0.28006855,0.368602,0.31512958,0.3078338
9.29,-0.12450225,-0.43417615,-0.309243,0.27911338,0.09278162,-0.37144163,0.4094541,0.34289753,0.28183168,0.37071624,0.31597498,0.30839473
9.3,-0.13201924,-0.44026908,-0.30778593,0.28598338,0.088422924,-0.37381586,0.40590337,0.3400372,0.2779795,0.36786103,0.31372824,0.3054026
9.31,-0.124632865,-0.4365017,-0.31144515,0.28034118,0.094000794,-0.37383088,0.40574917,0.34103838,0.2769683,0.36503175,0.312171,0.30429143
9.32,-0.12000903,-0.43305463,-0.31270042,0.27623782,0.09683648,-0.3725539,0.4054037,0.339997,0.27875432,0.3662092,0.31096262,0.3029293
9.33,-0.11369082,-0.4319049,-0.31771973,0.27258548,0.10240465,-0.3745702,0.4125345,0.34254402,0.28444827,0.37018803,0.31488147,0.30927685
9.34,-0.12987596,-0.44526574,-0.31494698,0.28748426,0.09304692,-0.3800409,0.4074699,0.33926842,0.2791726,0.36740154,0.31400764,0.30706415
9.35,-0.11926252,-0.42668355,-0.30699444,0.2727208,0.094389565,-0.3666984,0.4079374,0.344905,0.27986476,0.3729456,0.32005584,0.3114124
9.36,-0.097011715,-0.38262355,-0.28514278,0.2396529,0.09454456,-0.333705,0.44272405,0.37660745,0.31181055,0.40092912,0.34581897,0.3364492
9.37,-0.104619384,-0.388255,-0.28319547,0.24619557,0.0896984,-0.33546424,0.45014408,0.388958,0.31758353,0.40269527,0.3416039,0.32913625
9.38,-0.07776079,-0.3819301,-0.30364633,0.22959714,0.113383286,-0.34260064,0.41471013,0.38473758,0.32307583,0.4131392,0.3557031,0.34243765
9.39,-0.04957829,-0.35445425,-0.3044769,0.2018271,0.12790199,-0.32927373,0.39167336,0.37552226,0.33194256,0.4243132,0.37307134,0.36472622
9.4,-0.048625052,-0.37415862,-0.3251311,0.21102798,0.13885936,-0.3494449,0.37334868,0.35745004,0.31257832,0.40527502,0.3588418,0.3507192
9.41,-0.054790687,-0.3964599,-0.34111258,0.22533324,0.14362149,-0.3685731,0.37740368,0.3501826,0.30682626,0.4054253,0.35732302,0.35008863
9.42,-0.074584596,-0.41925868,-0.3442641,0.24675007,0.13525164,-0.38149172,0.37622505,0.33868548,0.29552203,0.3889828,0.34291184,0.33657315
9.43,-0.12343374,-0.44632223,-0.32249686,0.28460586,0.100005634,-0.38415986,0.39460465,0.33469167,0.27794495,0.3686246,0.32191932,0.31232318
9.44,-0.13756803,-0.46322194,-0.3252716,0.3001865,0.0943536,-0.3939613,0.39396185,0.32030255,0.25990108,0.3480874,0.3022999,0.29527652
9.45,-0.13161813,-0.4634606,-0.3313926,0.29723862,0.10036916,-0.39726844,0.3959955,0.32332122,0.26168627,0.34845698,0.2984571,0.28863668
9.46,-0.13441768,-0.46230462,-0.32731098,0.29818836,0.0969429,-0.3945921,0.39035103,0.32435915,0.2642508,0.35001293,0.30552688,0.2962617
9.47,-0.13849816,-0.46425876,-0.32525542,0.30112436,0.093808465,-0.39445958,0.40932116,0.3381522,0.27453375,0.3579108,0.307376,0.29370677
9.48,-0.0813864,-0.4119365,-0.33006912,0.24639188,0.12472957,-0.37080362,0.31979257,0.27617836,0.267132,0.39323583,0.36876118,0.35354936
9.49,0.20154595,-0.35286042,-0.55405396,0.07532023,0.37782112,-0.45314127,0.085660845,0.1605504,0.48311952,0.7445703,0.73630804,0.6149958
9.5,0.66564375,-0.025412204,-0.6910564,-0.32022917,0.67855793,-0.35795647,-0.6031764,-0.76748925,0.3083757,1.0506144,1.2466222,1.1410093
9.51,0.119561344,-0.44299358,-0.5620292,0.1614226,0.34091234,-0.5024153,-0.53826195,-1.3796808,-0.7772708,-0.07119894,0.28592074,0.54626834
9.52,-0.20907956,-0.6766575,-0.46705285,0.44260842,0.12944293,-0.57154185,-0.0289301,-0.61582816,-0.6312259,-0.27114594,-0.06552085,0.15439631
9.53,-0.16159576,-0.53893673,-0.3768997,0.34996355,0.10818877,-0.45764303,0.33464447,0.2020393,0.09980294,0.19681104,0.18806091,0.23349176
9.54,-0.18434758,-0.49368033,-0.30877075,0.3388231,0.062693596,-0.40098274,0.49808437,0.44087976,0.30509034,0.33309487,0.24887514,0.24033324
9.55,-0.1790397,-0.480116,-0.3005466,0.3293435,0.061271343,-0.3901767,0.50020665,0.48300758,0.37322557,0.39148664,0.2824729,0.2588385
9.56,-0.19059697,-0.4831389,-0.29193303,0.33666572,0.051142596,-0.38742068,0.52342576,0.5107844,0.391249,0.39489493,0.27335757,0.24867424
9.57,-0.19205686,-0.4884528,-0.29588634,0.33998471,0.05241444,-0.3917792,0.52070844,0.5231823,0.41636765,0.41903657,0.28943527,0.25468484
9.58,-0.19136406,-0.47557387,-0.2836423,0.33330637,0.046512704,-0.3792711,0.5332315,0.5313485,0.41955188,0.4263406,0.28707895,0.25107744
9.59,-0.18998529,-0.47056624,-0.28001946,0.33015493,0.045375194,-0.37510648,0.52865595,0.5351308,0.42720145,0.43767717,0.29437745,0.25296035
9.6,-0.19257511,-0.4633644,-0.27032122,0.3277436,0.03943853,-0.36660108,0.5425102,0.545199,0.43665335,0.44575122,0.3023106,0.25303224
9.61,-0.19781138,-0.46149296,-0.26318976,0.32924858,0.03323198,-0.36204657,0.54645866,0.5564071,0.4469901,0.45622355,0.30610782,0.25376004
9.62,-0.19644259,-0.45758766,-0.2605285,0.32662916,0.032560833,-0.35867646,0.5548401,0.5675464,0.4596328,0.468649,0.3114776,0.25952515
9.63,-0.18712838,-0.44674706,-0.25917706,0.31678286,0.036501102,-0.35273108,0.5581528,0.5778095,0.47350526,0.4876191,0.32296717,0.27090588
9.64,-0.18209101,-0.42792428,-0.24520768,0.30472365,0.032194868,-0.33634993,0.5625028,0.5896751,0.48901966,0.50458586,0.33660948,0.27526188
9.65,-0.18677737,-0.44128028,-0.2539208,0.31382334,0.033982545,-0.34740704,0.5566645,0.59959656,0.50088376,0.5199401,0.3480543,0.28963083
9.66,-0.17401507,-0.41770443,-0.24317501,0.29566136,0.034993853,-0.3301853,0.5568042,0.6102574,0.5128249,0.5369739,0.3633565,0.3062919
9.67,-0.17062669,-0.40726137,-0.2361715,0.28879955,0.033311535,-0.3215922,0.5568779,0.61505306,0.522092,0.5470472,0.3803855,0.31671524
9.68,-0.15611276,-0.3844847,-0.22777674,0.27010357,0.036310785,-0.30598944,0.5466455,0.61734086,0.5262893,0.5545439,0.3946634,0.32924277
9.69,-0.15905686,-0.37478113,-0.21528855,0.266676,0.028503157,-0.29470846,0.53483963,0.6107013,0.5240242,0.5552783,0.4044368,0.3422808
9.7,-0.14889379,-0.36315936,-0.2135073,0.25583237,0.032727744,-0.28809237,0.52891695,0.60228354,0.5162943,0.55249625,0.41085073,0.35745624
9.71,-0.13290347,-0.34215784,-0.20876023,0.23727646,0.03843369,-0.2752391,0.5111991,0.58358014,0.49564794,0.5412693,0.41782945,0.3712651
9.72,-0.12572566,-0.33391413,-0.20761772,0.22971523,0.041285668,-0.27045053,0.48844478,0.5496988,0.4649496,0.5194959,0.4208137,0.38470903
9.73,-0.11152127,-0.32571566,-0.2136206,0.21844399,0.051403504,-0.2693896,0.47026896,0.5128028,0.43102336,0.49236086,0.413711,0.3957509
9.74,-0.09968369,-0.31817442,-0.2178365,0.20862378,0.059552506,-0.26767057,0.4435026,0.46977136,0.38782865,0.46840507,0.4124858,0.4063225
9.75,-0.09405157,-0.33618543,-0.24159087,0.21495983,0.07429117,-0.2886548,0.42142817,0.43081087,0.35050687,0.43964127,0.4043753,0.40607712
9.76,-0.08823253,-0.3426659,-0.25392693,0.21523032,0.083369926,-0.29818818,0.4110905,0.40704218,0.3311213,0.41957778,0.39569998,0.3998278
9.77,-0.083252095,-0.36946312,-0.28566682,0.22615863,0.101608604,-0.32744187,0.41123167,0.39647457,0.3280932,0.41382957,0.39251924,0.39413235
9.78,-0.09287268,-0.3904952,-0.29728037,0.24151585,0.10269928,-0.34374204,0.41190958,0.38872066,0.321688,0.40560085,0.38185936,0.37511268
9.79,-0.10084824,-0.41232988,-0.31108066,0.25639948,0.10560953,-0.36154458,0.40868914,0.3844879,0.32139558,0.40139413,0.3719645,0.3597821
9.8,-0.114058636,-0.43489707,-0.32047436,0.27419472,0.103744395,-0.37735364,0.4094383,0.38281795,0.31926417,0.39763024,0.3595765,0.34526414
9.81,-0.10439707,-0.43532944,-0.33046517,0.26950315,0.113696,-0.3826981,0.4221489,0.3860303,0.3245086,0.40155834,0.35985455,0.34027055
9.82,-0.12428133,-0.4501433,-0.3252057,0.2871156,0.10083382,-0.38743556,0.4155657,0.38455915,0.3230279,0.40062717,0.35942882,0.33643264
9.83,-0.124623954,-0.447251,-0.322055,0.2857439,0.099113464,-0.38443825,0.4115007,0.38658494,0.3253064,0.3974238,0.35403946,0.33008423
9.84,-0.12990879,-0.45066908,-0.32023874,0.29000363,0.09567505,-0.38513547,0.41960397,0.3891738,0.3257985,0.399876,0.35647655,0.33221272
9.85,-0.12761356,-0.44534323,-0.31709608,0.2863878,0.09517976,-0.3809844,0.42048612,0.3884582,0.322192,0.39700502,0.35617423,0.3313819
9.86,-0.13299894,-0.4466851,-0.3133876,0.28966776,0.090632826,-0.37983152,0.4256507,0.3866215,0.32165733,0.3975115,0.35874143,0.33728635
9.87,-0.1279093,-0.4380245,-0.30935258,0.28272283,0.09110841,-0.37337914,0.4223852,0.38449943,0.32050696,0.39716747,0.35951003,0.3300165
9.88,-0.13818488,-0.43587235,-0.29733908,0.28670502,0.08004354,-0.3662765,0.42889935,0.38394877,0.31863183,0.39490795,0.35798755,0.33129904
9.89,-0.14262205,-0.4384685,-0.29546013,0.29033223,0.0768169,-0.3667333,0.42673188,0.38208112,0.31655747,0.3947466,0.36106378,0.33341065
9.9,-0.1416609,-0.42819643,-0.28596875,0.28456238,0.07264443,-0.3567251,0.42191344,0.37925878,0.3166512,0.39387798,0.36345303,0.33683524
9.91,-0.14059842,-0.43077162,-0.28973785,0.28545776,0.07510603,-0.36006224,0.42764366,0.38177663,0.31974444,0.39815176,0.37123024,0.3412085
9.92,-0.14156903,-0.43346545,-0.29150596,0.28730235,0.07541281,-0.3621907,0.42763066,0.3774692,0.31678787,0.399775,0.37153712,0.33823383
9.93,-0.13951883,-0.43680823,-0.29693466,0.28796506,0.07915647,-0.36675632,0.41432425,0.3707376,0.31491202,0.3997939,0.37419212,0.34575984
9.94,-0.13353837,-0.42901602,-0.29493594,0.2810352,0.081295654,-0.36175442,0.4172901,0.37584543,0.31602412,0.4012353,0.3788649,0.34677863
9.95,-0.13284779,-0.43316856,-0.29978687,0.2827829,0.083945036,-0.36629105,0.4149142,0.3725587,0.31636223,0.4031708,0.381403,0.3506587
9.96,-0.13693619,-0.43897614,-0.30159786,0.28772202,0.08277294,-0.3701234,0.41175652,0.36908,0.31139794,0.39788383,0.37640235,0.34425104
9.97,-0.12531577,-0.43112203,-0.3054092,0.27792487,0.090427876,-0.3679382,0.41011003,0.36779773,0.3130665,0.39751834,0.377347,0.34064624
9.98,-0.12790294,-0.44047442,-0.31229594,0.2839755,0.09267292,-0.37615478,0.41391063,0.36685213,0.3160084,0.39872658,0.3788116,0.34437683
9.99,-0.12731461,-0.44185114,-0.3138422,0.28440785,0.09382144,-0.37758303,0.4058141,0.36503372,0.31166932,0.39639056,0.37952355,0.34627718
