time,I,II,III,aVR,aVL,aVF,V1,V2,V3,V4,V5,V6
0.0,0.13655752,0.1998316,0.063259535,-0.16825204,0.03702919,0.13128483,-0.080359794,0.072951436,0.03776703,0.046811312,0.10470937,-0.013528157
0.01,0.14234997,0.20098552,0.058627654,-0.17157389,0.04207129,0.12959407,-0.0774232,0.0886753,0.045208823,0.04682325,0.10290669,-0.013973523
0.02,0.14688274,0.20390403,0.05718676,-0.1753627,0.045105886,0.1302993,-0.08507378,0.09264516,0.051663075,0.049319632,0.10780638,-0.011224884
0.03,0.15135227,0.20295206,0.051522978,-0.17715937,0.05007325,0.12701769,-0.08357423,0.1049558,0.059672184,0.052247424,0.10595489,-0.015665041
0.04,0.14822404,0.20561396,0.05734856,-0.17679265,0.045571256,0.1312168,-0.087611146,0.114865795,0.06676499,0.050294854,0.106375426,-0.012045399
0.05,0.15330085,0.2056661,0.052280366,-0.17937015,0.050642855,0.1287523,-0.08257954,0.13093083,0.08141907,0.056283705,0.10317095,-0.015497508
0.06,0.1607722,0.20820926,0.04730679,-0.18438001,0.057054214,0.12749968,-0.0821801,0.14882681,0.094693914,0.062077913,0.10052273,-0.014322262
0.07,0.1704313,0.21367274,0.043117765,-0.19204193,0.06395871,0.12813228,-0.08143804,0.16971767,0.11547837,0.07159048,0.105194904,-0.015581667
0.08,0.17952436,0.21594214,0.036375422,-0.19783592,0.071777016,0.12588601,-0.07845314,0.19787292,0.14539313,0.08822964,0.1050818,-0.011321842
0.09,0.19233012,0.21505937,0.022784788,-0.20358191,0.0849293,0.11862296,-0.08225625,0.22698462,0.1727612,0.09934713,0.106638126,-0.008485202
0.1,0.20514497,0.21566679,0.010469683,-0.21053006,0.09756924,0.112830915,-0.08428173,0.2567543,0.20347892,0.11345203,0.10890588,-0.010224695
0.11,0.22759043,0.21888939,-0.008679183,-0.22324179,0.118499145,0.10491491,-0.08311043,0.29492655,0.24545354,0.1311437,0.106375836,-0.011048323
0.12,0.25274095,0.21882851,-0.033908833,-0.23579295,0.14360362,0.09216128,-0.08393197,0.34272143,0.2902519,0.1444708,0.10763259,-0.015194072
0.13,0.27621543,0.21722242,-0.058924243,-0.2467852,0.16791295,0.07892072,-0.08933582,0.39385408,0.3374266,0.16215153,0.10851326,-0.012009228
0.14,0.31066215,0.21812265,-0.092655495,-0.26443243,0.20196615,0.062506326,-0.09705377,0.44664538,0.38932502,0.17719997,0.103530616,-0.014358616
0.15,0.35141537,0.22140175,-0.12997214,-0.28647512,0.24103314,0.04548044,-0.10278473,0.5013682,0.44221678,0.19378015,0.103181265,-0.019534644
0.16,0.39205724,0.22038934,-0.17150305,-0.30620715,0.2819998,0.024341965,-0.10405781,0.55852187,0.4983123,0.21784106,0.100507036,-0.024505462
0.17,0.4165852,0.2184175,-0.19812617,-0.3176141,0.30767205,0.009923406,-0.10704188,0.60222423,0.53782386,0.22619396,0.08863437,-0.033295617
0.18,0.4434145,0.22301483,-0.22036135,-0.3331846,0.3321171,0.0011219246,-0.100418,0.6444517,0.57334214,0.23688892,0.08285738,-0.03513934
0.19,0.451855,0.22784652,-0.22398867,-0.3399929,0.33821288,0.0017173656,-0.08894908,0.6650549,0.59031606,0.24894668,0.08467685,-0.03686166
0.2,0.4355467,0.23261598,-0.20273376,-0.33405644,0.31936806,0.0147067085,-0.072836645,0.64913934,0.5708164,0.2407806,0.08298486,-0.035135657
0.21,0.39811704,0.25090513,-0.14720805,-0.32451406,0.27290088,0.05158047,-0.056570858,0.59088576,0.5126756,0.23289762,0.09436972,-0.028524201
0.22,0.33425033,0.25533956,-0.079041526,-0.294838,0.20693085,0.087840304,-0.045172725,0.49480826,0.4259539,0.21533005,0.11193703,-0.01236861
0.23,0.2704771,0.25848272,-0.012000233,-0.26451772,0.14151987,0.1230314,-0.038179666,0.39140025,0.32812697,0.18182564,0.11886318,-0.00086174003
0.24,0.22426511,0.26358426,0.039375026,-0.24394235,0.092642434,0.15125747,-0.042952545,0.28945962,0.23203735,0.14474937,0.110898726,-0.0050486373
0.25,0.18539236,0.250524,0.06502806,-0.21786155,0.060353577,0.15746933,-0.055152822,0.20757268,0.15997976,0.113719456,0.10565728,-0.007832183
0.26,0.1646314,0.24513516,0.08046466,-0.2048137,0.04237201,0.16247047,-0.06341909,0.1541834,0.1099582,0.089287885,0.09840842,-0.012746399
0.27,0.14892943,0.23784146,0.08901154,-0.19329822,0.03014878,0.16327086,-0.06515784,0.12276073,0.07590225,0.07030198,0.092296384,-0.01786773
0.28,0.13880785,0.23568736,0.09686674,-0.18738562,0.021255512,0.16609553,-0.06573219,0.108435,0.0654353,0.06718893,0.092306636,-0.019138776
0.29,0.13787869,0.23317358,0.095234774,-0.1855607,0.021651097,0.16392471,-0.06824061,0.10699859,0.061938595,0.06431593,0.08790376,-0.018484691
0.3,0.13693921,0.23361918,0.09677729,-0.18533975,0.02031746,0.16494621,-0.06937682,0.10964239,0.062428147,0.066101655,0.08619832,-0.016738608
0.31,0.1427266,0.23772101,0.0950132,-0.1902409,0.024139399,0.16596878,-0.069727145,0.114399604,0.06920643,0.068800464,0.096248776,-0.0128123
0.32,0.1378678,0.23770145,0.09970414,-0.18782777,0.019338632,0.16838217,-0.06573889,0.12031727,0.078748554,0.07288948,0.096955046,-0.011378794
0.33,0.14420374,0.2415004,0.09730834,-0.19277784,0.023725426,0.16903323,-0.06933714,0.12080184,0.082113646,0.077508375,0.095745966,-0.0132182315
0.34,0.144632,0.250813,0.10631989,-0.19764383,0.019383226,0.17823774,-0.07157392,0.1208124,0.08173302,0.074688144,0.09660433,-0.012307097
0.35,0.1483713,0.25279498,0.104519665,-0.20052525,0.022173138,0.17833503,-0.07424316,0.11777849,0.08438709,0.08572674,0.09971186,-0.011287788
0.36,0.14803375,0.25415134,0.106244944,-0.20111467,0.021070557,0.17993663,-0.0789718,0.10990608,0.079232655,0.07938407,0.100424185,-0.014018991
0.37,0.15037945,0.2571448,0.10699026,-0.20377405,0.02195015,0.18179595,-0.07800543,0.10316339,0.07914853,0.08404303,0.10804039,-0.0054998347
0.38,0.15044498,0.25734124,0.10698819,-0.20386961,0.02195216,0.18196447,-0.087450825,0.09218487,0.06989854,0.08058923,0.10437288,-0.005632386
0.39,0.14676215,0.2611582,0.11455242,-0.20407195,0.01636025,0.18761244,-0.09176934,0.08124569,0.06197439,0.077027254,0.10372959,-0.0069029406
0.4,0.1502315,0.26049528,0.11050504,-0.20536453,0.020200204,0.1852963,-0.09613902,0.06780061,0.046295565,0.07167253,0.1060906,-0.0015587352
0.41,0.14123745,0.25474897,0.1135781,-0.19802703,0.01412942,0.1839113,-0.09368693,0.05953115,0.04438402,0.06835834,0.10140525,-0.0077038067
0.42,0.14135906,0.25343677,0.11222955,-0.1974514,0.014829076,0.18262044,-0.10070373,0.044029575,0.027742654,0.054232277,0.095957085,-0.00936952
0.43,0.13795611,0.24997431,0.11183653,-0.19399615,0.013284117,0.1806418,-0.10476326,0.030788863,0.01687981,0.047933385,0.09358948,-0.008187286
0.44,0.1320288,0.24508776,0.11294655,-0.18852203,0.009772146,0.17871456,-0.10926314,0.017747752,0.0070452415,0.045786783,0.08830421,-0.0152884405
0.45,0.13403201,0.24842176,0.11420417,-0.19118343,0.010166774,0.1810566,-0.11407055,0.010410301,0.00075829215,0.04258399,0.08717833,-0.01943202
0.46,0.1311186,0.2444971,0.11327451,-0.18774238,0.009097363,0.17851532,-0.112128735,0.004680277,-0.0059969304,0.029169753,0.08730615,-0.01348397
0.47,0.12235522,0.23479009,0.11257904,-0.17852838,0.0051247864,0.17348984,-0.1158232,0.0014836064,-0.012561751,0.03209898,0.08299478,-0.017372826
0.48,0.12591824,0.23839387,0.11249078,-0.18201129,0.0069011035,0.17514367,-0.11494524,0.00045105515,-0.01221223,0.034734324,0.07939009,-0.023149619
0.49,0.11968075,0.23552746,0.11590934,-0.17768598,0.0021333878,0.17546941,-0.109432556,-0.0011070452,-0.013945319,0.031726334,0.08133768,-0.020380504
0.5,0.11654901,0.23311104,0.11655112,-0.17489071,0.0003749402,0.17451902,-0.11269688,-0.003979766,-0.018360004,0.029183155,0.078806445,-0.020312037
0.51,0.11944994,0.23871394,0.11934838,-0.17903899,0.0002532741,0.17879929,-0.11608229,-0.0059970585,-0.019498691,0.028967284,0.080862366,-0.021699656
0.52,0.12097152,0.24175827,0.12064097,-0.18125561,0.0004263601,0.18082663,-0.1182688,-0.007638759,-0.019975996,0.028494524,0.07988921,-0.02234738
0.53,0.11437458,0.23274629,0.11825541,-0.17365071,-0.0016743382,0.17541023,-0.11611758,-0.0071685333,-0.021560999,0.024495168,0.068672754,-0.030284762
0.54,0.116908185,0.23078376,0.11391208,-0.17385866,0.0018271595,0.17214075,-0.11960435,-0.0042203474,-0.019915834,0.025259089,0.067832746,-0.029108519
0.55,0.120877035,0.23695634,0.116176546,-0.17887121,0.002572056,0.17627461,-0.11880947,-0.006014507,-0.019940473,0.028083805,0.07686262,-0.024737272
0.56,0.11796902,0.23238395,0.11439623,-0.17511986,0.0019807902,0.17314008,-0.12067265,-0.008508331,-0.025647657,0.022945963,0.0768211,-0.026384873
0.57,0.11681846,0.23643224,0.119634405,-0.1765817,-0.0012533935,0.17777582,-0.12269896,-0.009939282,-0.024536893,0.018939871,0.067493826,-0.026995951
0.58,0.11029958,0.23315309,0.122890785,-0.17165451,-0.006047349,0.17782077,-0.119963065,-0.010221616,-0.024979003,0.022751324,0.06950835,-0.027280943
0.59,0.11660975,0.23463349,0.117987126,-0.17571019,-0.00035088934,0.17584123,-0.12275419,-0.010119786,-0.024547996,0.024458043,0.069454916,-0.029921534
0.6,0.11290287,0.23680235,0.12403759,-0.1748782,-0.0053764787,0.18020174,-0.12146258,-0.012831747,-0.027461244,0.02273967,0.07111683,-0.027424747
0.61,0.11481519,0.2371992,0.12225889,-0.1760207,-0.0033811433,0.17950754,-0.1232618,-0.012926626,-0.027200568,0.020437364,0.06719662,-0.029233357
0.62,0.111077465,0.23301023,0.121843144,-0.1719344,-0.0050640265,0.17711815,-0.124536075,-0.012315172,-0.026470415,0.021291325,0.06433033,-0.030275669
0.63,0.110587284,0.23668154,0.12616523,-0.17371488,-0.0075310213,0.1811874,-0.1262261,-0.017943483,-0.03338969,0.017243715,0.06319283,-0.035739277
0.64,0.10713258,0.2360213,0.12894109,-0.17161539,-0.0107971765,0.18223909,-0.12763043,-0.01877951,-0.03401215,0.017405698,0.060283486,-0.039801303
0.65,0.10516592,0.23704197,0.13195509,-0.17107944,-0.013207329,0.1841898,-0.12649533,-0.018227208,-0.032055654,0.01513659,0.059743643,-0.039360244
0.66,0.11375786,0.24826281,0.13426697,-0.18099503,-0.0099543985,0.19094701,-0.12078633,-0.009829915,-0.019564329,0.026329432,0.07400269,-0.030575762
0.67,0.11070008,0.2639177,0.15312336,-0.18732335,-0.021013932,0.20841607,-0.097272925,0.009018049,-0.0065661944,0.037331432,0.08015357,-0.020775719
0.68,0.11784222,0.28491226,0.1672308,-0.20128839,-0.02445668,0.22577801,-0.07920121,0.0225664,0.0027385019,0.044437215,0.08125714,-0.016559878
0.69,0.12538739,0.29610646,0.1709373,-0.21072578,-0.022531833,0.23335359,-0.0782168,0.030364012,0.008599179,0.04974182,0.08619553,-0.013769853
0.7,0.13258901,0.32589456,0.19335464,-0.22934975,-0.030071666,0.2593943,-0.07623729,0.038603988,0.02249933,0.07380162,0.11014071,0.009938382
0.71,0.16742206,0.36617932,0.19873124,-0.26671508,-0.015424004,0.28233996,-0.10604675,0.046134707,0.040140383,0.08780853,0.12379884,0.026650984
0.72,0.16210473,0.34876046,0.18686059,-0.25541002,-0.012151179,0.26761013,-0.12539735,0.02076742,0.019347528,0.07075125,0.1102571,0.011290763
0.73,0.15682758,0.3298405,0.17292936,-0.24338302,-0.007797049,0.25119963,-0.14039555,0.010532739,0.012998804,0.06400048,0.10883737,0.009065939
0.74,0.14818706,0.31501165,0.16682604,-0.231537,-0.008969124,0.24061507,-0.14739846,0.01018886,0.016480738,0.06895903,0.10787832,0.006951709
0.75,0.11911517,0.2701016,0.15111305,-0.19447128,-0.015791956,0.21031347,-0.14465702,-0.008537208,-0.0073800874,0.042834606,0.07992528,-0.019646855
0.76,0.112234786,0.24461135,0.13230295,-0.17854741,-0.009774534,0.18822399,-0.14400505,-0.023184605,-0.024525741,0.025243346,0.06426006,-0.028796408
0.77,0.10631192,0.23003541,0.12395523,-0.1681189,-0.008655289,0.1767044,-0.14594309,-0.031489737,-0.04095941,0.004791776,0.046859574,-0.045644894
0.78,0.103257135,0.23229167,0.1290982,-0.16775967,-0.012756197,0.18065636,-0.14752871,-0.03968314,-0.04484294,0.003191425,0.046868823,-0.04488504
0.79,0.101272255,0.226487,0.12514412,-0.16394173,-0.011633093,0.17566745,-0.13952707,-0.024923824,-0.03602451,0.009384941,0.03825357,-0.045807708
0.8,0.098485835,0.23045462,0.13211247,-0.16466354,-0.016594296,0.1811334,-0.15164052,-0.04870612,-0.04693153,0.01023086,0.042736176,-0.048184592
0.81,0.085732624,0.23454042,0.14888144,-0.16019489,-0.031290017,0.191548,-0.08482244,0.07189538,0.010046481,0.023491098,0.026276961,-0.07151049
0.82,0.11856583,0.17236535,0.053863153,-0.14535715,0.032553263,0.11292228,0.07087369,0.31975847,0.1453044,0.034906767,-0.05555413,-0.1624639
0.83,0.34283295,0.032428738,-0.31043163,-0.18774064,0.32693207,-0.1391116,0.09484191,0.5763712,0.43675014,0.13592146,-0.08103878,-0.20546581
0.84,0.69549614,0.37664178,-0.31933755,-0.5363138,0.5078998,0.02838558,-0.19069313,0.1955684,0.8097291,0.6702229,0.3975622,0.19015658
0.85,0.44967708,0.47793692,0.028192619,-0.46384877,0.21108073,0.2527306,-0.09109587,-0.2856334,0.7924238,0.8176737,0.46787122,0.27754718
0.86,-0.044658706,0.12905811,0.17382126,-0.042113684,-0.10897778,0.15123118,0.06915552,-0.56041986,-0.23051398,-0.013412225,-0.04910046,-0.08544223
0.87,-0.13974524,0.15310892,0.29275158,-0.0066513903,-0.21603964,0.2227069,-0.08250376,-0.62671834,-0.46239126,-0.22225207,-0.09799136,-0.14494127
0.88,-0.04514889,0.094524466,0.139745,-0.024752038,-0.09212086,0.11694036,-0.075840026,-0.26288417,-0.1783914,-0.12668629,-0.09415691,-0.16683695
0.89,0.06966494,0.16633832,0.096627,-0.117912255,-0.013226397,0.13115333,-0.116964765,-0.060644317,-0.053760506,-0.028423844,-0.012111076,-0.09517208
0.9,0.11975239,0.23189512,0.11205444,-0.17591043,0.0041538016,0.17160589,-0.10460506,0.07093068,0.056206383,0.042392563,0.039047662,-0.056370858
0.91,0.121158086,0.23763762,0.11644954,-0.17937882,0.0025873736,0.176852,-0.10847884,0.062948115,0.042123694,0.035405517,0.051594157,-0.049031332
0.92,0.1300914,0.2377265,0.10764244,-0.18370855,0.011435882,0.17244108,-0.10764263,0.08874102,0.07379453,0.049896073,0.049296938,-0.044787146
0.93,0.1326156,0.23760962,0.10502587,-0.18511242,0.014081847,0.17102166,-0.11714266,0.09001249,0.06870266,0.044767946,0.043114748,-0.046821
0.94,0.1393335,0.24579519,0.10638076,-0.19250575,0.016829338,0.17582762,-0.12104909,0.10167832,0.083282396,0.05545477,0.05503684,-0.045209453
0.95,0.1448126,0.24606366,0.101093456,-0.19536692,0.022126716,0.17319386,-0.123223916,0.1112633,0.090964556,0.058068275,0.053771403,-0.04699369
0.96,0.15345348,0.25434774,0.10085218,-0.20401296,0.026575845,0.17734942,-0.11770511,0.12955922,0.10452904,0.061288044,0.05006619,-0.0454062
0.97,0.14932539,0.2484068,0.09895053,-0.19881217,0.025436727,0.1734627,-0.112668864,0.14718695,0.120002456,0.070575565,0.0536743,-0.047466606
0.98,0.1625888,0.24973579,0.08700587,-0.20597543,0.03794405,0.16809365,-0.11572039,0.16655806,0.14048399,0.082578376,0.058265172,-0.042153213
0.99,0.17970945,0.25983012,0.08014526,-0.21985266,0.050026774,0.16989717,-0.11410839,0.18892948,0.16382071,0.094143406,0.059701018,-0.04002558
1.0,0.18435545,0.26176646,0.07767346,-0.22314708,0.05357657,0.16958252,-0.11577909,0.21552046,0.19171996,0.10238085,0.0636945,-0.040806994
1.01,0.19718347,0.2577339,0.060644258,-0.2274043,0.06850636,0.15901378,-0.11874917,0.24604182,0.22135752,0.113897786,0.059821323,-0.0420815
1.02,0.21028554,0.2613572,0.050983634,-0.23585461,0.07998823,0.15593249,-0.12137554,0.2827153,0.25956425,0.12854356,0.05626442,-0.039796323
1.03,0.2408289,0.26932228,0.028618839,-0.25510627,0.10641084,0.14872637,-0.12794232,0.32585365,0.30426285,0.1498237,0.06502749,-0.03574805
1.04,0.26723444,0.2713394,0.004258276,-0.26924634,0.13169906,0.13753599,-0.13285397,0.3775336,0.35465682,0.1680483,0.06805838,-0.03560525
1.05,0.29771844,0.27125573,-0.026384624,-0.28441846,0.16231722,0.12226787,-0.1369545,0.43921268,0.4180612,0.18851112,0.06639092,-0.03948412
1.06,0.33841732,0.27492622,-0.063598186,-0.30655688,0.20125166,0.10547304,-0.14443736,0.49949855,0.47590718,0.20793965,0.061690312,-0.039798684
1.07,0.36927703,0.27087665,-0.09848924,-0.32002822,0.2341418,0.08593286,-0.15055247,0.55747044,0.53494984,0.22619833,0.06352088,-0.04277269
1.08,0.4017752,0.26874435,-0.13297436,-0.3352453,0.2675717,0.06755548,-0.15423992,0.61211777,0.58498925,0.23845439,0.057003092,-0.04805041
1.09,0.4269236,0.2755577,-0.15150046,-0.351124,0.28949714,0.061752807,-0.14986652,0.65863013,0.6248722,0.25220308,0.055913884,-0.047719058
1.1,0.4422016,0.27885854,-0.16331314,-0.36038873,0.30305174,0.057459857,-0.14172447,0.6861527,0.64880913,0.26777735,0.061026316,-0.049986284
1.11,0.43733346,0.28645098,-0.15076914,-0.3619059,0.29440483,0.06749213,-0.123171374,0.6822222,0.6482424,0.27417243,0.06062462,-0.05065761
1.12,0.40545538,0.30559143,-0.099887356,-0.35554403,0.25284052,0.10257142,-0.10446041,0.6299777,0.5938232,0.26399335,0.06579614,-0.040869664
1.13,0.35085157,0.3193796,-0.03142909,-0.33511195,0.19142038,0.14355221,-0.08519589,0.5373148,0.50249255,0.24191871,0.07766177,-0.028828474
1.14,0.2837125,0.3144874,0.030728942,-0.29900458,0.12671942,0.17238012,-0.07869463,0.42211074,0.39004308,0.2047247,0.07875162,-0.025162244
1.15,0.2315936,0.31564233,0.08405126,-0.27363706,0.07394887,0.19953158,-0.08156086,0.31170663,0.28237796,0.16328384,0.0809474,-0.022066139
1.16,0.19399673,0.31039828,0.11623949,-0.25208414,0.039155915,0.21296251,-0.08869941,0.21883278,0.18931071,0.118087806,0.06825174,-0.026534362
1.17,0.15636578,0.30602825,0.14986858,-0.2312221,0.0035272152,0.22765775,-0.09655245,0.15168145,0.12973955,0.09057769,0.059741218,-0.031557076
1.18,0.14673701,0.2872124,0.14073445,-0.21695346,0.0032001028,0.21369763,-0.101407796,0.11641891,0.0952021,0.07959082,0.065563075,-0.02904065
1.19,0.14003098,0.28299487,0.1430907,-0.21142843,-0.0012844045,0.21274972,-0.10505189,0.09340892,0.072057806,0.06001602,0.05384136,-0.03544703
1.2,0.13291442,0.28525147,0.15223658,-0.20914257,-0.009402275,0.21853001,-0.1050438,0.089449,0.06646209,0.055707715,0.049701642,-0.03888273
1.21,0.13379073,0.28596333,0.15209937,-0.20982262,-0.008977932,0.21893197,-0.111324884,0.089416735,0.06320836,0.05641529,0.049939636,-0.038692936
1.22,0.13223961,0.28543618,0.15322073,-0.20874545,-0.010183366,0.21904014,-0.10534732,0.0948633,0.06983529,0.059512086,0.051058885,-0.039380297
1.23,0.1352643,0.28068456,0.14529091,-0.20784445,-0.004734325,0.21269344,-0.1032286,0.10120271,0.074957594,0.067737274,0.054226633,-0.038258936
1.24,0.13413267,0.29489893,0.16082004,-0.21447498,-0.013150967,0.22762546,-0.10170159,0.10481462,0.07745203,0.06910861,0.056912895,-0.035929043
1.25,0.13960665,0.29868737,0.15917379,-0.21921407,-0.009584683,0.22870949,-0.10324078,0.107053705,0.08320604,0.07060281,0.05545483,-0.033947166
1.26,0.1427512,0.30456164,0.16192204,-0.22358878,-0.009428053,0.23303412,-0.10755234,0.10458645,0.0860391,0.074887216,0.06629138,-0.028172316
1.27,0.14267594,0.31024912,0.16758028,-0.2263665,-0.012151985,0.23855087,-0.10844421,0.10370948,0.08405972,0.07079623,0.06607417,-0.028492736
1.28,0.14315917,0.31386286,0.17066081,-0.22852305,-0.013527791,0.2420603,-0.109856434,0.09493428,0.07480743,0.0704258,0.059280273,-0.030635595
1.29,0.14833616,0.31693208,0.16870159,-0.23250963,-0.009954684,0.24249454,-0.11305774,0.08419183,0.06868636,0.07258827,0.06753365,-0.026082665
1.3,0.14498413,0.31590906,0.17092308,-0.23048744,-0.012685066,0.2432993,-0.121025816,0.07339838,0.06165331,0.06916209,0.06946843,-0.025549838
1.31,0.15104066,0.32040566,0.16965929,-0.23576266,-0.009091753,0.2448089,-0.12655964,0.05719628,0.047592007,0.060922153,0.06414266,-0.030933099
1.32,0.14192002,0.3147964,0.17290851,-0.22833553,-0.015280589,0.24359383,-0.13080543,0.043838236,0.03504691,0.053763438,0.060071945,-0.03403413
1.33,0.13753495,0.30904016,0.17149167,-0.22329377,-0.016623342,0.23987077,-0.13378169,0.033531558,0.02631992,0.049299583,0.057653096,-0.03241037
1.34,0.13861844,0.30677822,0.16823198,-0.22272752,-0.014528828,0.23721659,-0.13761897,0.021628724,0.013026225,0.040821984,0.05344223,-0.031332817
1.35,0.13238542,0.30583185,0.17338389,-0.21908028,-0.020288164,0.23941126,-0.13987257,0.010943804,0.0038900697,0.03582661,0.052256867,-0.037716992
1.36,0.12693003,0.30075046,0.17384024,-0.21383919,-0.023214802,0.23711652,-0.14515834,0.0021140028,-0.004273055,0.03106288,0.0516298,-0.03820468
1.37,0.121003166,0.3043522,0.18324131,-0.21268576,-0.030820861,0.24362299,-0.14511871,-0.0056480463,-0.010714654,0.021236625,0.04686092,-0.041079126
1.38,0.123498194,0.29550752,0.17204508,-0.20968299,-0.02405272,0.2336452,-0.14244871,-0.0041827364,-0.009683861,0.02412512,0.042796828,-0.0447865
1.39,0.11700076,0.29433578,0.1773449,-0.20581287,-0.029976923,0.23557748,-0.14634006,-0.009451392,-0.014405576,0.024740027,0.04622912,-0.0452718
1.4,0.11668216,0.3008938,0.18421155,-0.20876968,-0.033542376,0.24240498,-0.14932287,-0.014722919,-0.019838698,0.022390412,0.03995313,-0.049617913
1.41,0.12099836,0.29894698,0.1779888,-0.21008365,-0.028170949,0.23819572,-0.15562417,-0.019659702,-0.024026792,0.016573643,0.04098627,-0.048787046
1.42,0.114074126,0.3014872,0.1875915,-0.20775184,-0.036428373,0.24422619,-0.15008812,-0.015908385,-0.022576611,0.01850232,0.04178074,-0.049388766
1.43,0.114459,0.2917974,0.17743345,-0.20320037,-0.0312978,0.23456147,-0.1503519,-0.015617594,-0.021094976,0.020390293,0.04139156,-0.052497532
1.44,0.114013545,0.29497296,0.1812099,-0.20456904,-0.033320576,0.23789148,-0.15038423,-0.020678883,-0.02686821,0.01385339,0.037195444,-0.054157034
1.45,0.11172259,0.29423875,0.18265754,-0.20304625,-0.03512167,0.23818146,-0.15107514,-0.02180474,-0.03189974,0.004314477,0.03024734,-0.056518354
1.46,0.11189886,0.29534292,0.18351121,-0.20370595,-0.035591975,0.23910515,-0.15649733,-0.026565185,-0.030935748,0.008502739,0.03201773,-0.05357706
1.47,0.10649573,0.2919493,0.18580557,-0.19923805,-0.039490834,0.23864043,-0.15142168,-0.025188172,-0.02885181,0.013796601,0.041039497,-0.04934951
1.48,0.10181679,0.2890969,0.18736044,-0.19550933,-0.042492516,0.23805307,-0.15395415,-0.028839765,-0.03494461,0.009424598,0.03402591,-0.050651547
1.49,0.10674873,0.28956497,0.18296649,-0.19821253,-0.037820544,0.23599854,-0.1584471,-0.029841784,-0.036101144,0.0067460164,0.0271735,-0.056755885
1.5,0.108566046,0.29096526,0.18266745,-0.19974953,-0.03672017,0.23654193,-0.15733539,-0.028358867,-0.035341095,0.008362467,0.035746593,-0.055542942
1.51,0.10582541,0.29225475,0.18672648,-0.19896355,-0.04022228,0.23925065,-0.15604609,-0.032648597,-0.042266965,0.0026267576,0.026556423,-0.057920624
1.52,0.10298616,0.29117784,0.18833621,-0.19706577,-0.042406082,0.23954324,-0.15894847,-0.034262914,-0.040266424,0.002387901,0.028153041,-0.059087027
1.53,0.10549239,0.28957292,0.1840893,-0.19747196,-0.039098088,0.2365871,-0.157008,-0.030317891,-0.037758533,0.0046657864,0.037608504,-0.053686254
1.54,0.1101222,0.31287754,0.20277551,-0.21150829,-0.04612585,0.25761396,-0.14941049,-0.022467345,-0.033623688,0.010444822,0.0390631,-0.055224955
1.55,0.11501791,0.34066755,0.22567774,-0.22789365,-0.054945674,0.2829435,-0.12273359,-1.5244809e-05,-0.014632018,0.028418945,0.049617324,-0.040064182
1.56,0.117641866,0.34763154,0.22979707,-0.2326415,-0.055769004,0.28848213,-0.11306522,0.0072002388,-0.008054422,0.030147241,0.050794113,-0.036877055
1.57,0.12597774,0.37001124,0.2441494,-0.2480416,-0.058832698,0.30688018,-0.110903606,0.012049878,-0.0027972958,0.04012907,0.06249447,-0.033955358
1.58,0.14296299,0.4036748,0.26073134,-0.27332902,-0.05862558,0.33196855,-0.12842934,0.020166604,0.011397409,0.060281288,0.08493111,-0.01461843
1.59,0.16355893,0.4264686,0.2629744,-0.29498336,-0.04953358,0.344562,-0.16095535,0.017425353,0.018848639,0.06919636,0.092949815,-0.0014678845
1.6,0.1509678,0.3948405,0.24392188,-0.27291688,-0.046227805,0.3191806,-0.17093547,-0.011116686,-0.008241732,0.047284458,0.075230464,-0.014909992
1.61,0.15260911,0.38155958,0.22882695,-0.2669952,-0.037887443,0.30498156,-0.17434762,-0.0043229507,0.003570788,0.05174183,0.08056026,-0.010783699
1.62,0.12839048,0.35826457,0.22999997,-0.24326225,-0.05062518,0.29390362,-0.18097432,-0.017572004,-0.01193275,0.037415788,0.07009836,-0.021462163
1.63,0.11185704,0.319146,0.20721689,-0.21548204,-0.047510505,0.26294047,-0.18073489,-0.037268497,-0.036623847,0.014276557,0.044958442,-0.046189
1.64,0.10255366,0.29955423,0.1969871,-0.20103596,-0.04704783,0.24813826,-0.17739564,-0.04692007,-0.0480283,0.00038777382,0.029296415,-0.059539024
1.65,0.09702615,0.28981432,0.19279537,-0.1935104,-0.047601394,0.24106528,-0.1878101,-0.061808825,-0.06145003,-0.015229777,0.017625032,-0.07045467
1.66,0.09550691,0.29061323,0.19493973,-0.19314191,-0.04957864,0.24258883,-0.17790611,-0.052496325,-0.05313741,-0.009481958,0.020634925,-0.07196883
1.67,0.09608745,0.28401786,0.18772537,-0.18998307,-0.04550152,0.2356317,-0.18110861,-0.0556329,-0.054651905,-0.008521755,0.02627703,-0.06856082
1.68,0.07901764,0.28590196,0.20681714,-0.18250062,-0.0635665,0.24608329,-0.16604823,-0.037484992,-0.048181057,-0.011053786,0.017899139,-0.07554434
1.69,0.08643115,0.29959905,0.2131107,-0.19309404,-0.06320114,0.25612321,-0.042277206,0.16767691,0.047701824,0.010933605,-0.026559338,-0.1262923
1.7,0.20096184,0.16005175,-0.04084166,-0.180478,0.12117358,0.05934979,0.09567796,0.47879654,0.27935264,0.054189634,-0.11785392,-0.23407362
1.71,0.5536712,0.2374185,-0.31655115,-0.39581096,0.43556678,-0.03986413,-0.07624848,0.39951476,0.58485633,0.36907652,0.12848605,-0.03958553
1.72,0.63521963,0.64143956,0.0059258305,-0.63846827,0.31503537,0.32353032,-0.2443813,-0.26176047,0.8678792,0.91463375,0.58788615,0.34225702
1.73,0.15898739,0.33796874,0.17888677,-0.24842384,-0.00970712,0.25821257,-0.003008806,-0.53496104,0.23506874,0.37454778,0.16143374,0.06044257
1.74,-0.13230236,0.17023592,0.30238932,-0.019067055,-0.21709728,0.23606478,-0.09371771,-0.77653503,-0.5986314,-0.29690865,-0.15116875,-0.1647436
1.75,-0.08385874,0.1965598,0.2804922,-0.056356248,-0.18192458,0.23831387,-0.14406052,-0.4695566,-0.29965484,-0.18090272,-0.10954141,-0.17575592
1.76,0.022987636,0.19033492,0.16727546,-0.10668426,-0.071893595,0.1785647,-0.14073692,-0.17271942,-0.1502956,-0.11424392,-0.0817006,-0.16188641
1.77,0.114569895,0.29661286,0.18212965,-0.20564005,-0.033493306,0.23917782,-0.15411049,0.0019596869,0.013417451,0.010502494,0.011641711,-0.0823305
1.78,0.11815704,0.29917607,0.18089978,-0.20866597,-0.031089833,0.23978575,-0.14018938,0.040222194,0.02062926,0.013617907,0.018244367,-0.07403579
1.79,0.1275275,0.31020772,0.18256284,-0.21875352,-0.027454106,0.24612358,-0.15035243,0.04938835,0.03634088,0.02204851,0.031204542,-0.0671515
1.8,0.12910497,0.30683577,0.177695,-0.21794946,-0.02412623,0.24206232,-0.15077393,0.060380787,0.03602559,0.022343688,0.030567452,-0.070249036
1.81,0.13834499,0.31646284,0.17799412,-0.22735247,-0.019581633,0.24698617,-0.1574188,0.065467946,0.04717062,0.03013903,0.030395646,-0.0676221
1.82,0.14079985,0.31598136,0.17526062,-0.22831553,-0.016996263,0.24531037,-0.15668103,0.07927298,0.056913912,0.033724215,0.034183517,-0.064869575
1.83,0.14691669,0.31508523,0.16812094,-0.23098451,-0.010497373,0.2414787,-0.15517801,0.09524482,0.06831219,0.040085223,0.035101503,-0.06670172
1.84,0.14870663,0.31637144,0.1678707,-0.23249543,-0.009315472,0.24191941,-0.15401492,0.11147014,0.08212487,0.045609836,0.034864906,-0.06539352
1.85,0.15356798,0.31984338,0.16628326,-0.23673041,-0.0059966664,0.24276018,-0.15336697,0.12732466,0.09963374,0.0514623,0.0374726,-0.0643465
1.86,0.16330834,0.324487,0.16132289,-0.24386771,0.0012250168,0.24268968,-0.15126035,0.1531362,0.12246202,0.06164051,0.041165397,-0.061451398
1.87,0.17009482,0.3267199,0.15680712,-0.24842015,0.0068508973,0.24147159,-0.1512981,0.1778403,0.1495867,0.07411099,0.04179362,-0.059675507
1.88,0.17798094,0.3263221,0.14842902,-0.25224772,0.014959297,0.23716919,-0.15146747,0.21232744,0.18258046,0.09197944,0.04355717,-0.060532745
1.89,0.19725664,0.3297914,0.1326765,-0.2636283,0.032583963,0.23112006,-0.15404272,0.24955864,0.21960106,0.107386746,0.046472017,-0.05974158
1.9,0.21484761,0.33423674,0.11960357,-0.27451468,0.047780268,0.22669339,-0.1525418,0.29318815,0.26254404,0.12501252,0.051368922,-0.058007922
1.91,0.24210185,0.33449563,0.092448525,-0.28828102,0.0750532,0.21325387,-0.15404554,0.34645954,0.31509778,0.14871405,0.04945306,-0.059025787
1.92,0.26910752,0.33376926,0.06461875,-0.3014583,0.10244909,0.19896667,-0.15300944,0.41127834,0.37709582,0.17014897,0.05109291,-0.054448776
1.93,0.3094737,0.3406272,0.031240165,-0.32491866,0.1393157,0.18559249,-0.15632361,0.47876245,0.44184667,0.19254248,0.053726934,-0.055012923
1.94,0.35265675,0.34322575,-0.009624719,-0.34790313,0.18133196,0.16647936,-0.16423725,0.5427611,0.50448585,0.21192357,0.050839957,-0.05961057
1.95,0.39293364,0.34698892,-0.046139535,-0.3698295,0.21977276,0.15005556,-0.16910362,0.60133857,0.56338924,0.23384722,0.05284935,-0.063935935
1.96,0.41996145,0.34772116,-0.07234158,-0.3837392,0.24639358,0.13735127,-0.16193102,0.65228593,0.6100197,0.2496413,0.0455906,-0.06886292
1.97,0.43949184,0.3455784,-0.094031475,-0.39242572,0.26694787,0.1255264,-0.15511784,0.6825115,0.63859797,0.25857484,0.044304505,-0.07108421
1.98,0.44255412,0.3465865,-0.09610454,-0.39452314,0.26956654,0.124873236,-0.14553776,0.6813617,0.6395609,0.26294538,0.050121024,-0.06779263
1.99,0.41880655,0.35409823,-0.06468435,-0.38645265,0.24197192,0.14451762,-0.12516083,0.639197,0.59905434,0.2522595,0.051919974,-0.066254616
2.0,0.3695961,0.37037745,0.0007928194,-0.36992937,0.18456015,0.18535215,-0.10969653,0.54738003,0.50985,0.22828543,0.05655464,-0.057685237
2.01,0.29877654,0.37926087,0.080404684,-0.33897427,0.10937076,0.22955634,-0.10646564,0.42913634,0.39564547,0.18994649,0.06317103,-0.048975747
2.02,0.24362317,0.38339928,0.13955815,-0.3133918,0.052308906,0.26111805,-0.11254323,0.31295076,0.28045395,0.14889927,0.06529987,-0.044097077
2.03,0.19990884,0.37925145,0.17917511,-0.28949726,0.01060956,0.2788596,-0.11838109,0.21300898,0.18427312,0.108836114,0.065695465,-0.038973235
2.04,0.16849323,0.37346962,0.20495167,-0.2709611,-0.017964022,0.28892988,-0.12957874,0.13354962,0.11059333,0.076938465,0.05923083,-0.044035904
2.05,0.14977959,0.36538208,0.21576619,-0.25755256,-0.032653008,0.2902838,-0.1368359,0.08621917,0.063357934,0.052042414,0.050172005,-0.048921518
2.06,0.13981166,0.3563905,0.216636,-0.24823494,-0.038183022,0.28634232,-0.14202744,0.057467863,0.036641285,0.03688124,0.04711466,-0.053543676
2.07,0.13010879,0.34933048,0.21915053,-0.23959807,-0.044268318,0.2840363,-0.14585488,0.0463235,0.02305338,0.02869584,0.04434419,-0.055049192
2.08,0.12660708,0.3447848,0.21819928,-0.23553471,-0.04551721,0.28118536,-0.14647914,0.042201404,0.015559684,0.024152711,0.039323203,-0.0583274
2.09,0.12548335,0.34634814,0.2207425,-0.23585483,-0.047336455,0.28315526,-0.14434496,0.045413926,0.01736485,0.022432012,0.041028272,-0.058993675
2.1,0.12701571,0.35164204,0.22469926,-0.23929596,-0.048611738,0.28790385,-0.14204122,0.052547466,0.020029983,0.02501816,0.046552137,-0.055295277
2.11,0.12956484,0.35562563,0.226037,-0.24253051,-0.047989395,0.29059434,-0.13739005,0.056016386,0.02624632,0.0327438,0.050600894,-0.052515585
2.12,0.1336084,0.36485204,0.23138005,-0.24929039,-0.048645232,0.29794863,-0.13928701,0.061317142,0.034207076,0.038182035,0.054780126,-0.048331033
2.13,0.14048687,0.36993167,0.2294444,-0.25517625,-0.044097427,0.29938957,-0.14152835,0.06296317,0.03630314,0.0401796,0.056555375,-0.04779124
2.14,0.13610177,0.36972204,0.23354934,-0.25295308,-0.048434243,0.3013812,-0.14075148,0.06418397,0.03722912,0.04078329,0.061457027,-0.045795165
2.15,0.13724312,0.3766678,0.23935874,-0.25702763,-0.05075286,0.3076605,-0.14338832,0.05992501,0.03767871,0.044761613,0.06250965,-0.044608068
2.16,0.13954763,0.38067523,0.24088629,-0.25991908,-0.050480995,0.31042558,-0.1453504,0.05524833,0.03853423,0.050909404,0.069644205,-0.03916252
2.17,0.14156455,0.38034812,0.2385458,-0.26090068,-0.04811209,0.30910745,-0.15143938,0.044566046,0.031708136,0.046399485,0.07078088,-0.03977171
2.18,0.14095418,0.38058808,0.2395691,-0.2606975,-0.04908303,0.30977756,-0.15732382,0.035280682,0.022478081,0.041688614,0.06654503,-0.040776975
2.19,0.1393157,0.38011798,0.24061574,-0.25964367,-0.050404154,0.31007984,-0.15984204,0.023057528,0.011285285,0.03829165,0.065920874,-0.04220165
2.2,0.13342157,0.3750797,0.24158317,-0.25429454,-0.05377526,0.30795243,-0.16315202,0.008201142,0.00015576508,0.030938268,0.0638222,-0.046041925
2.21,0.12763077,0.37273335,0.24514966,-0.2501159,-0.058521714,0.30868164,-0.16476151,-0.0025274542,-0.008661928,0.025020467,0.06507347,-0.04532728
2.22,0.12364538,0.36721298,0.24360746,-0.24552456,-0.05966717,0.30523723,-0.17028295,-0.015290972,-0.021269716,0.016955838,0.063382156,-0.044046704
2.23,0.12253112,0.3678051,0.2453587,-0.24520521,-0.061190426,0.306426,-0.17057258,-0.024488075,-0.02837764,0.01248087,0.060536623,-0.046063706
2.24,0.12543882,0.37104616,0.24572054,-0.24810708,-0.059892923,0.3081274,-0.17182066,-0.030878725,-0.037441537,0.0074801208,0.059625756,-0.044782046
2.25,0.11896757,0.36693978,0.24812096,-0.2430185,-0.06433483,0.30738986,-0.17323697,-0.03840972,-0.04508078,0.0022643676,0.05967446,-0.04402137
2.26,0.11612422,0.36636698,0.25024176,-0.24133623,-0.066856764,0.307976,-0.17345913,-0.04393061,-0.049201384,-0.0014058762,0.05822159,-0.04505832
2.27,0.11490755,0.36897457,0.253975,-0.24207625,-0.069135234,0.31115434,-0.17573155,-0.048224855,-0.05303308,-0.004945334,0.05407524,-0.047389496
2.28,0.10963033,0.36616075,0.2565281,-0.23787336,-0.07321988,0.31104878,-0.1764096,-0.050978553,-0.057340253,-0.0071043684,0.052790157,-0.050792716
2.29,0.11111806,0.36304638,0.25201285,-0.23707731,-0.07028773,0.30730227,-0.17795376,-0.055314854,-0.065220356,-0.0107000135,0.049785092,-0.05423206
2.3,0.10721264,0.36131993,0.25430366,-0.23430552,-0.073401,0.30764723,-0.18291807,-0.056306046,-0.064201884,-0.012200389,0.050498575,-0.05288924
2.31,0.101039656,0.36014146,0.2591695,-0.23064724,-0.078866445,0.30948326,-0.18008561,-0.057502102,-0.066878304,-0.013335898,0.049178887,-0.054323718
2.32,0.10036497,0.35927713,0.25882116,-0.23001824,-0.07893389,0.3088959,-0.18120773,-0.06002806,-0.06806316,-0.017026527,0.045407966,-0.056227453
2.33,0.102127686,0.3577484,0.25561506,-0.229941,-0.07654409,0.3064046,-0.18042739,-0.059388075,-0.06705646,-0.016953023,0.047442503,-0.055421125
2.34,0.10175183,0.35669166,0.25496578,-0.22921556,-0.07635909,0.30561247,-0.18228488,-0.059945595,-0.069718525,-0.017963747,0.046915554,-0.055776216
2.35,0.104191855,0.3583525,0.25433043,-0.23115486,-0.07485849,0.30619395,-0.1823285,-0.060312487,-0.071373254,-0.01877885,0.046633355,-0.057425812
2.36,0.10418206,0.35868952,0.25465265,-0.23138283,-0.07506627,0.30644986,-0.18159248,-0.06013647,-0.07311945,-0.018970009,0.046649374,-0.055266116
2.37,0.1023533,0.356469,0.25428578,-0.22945058,-0.07577109,0.30508906,-0.18488204,-0.06579058,-0.075848974,-0.023965199,0.04294235,-0.05593042
2.38,0.09691977,0.35349235,0.2564475,-0.22527415,-0.07960697,0.304775,-0.18391429,-0.06447754,-0.07615708,-0.026039667,0.04283022,-0.05752335
2.39,0.10182765,0.3570177,0.25526005,-0.22948502,-0.07643689,0.30584648,-0.18647073,-0.06680945,-0.0777173,-0.026712514,0.04414645,-0.058095243
2.4,0.10832079,0.36453974,0.25630257,-0.23632856,-0.073867284,0.31005648,-0.18262878,-0.06545161,-0.07487859,-0.024748446,0.04486288,-0.057477005
2.41,0.108660154,0.38511094,0.2764671,-0.24684891,-0.08361037,0.33061877,-0.1641118,-0.051138423,-0.0605429,-0.010066395,0.054652497,-0.049359053
2.42,0.11229257,0.41086528,0.29874927,-0.26155177,-0.09296621,0.35453314,-0.13778265,-0.03065061,-0.043371614,0.007369053,0.06755994,-0.03863723
2.43,0.117374256,0.41524774,0.29770982,-0.2663905,-0.08985545,0.35616425,-0.13414432,-0.02453689,-0.042904936,0.008551756,0.070544735,-0.03493505
2.44,0.11853789,0.43635172,0.31809902,-0.2774929,-0.09954432,0.37704867,-0.13298735,-0.021190047,-0.03689546,0.017472826,0.08284409,-0.023562633
2.45,0.14347963,0.47280684,0.32911974,-0.3081282,-0.092594236,0.4006672,-0.1545384,-0.014658365,-0.0221656,0.035395626,0.10219432,-0.0028509018
2.46,0.16268943,0.48049584,0.3177335,-0.32149255,-0.07731947,0.3987678,-0.18134871,-0.023886293,-0.02318029,0.036975227,0.10586802,-3.3048815e-05
2.47,0.15107334,0.44935113,0.2984129,-0.3001201,-0.07340501,0.3734921,-0.18999739,-0.048391744,-0.04582497,0.015913496,0.09009927,-0.014412865
2.48,0.15489216,0.44447082,0.28946674,-0.29965535,-0.06706053,0.36679983,-0.19898659,-0.039273992,-0.032118518,0.025393227,0.09939189,-0.00765622
2.49,0.1272253,0.40995494,0.28280887,-0.2686375,-0.07745097,0.3461801,-0.20237489,-0.059970144,-0.05647829,-0.0013474572,0.07781798,-0.02901218
2.5,0.10561849,0.37288886,0.2672184,-0.23931831,-0.08063803,0.3198262,-0.19628336,-0.07508615,-0.07686683,-0.02155306,0.05386431,-0.050311804
2.51,0.104135744,0.35882255,0.25486454,-0.2314237,-0.07517025,0.30670705,-0.1982271,-0.08443609,-0.087041974,-0.03414625,0.03932907,-0.06260847
2.52,0.09360724,0.34526834,0.25138882,-0.21948831,-0.078595065,0.29796547,-0.20253794,-0.095125966,-0.09735875,-0.04415941,0.033066753,-0.067041904
2.53,0.09054492,0.34664097,0.25569412,-0.21853608,-0.08233425,0.3008108,-0.19498684,-0.08439196,-0.08720139,-0.039179303,0.036158033,-0.06822504
2.54,0.093417004,0.34085792,0.2472866,-0.21717077,-0.07668468,0.29384658,-0.20234793,-0.096321225,-0.09716913,-0.044462677,0.036122818,-0.068375036
2.55,0.076000065,0.3456881,0.2695244,-0.21088466,-0.09654674,0.30734378,-0.17540261,-0.06391818,-0.07970339,-0.033223856,0.03463499,-0.07122869
2.56,0.06851758,0.35462168,0.28623024,-0.21154262,-0.108617835,0.32016954,-0.049827658,0.12558699,-0.00088772096,-0.01847689,-4.0607498e-05,-0.11239809
2.57,0.18914261,0.22319098,0.03399773,-0.20615378,0.07794105,0.12839678,0.0860444,0.44789174,0.22104853,0.010745883,-0.097786814,-0.22773004
2.58,0.5456691,0.3298509,-0.21605054,-0.43793735,0.3812099,0.056630813,-0.08866245,0.28097263,0.49972537,0.3163341,0.1448812,-0.03353157
2.59,0.6228338,0.72340566,0.1001053,-0.6733728,0.26172614,0.41158023,-0.24348147,-0.42160645,0.7878121,0.84608227,0.5991251,0.3498269
2.6,0.16147345,0.356632,0.19525887,-0.25905338,-0.016585413,0.2757486,-0.05239167,-0.6214938,0.17863144,0.27620605,0.14621557,0.033606615
2.61,-0.119184926,0.1688264,0.28814763,-0.024759622,-0.2034383,0.22826108,-0.18068953,-0.8484621,-0.6468561,-0.3698802,-0.15746161,-0.18268873
2.62,-0.07931161,0.20964904,0.28898957,-0.065129176,-0.18387078,0.24910483,-0.17805967,-0.46284193,-0.315656,-0.21776065,-0.1050955,-0.18079996
2.63,0.035445187,0.24968165,0.21432589,-0.14254132,-0.089150175,0.23170958,-0.16021849,-0.15634985,-0.15077393,-0.120905705,-0.051529374,-0.14164205
2.64,0.111617,0.34491715,0.23353648,-0.22811192,-0.060702126,0.28908494,-0.15568034,0.0019751745,0.0003658,-0.004373436,0.035646766,-0.070031315
2.65,0.107274786,0.33765143,0.23016582,-0.22244217,-0.061189093,0.28363383,-0.14531381,0.014957125,-0.014648681,-0.019377988,0.031198595,-0.07329871
2.66,0.117772624,0.3530178,0.23508479,-0.23530763,-0.05842818,0.29370847,-0.15222006,0.03067677,0.006648475,-0.0039005869,0.044133652,-0.06319036
2.67,0.12056949,0.34813604,0.22766604,-0.23427291,-0.05333077,0.28769183,-0.15092178,0.039141033,0.0040839207,-0.0085795475,0.04068566,-0.06756272
2.68,0.1304935,0.35565165,0.22540574,-0.24303675,-0.047252633,0.2902612,-0.15494056,0.05162677,0.017057884,0.0007358902,0.04821118,-0.061216123
2.69,0.13523966,0.35469142,0.21939076,-0.24499282,-0.041732214,0.28681272,-0.15407375,0.06255785,0.020953123,-0.00016769595,0.046224482,-0.06284403
2.7,0.13989516,0.35763788,0.21765764,-0.2488608,-0.03858035,0.28727326,-0.15482143,0.07532989,0.03235047,0.0057007577,0.048060652,-0.06306125
2.71,0.14375076,0.36086404,0.21731181,-0.2523502,-0.036448956,0.2888391,-0.15289046,0.09004276,0.043938957,0.008946526,0.04942902,-0.06361661
2.72,0.14947353,0.37031737,0.22078666,-0.25978526,-0.035523668,0.29531237,-0.14810616,0.11235241,0.06282776,0.016584016,0.05257982,-0.061383314
2.73,0.15999831,0.37289426,0.21269318,-0.26650274,-0.026005736,0.292578,-0.14750864,0.13733426,0.08333192,0.025559416,0.051168554,-0.060890794
2.74,0.16461481,0.37305313,0.20845847,-0.268739,-0.02171102,0.29052716,-0.1418398,0.17069139,0.11329233,0.04061812,0.05148688,-0.06100272
2.75,0.17973807,0.37812173,0.19814107,-0.27882296,-0.009037744,0.28773692,-0.14013161,0.20661063,0.14756498,0.05493841,0.0526541,-0.06183276
2.76,0.19493462,0.38043892,0.18540056,-0.28763756,0.0051386165,0.2826433,-0.13850288,0.24916562,0.1846077,0.073391214,0.05430341,-0.06177737
2.77,0.2154549,0.3815873,0.16595265,-0.29841796,0.025035387,0.2734638,-0.13458085,0.2977029,0.22702353,0.09049416,0.053513635,-0.061295517
2.78,0.23294935,0.37973353,0.14661264,-0.30625534,0.043494202,0.26279643,-0.13320577,0.3520159,0.27804655,0.10735072,0.052697953,-0.062195133
2.79,0.2609853,0.37938812,0.11821028,-0.320063,0.07162634,0.24849695,-0.13348359,0.4183791,0.33691436,0.1293088,0.0515713,-0.06495852
2.8,0.29777217,0.37788856,0.07998833,-0.3378176,0.109121285,0.22859329,-0.13363452,0.48787856,0.4025308,0.15304019,0.051546376,-0.0675203
2.81,0.3378529,0.37461483,0.036552124,-0.35629416,0.15084024,0.20532571,-0.13510008,0.55484617,0.46528473,0.17301132,0.04723627,-0.071543664
2.82,0.37390232,0.37832147,0.004302878,-0.37606728,0.18504989,0.19100687,-0.13100109,0.6146009,0.52233416,0.19352743,0.043714978,-0.07611779
2.83,0.40447417,0.37498593,-0.029441819,-0.389647,0.21728532,0.17243923,-0.12880407,0.65947884,0.56420845,0.20507678,0.036008444,-0.08525598
2.84,0.4268333,0.3767511,-0.05014788,-0.40180433,0.23879617,0.1629851,-0.12254931,0.6828867,0.5863003,0.2113758,0.031869408,-0.09009429
2.85,0.43097907,0.38004497,-0.051053703,-0.4054853,0.24136333,0.1641403,-0.11211742,0.675856,0.58579755,0.21233976,0.02763139,-0.09239843
2.86,0.40556735,0.38686892,-0.018531993,-0.39629808,0.2122326,0.1839441,-0.10011563,0.624851,0.5412483,0.2002004,0.031000037,-0.087054305
2.87,0.35360685,0.3995866,0.046200443,-0.37662596,0.15386283,0.22261219,-0.09304972,0.5246515,0.45118535,0.17646395,0.045149155,-0.07470762
2.88,0.2920359,0.40996325,0.117964685,-0.3509759,0.0873023,0.26362535,-0.0929657,0.4029653,0.34069666,0.14635785,0.05631899,-0.059257545
2.89,0.23358232,0.40770727,0.17414297,-0.3206313,0.030003164,0.29057118,-0.10241376,0.28400972,0.22801767,0.1061343,0.05834413,-0.05449579
2.9,0.18257259,0.40268493,0.22006772,-0.29254618,-0.01855476,0.31109148,-0.11541308,0.1821799,0.13431457,0.06787301,0.058197957,-0.05380287
2.91,0.1519942,0.39581937,0.24387483,-0.27391148,-0.04572051,0.31966096,-0.12889503,0.10625378,0.06471292,0.036910426,0.05200167,-0.053584754
2.92,0.13317809,0.39100885,0.2579571,-0.26215282,-0.062241647,0.3242377,-0.13585177,0.060887937,0.020751243,0.01898912,0.047886293,-0.05644032
2.93,0.11837584,0.38382536,0.26529044,-0.25104672,-0.07320222,0.32427752,-0.13737486,0.038566407,0.0011342278,0.009039459,0.04536615,-0.057320382
2.94,0.112005524,0.3735343,0.2613818,-0.24272124,-0.07440346,0.31712043,-0.14072162,0.025953673,-0.011199446,0.00058805954,0.042817693,-0.059066255
2.95,0.11259681,0.3733864,0.26059353,-0.24304314,-0.07371575,0.31683585,-0.14057037,0.020106424,-0.019459186,-0.00079986337,0.042848907,-0.06079795
2.96,0.10992052,0.3767228,0.26666266,-0.24317616,-0.07815265,0.32137513,-0.14106539,0.022035861,-0.01821919,-0.0009785799,0.043760046,-0.05970635
2.97,0.11004631,0.37745202,0.26736718,-0.2437092,-0.078493476,0.32226095,-0.14124595,0.02508818,-0.015673235,-0.0019167379,0.043345746,-0.058767665
2.98,0.107378066,0.38118696,0.27373737,-0.24411614,-0.0829966,0.32718235,-0.14288445,0.025318783,-0.015020657,-0.00061988755,0.044189606,-0.05789987
2.99,0.10758698,0.38281876,0.2751971,-0.24510366,-0.0835632,0.32865295,-0.14457722,0.028699895,-0.011359826,0.0054600835,0.046584778,-0.05693312
3.0,0.11469031,0.387748,0.2728841,-0.25137955,-0.0788393,0.3301611,-0.14521873,0.02678323,-0.00936952,0.0070216283,0.051135264,-0.055611506
3.01,0.108489804,0.38683948,0.27869254,-0.24774946,-0.084873475,0.33247045,-0.1452913,0.028130544,-0.004611092,0.01201958,0.057441507,-0.04973494
3.02,0.114127845,0.39676073,0.28271076,-0.25551775,-0.0839335,0.33946046,-0.14902505,0.02501995,-0.0061818846,0.01596578,0.06186702,-0.045160297
3.03,0.11925717,0.39992893,0.28070757,-0.2596406,-0.080541745,0.34007874,-0.15260741,0.018426737,-0.0057184147,0.017402817,0.0625035,-0.04280014
3.04,0.117001496,0.4010159,0.28401813,-0.2591849,-0.08322009,0.3422119,-0.15469256,0.012443316,-0.00687051,0.020172568,0.06427965,-0.04211752
3.05,0.12188076,0.40494812,0.28305253,-0.26341596,-0.08035978,0.34376022,-0.15817668,0.0077427197,-0.0099089295,0.02099124,0.069000676,-0.038810328
3.06,0.118732855,0.40426445,0.28564736,-0.26162037,-0.083112046,0.34464043,-0.15789832,-1.5196154e-05,-0.017192977,0.01973497,0.070573755,-0.038025104
3.07,0.12025953,0.40051824,0.28023243,-0.26051873,-0.07968949,0.3402406,-0.1616937,-0.012667008,-0.026063273,0.012709174,0.066335276,-0.03997967
3.08,0.11880043,0.39836094,0.27975228,-0.25873223,-0.08011692,0.3388778,-0.16481312,-0.024225555,-0.03580942,0.007863079,0.06328607,-0.03981541
3.09,0.11842877,0.39565423,0.27710363,-0.25718108,-0.079034,0.33615288,-0.16880357,-0.034388028,-0.04882827,-0.00023247945,0.057070788,-0.043698277
3.1,0.11062287,0.3913859,0.28095087,-0.25115752,-0.08478751,0.3359042,-0.17076413,-0.043053478,-0.058927223,-0.007635265,0.05484055,-0.047544517
3.11,0.10680066,0.3901142,0.2837308,-0.24854055,-0.088244215,0.33656058,-0.17331198,-0.05299079,-0.0705969,-0.015754241,0.051262725,-0.05286548
3.12,0.10548657,0.38726872,0.28191757,-0.24635799,-0.08803372,0.3343947,-0.17496355,-0.060498077,-0.08026136,-0.018060045,0.05070824,-0.053752463
3.13,0.101861134,0.38096672,0.2791257,-0.24125236,-0.08837596,0.3296242,-0.1750569,-0.06621814,-0.08677285,-0.02418306,0.049953874,-0.053085912
3.14,0.09889702,0.38424554,0.2853351,-0.24154666,-0.092874005,0.3345924,-0.17643623,-0.07180362,-0.092305295,-0.029365806,0.047551274,-0.056685034
3.15,0.10248754,0.3859728,0.28359452,-0.24426053,-0.09035212,0.33449417,-0.1732165,-0.072054885,-0.09282453,-0.027432263,0.050153345,-0.053617228
3.16,0.102989696,0.38544908,0.28251225,-0.24418235,-0.08951054,0.33367613,-0.17337082,-0.07336259,-0.09314046,-0.027828576,0.05216075,-0.05110194
3.17,0.10594651,0.38801202,0.2824055,-0.24697478,-0.087959506,0.3348555,-0.17664368,-0.07602062,-0.09491769,-0.028585223,0.050179496,-0.053976182
3.18,0.09871193,0.3845167,0.2858646,-0.24155995,-0.093314655,0.33489135,-0.17759413,-0.07777276,-0.09662613,-0.032021504,0.04756823,-0.053585365
3.19,0.10018134,0.38214898,0.281997,-0.24107769,-0.09074547,0.33182353,-0.17740498,-0.07958779,-0.09892111,-0.036103223,0.046006776,-0.055805277
3.2,0.09892427,0.3807925,0.28176153,-0.23979034,-0.09127013,0.33102655,-0.1794007,-0.083220325,-0.10249228,-0.041459464,0.044614594,-0.058366742
3.21,0.10015252,0.38308054,0.28283468,-0.24144724,-0.09110023,0.33268866,-0.17624797,-0.080176875,-0.09736173,-0.038235035,0.047644667,-0.056879494
3.22,0.10020591,0.38286355,0.28246307,-0.24152163,-0.0908185,0.33234143,-0.17720154,-0.08106881,-0.09984806,-0.03907035,0.044328377,-0.058187563
3.23,0.097596094,0.3823883,0.28450397,-0.23999225,-0.09306669,0.33312386,-0.18078259,-0.082688406,-0.10287311,-0.04055024,0.042020373,-0.058531344
3.24,0.09837149,0.383363,0.2848852,-0.24074556,-0.09290468,0.333899,-0.17772649,-0.08143985,-0.10220011,-0.039104477,0.04318865,-0.055772148
3.25,0.09703606,0.38025415,0.28312653,-0.23858815,-0.092690445,0.33131647,-0.17797743,-0.08359649,-0.1017668,-0.04053295,0.04318806,-0.056800995
3.26,0.094307706,0.37662423,0.28212535,-0.2354541,-0.093580045,0.32891828,-0.18119341,-0.085839346,-0.10452804,-0.041871656,0.042304873,-0.057478674
3.27,0.092104405,0.37559825,0.28322917,-0.23391986,-0.095144205,0.32910782,-0.1805568,-0.087052874,-0.107568935,-0.045142166,0.040861692,-0.057549655
3.28,0.09922772,0.37736553,0.27825478,-0.23826736,-0.08932319,0.3275596,-0.18071762,-0.08943813,-0.108371355,-0.043923955,0.040415205,-0.057033014
3.29,0.09979718,0.3917029,0.2919004,-0.24576336,-0.09581104,0.34149277,-0.17138384,-0.08003438,-0.09677106,-0.03540645,0.04556388,-0.052376736
3.3,0.10230749,0.42047456,0.31834668,-0.26131684,-0.10777463,0.36910713,-0.14274004,-0.05675338,-0.08101483,-0.01826227,0.060709335,-0.040328134
3.31,0.11167276,0.432002,0.3204538,-0.2719458,-0.10415657,0.37597075,-0.12449142,-0.043652114,-0.0722142,-0.009173824,0.06788224,-0.035476953
3.32,0.11105378,0.44031075,0.32897133,-0.27577764,-0.10871208,0.3844061,-0.124799386,-0.038766466,-0.066109955,-0.004826732,0.07560395,-0.030344747
3.33,0.13326369,0.48379576,0.35065302,-0.30843148,-0.10843472,0.41701856,-0.13322043,-0.031552404,-0.053936888,0.014767786,0.09616647,-0.008847486
3.34,0.16506076,0.5115761,0.3465723,-0.33827838,-0.09057899,0.4288015,-0.16151138,-0.030687476,-0.042215094,0.028694764,0.11170774,0.0064411564
3.35,0.15994512,0.49098176,0.3309796,-0.32537827,-0.08537881,0.41071597,-0.17158794,-0.051858656,-0.059226234,0.0125848,0.098676,-0.0037221261
3.36,0.16046521,0.4718015,0.31138512,-0.31605846,-0.07519066,0.39125013,-0.18725485,-0.059403054,-0.06263007,0.010511231,0.095519565,-0.005708557
3.37,0.14761695,0.45472726,0.3070478,-0.3011637,-0.07940329,0.38061002,-0.1945495,-0.06393814,-0.06895793,0.002519905,0.088852935,-0.0109172175
3.38,0.10987532,0.4109815,0.30101794,-0.26033506,-0.09534155,0.35571232,-0.18851753,-0.08333375,-0.09560902,-0.026471576,0.06312383,-0.03703347
3.39,0.1128929,0.39179942,0.27908558,-0.25236613,-0.082932316,0.33527818,-0.18998846,-0.09511793,-0.107030585,-0.038751505,0.049912486,-0.051058095
3.4,0.10165431,0.37342894,0.27173692,-0.23740408,-0.08483633,0.32221204,-0.19163144,-0.104068734,-0.118605934,-0.054094005,0.036597263,-0.06259942
3.41,0.093590446,0.36947837,0.2758331,-0.23158514,-0.09074166,0.32226875,-0.19222176,-0.11210399,-0.1235314,-0.056544527,0.03394596,-0.065011054
3.42,0.09314288,0.36745283,0.2742837,-0.23027529,-0.09020728,0.32056886,-0.18909538,-0.0981631,-0.114684485,-0.055342145,0.0299805,-0.06757207
3.43,0.093599275,0.36947832,0.27586734,-0.23160887,-0.090791844,0.32236597,-0.19344854,-0.1258287,-0.1277379,-0.055403184,0.034930825,-0.06525824
3.44,0.07223046,0.3857059,0.3133444,-0.22889659,-0.12038681,0.34929913,-0.11856365,0.0077302973,-0.06854436,-0.032193325,0.027808035,-0.078448415
3.45,0.107828565,0.3404969,0.23260748,-0.22403617,-0.062141646,0.2863192,0.028741084,0.24360515,0.0539304,-0.022219373,-0.05050452,-0.16642718
3.46,0.37551698,0.22742209,-0.14807823,-0.30151168,0.26209274,0.039436463,0.037060346,0.47773194,0.3351859,0.07764232,-0.0714557,-0.20399024
3.47,0.7151933,0.6131637,-0.10264617,-0.6644304,0.40940252,0.2549754,-0.2387671,-0.06495007,0.6541452,0.5991706,0.4212952,0.20976551
3.48,0.44237602,0.6277808,0.18531013,-0.5351812,0.12880991,0.4064425,-0.12407192,-0.4621027,0.63488376,0.6647224,0.43213895,0.24420542
3.49,-0.046095382,0.20700972,0.2531007,-0.08048983,-0.149334,0.22977704,-0.0741102,-0.7235325,-0.37964004,-0.18329959,-0.09744552,-0.13456462
3.5,-0.12577336,0.21851727,0.344173,-0.046350766,-0.2346743,0.28113422,-0.19360591,-0.69945806,-0.53215885,-0.31566072,-0.12366143,-0.17532682
3.51,-0.015753146,0.22139306,0.23718636,-0.10297358,-0.12628627,0.22903568,-0.14578132,-0.26909,-0.22345161,-0.1759708,-0.09874584,-0.17923723
3.52,0.09476649,0.3374217,0.24254489,-0.21606474,-0.07364756,0.28964156,-0.161547,-0.07971034,-0.09026738,-0.058729935,0.010014639,-0.08669819
3.53,0.118752584,0.3629373,0.24412014,-0.2409642,-0.06247169,0.3033909,-0.13372038,0.010541459,-0.021316066,-0.01893116,0.03217784,-0.06919659
3.54,0.11956661,0.36935735,0.24988149,-0.24467777,-0.06476612,0.30936173,-0.14845498,-0.002348354,-0.036038015,-0.022363031,0.037566293,-0.062211946
3.55,0.12908728,0.37040526,0.24134542,-0.24975882,-0.055880096,0.30560368,-0.14464885,0.022361437,-0.01815471,-0.014683548,0.038228646,-0.064393364
3.56,0.13429913,0.37438896,0.23992974,-0.25434658,-0.052460834,0.3068025,-0.15006204,0.0245988,-0.01752163,-0.014077916,0.043125287,-0.06055787
3.57,0.14374033,0.37645748,0.23264667,-0.26007178,-0.044077374,0.30418897,-0.14834498,0.036701217,-0.007445813,-0.012201401,0.046415575,-0.060471803
3.58,0.13936952,0.37430155,0.2348415,-0.2568278,-0.047472004,0.30423787,-0.15109299,0.048453875,-0.0012360284,-0.011012042,0.04688578,-0.060077146
3.59,0.14543131,0.37740466,0.23181523,-0.26138574,-0.043012653,0.30435085,-0.15022895,0.06539042,0.010612785,-0.005401912,0.048640177,-0.060218032
3.6,0.15053582,0.38394088,0.23338133,-0.26721755,-0.041195117,0.3083881,-0.1500086,0.08170963,0.022279212,-4.1988435e-05,0.046810646,-0.05923768
3.61,0.16132636,0.38692364,0.2254483,-0.27411926,-0.031789865,0.30599505,-0.1447078,0.10854993,0.043257147,0.009780236,0.048208166,-0.055201802
3.62,0.17046624,0.3914682,0.22131413,-0.281032,-0.025133198,0.30625045,-0.1424309,0.1351806,0.06929594,0.019012192,0.048541844,-0.058258507
3.63,0.17974067,0.39479697,0.21507062,-0.2873192,-0.01740436,0.3046734,-0.14117469,0.16588901,0.09743254,0.033378843,0.046903342,-0.05854318
3.64,0.19535853,0.39584136,0.20062938,-0.2955702,-0.0023896776,0.2980523,-0.13967974,0.20392445,0.13146032,0.050447408,0.04903695,-0.05598823
3.65,0.21230921,0.3990178,0.18670921,-0.30580068,0.01334495,0.29259968,-0.13909543,0.24558514,0.16985554,0.066860214,0.049187146,-0.058791153
3.66,0.2335213,0.3978061,0.16440992,-0.3157977,0.034825996,0.28095123,-0.1369272,0.2924013,0.21145166,0.08177231,0.047020096,-0.06078483
3.67,0.26227525,0.3977641,0.13569324,-0.33001688,0.06363451,0.2664483,-0.13542445,0.3479326,0.2647658,0.101659074,0.050044067,-0.05977208
3.68,0.2924614,0.3954765,0.10292723,-0.3440282,0.09507437,0.24899995,-0.13521992,0.4063906,0.3228262,0.12100273,0.04982623,-0.060817834
3.69,0.33673596,0.39626855,0.05977447,-0.3665603,0.13877973,0.22777458,-0.13740242,0.4678066,0.37921777,0.13931681,0.043525707,-0.06851045
3.7,0.37800562,0.39697742,0.018965015,-0.38760102,0.17975049,0.20782249,-0.13806525,0.5215253,0.43244347,0.15496542,0.039880272,-0.07039317
3.71,0.40836078,0.39289215,-0.015478419,-0.40069,0.21220738,0.18847463,-0.14033303,0.5680588,0.4784096,0.16668053,0.03422618,-0.07559104
3.72,0.4316874,0.3905097,-0.041082453,-0.41114193,0.23670802,0.17443305,-0.13536991,0.6055306,0.51152325,0.17779619,0.02769879,-0.08254665
3.73,0.44749182,0.39372456,-0.05355974,-0.42072517,0.25081995,0.16991088,-0.12496226,0.6221026,0.52574927,0.18099663,0.023689762,-0.084153004
3.74,0.4392234,0.40078005,-0.038432844,-0.41993552,0.23915066,0.1809895,-0.11280373,0.60715884,0.51142853,0.18057887,0.023917472,-0.0834136
3.75,0.4035883,0.41556248,0.011927035,-0.40959248,0.19594961,0.21357584,-0.10274752,0.5392074,0.45046324,0.17008562,0.032095227,-0.07468181
3.76,0.33960366,0.42901844,0.08949877,-0.38443676,0.12530412,0.2591062,-0.097937256,0.4371103,0.35817185,0.14671126,0.044055305,-0.061614804
3.77,0.27661183,0.43200913,0.15549551,-0.35430306,0.060792428,0.2935535,-0.096291475,0.3279348,0.25558856,0.11172261,0.050604135,-0.052625336
3.78,0.22745928,0.43289334,0.2054465,-0.33027592,0.011293933,0.31903404,-0.10350651,0.22461854,0.16092479,0.07852309,0.054876618,-0.04526755
3.79,0.18945861,0.42891952,0.239539,-0.30916977,-0.024882952,0.33403385,-0.11302372,0.13849692,0.083389096,0.048466958,0.052533433,-0.043852042
3.8,0.16086373,0.4194073,0.25860083,-0.29022035,-0.048622195,0.33880427,-0.12123295,0.08138978,0.03124441,0.026003152,0.04799875,-0.0468151
3.81,0.14904554,0.41126564,0.2622335,-0.280114,-0.056361295,0.3364976,-0.12382059,0.050894547,0.0034004366,0.010985378,0.047419123,-0.046548504
3.82,0.14119218,0.4011793,0.26005062,-0.2711787,-0.059274223,0.3303237,-0.124442786,0.034842182,-0.0143149085,0.0023178582,0.045135055,-0.046164155
3.83,0.13693991,0.3949579,0.25807214,-0.26607212,-0.06017523,0.32627258,-0.1258789,0.029020557,-0.019386886,0.0020296155,0.043333754,-0.045761302
3.84,0.13472888,0.3962162,0.2615095,-0.26557803,-0.06304127,0.32854137,-0.12365694,0.030255817,-0.021556292,0.0045751743,0.046186678,-0.046594877
3.85,0.13571443,0.40031892,0.26474488,-0.26797655,-0.06419215,0.3322339,-0.12554953,0.033258233,-0.019181374,0.0047083916,0.046066094,-0.046531137
3.86,0.13859464,0.4013589,0.26272514,-0.27009043,-0.061766572,0.3318515,-0.12812975,0.035501406,-0.018222384,0.0063426103,0.046433203,-0.04598865
3.87,0.13842508,0.40367535,0.26518777,-0.27097976,-0.063146144,0.33407468,-0.12526143,0.0394188,-0.010746223,0.012003821,0.051020063,-0.040847953
3.88,0.1382267,0.40544775,0.26729003,-0.2719923,-0.06404955,0.3360725,-0.1244889,0.03976952,-0.0033913387,0.014955696,0.05419677,-0.040021874
3.89,0.14289331,0.4076827,0.26474017,-0.27515924,-0.06065054,0.33587244,-0.12603758,0.039390683,-0.0021938998,0.01997638,0.056395788,-0.03782649
3.9,0.1470959,0.41388407,0.26687562,-0.28035903,-0.059712652,0.34011865,-0.12830617,0.037518557,0.0017437027,0.026918508,0.062626414,-0.031206971
3.91,0.14314449,0.4150013,0.27195036,-0.27905244,-0.06393373,0.34309468,-0.1336511,0.030833062,-0.0015835587,0.027103867,0.06487953,-0.02979704
3.92,0.14521079,0.416457,0.271275,-0.28082693,-0.062749,0.34351978,-0.13649549,0.02535782,-0.0033986717,0.030826863,0.06719264,-0.028199779
3.93,0.14844993,0.42201927,0.27374652,-0.28526387,-0.062296048,0.34760627,-0.13802855,0.01726591,-0.006206432,0.030327192,0.06815483,-0.02862604
3.94,0.14572735,0.4198909,0.2741946,-0.2827901,-0.063914634,0.34675205,-0.14192101,0.007364595,-0.013096579,0.026960503,0.06677167,-0.029212866
3.95,0.14944763,0.4230399,0.2738762,-0.28622025,-0.06203717,0.34815016,-0.1464335,-0.0035562885,-0.023437265,0.022076316,0.06657717,-0.030910224
3.96,0.14529307,0.42068723,0.27557683,-0.28290218,-0.06494779,0.3477869,-0.15124509,-0.01599179,-0.034953114,0.011594169,0.06285853,-0.032959513
3.97,0.139839,0.41739425,0.27753916,-0.27879432,-0.06851785,0.34720895,-0.15251338,-0.025813092,-0.04294491,0.0058255144,0.062653266,-0.03245738
3.98,0.13876998,0.41335955,0.27465555,-0.27589497,-0.06759097,0.34364268,-0.15547499,-0.03647924,-0.051947076,-5.6638644e-05,0.058101967,-0.034042872
3.99,0.13521604,0.40620795,0.27103606,-0.27071846,-0.06775341,0.33833677,-0.15505184,-0.04317163,-0.062280472,-0.007851008,0.05175246,-0.035616744
4.0,0.13240854,0.40126246,0.26892605,-0.26685688,-0.06797822,0.33482513,-0.15636404,-0.049363848,-0.06976672,-0.011139755,0.05352001,-0.033830017
4.01,0.12862982,0.395779,0.2674279,-0.2621294,-0.06922306,0.3313862,-0.16027924,-0.0554538,-0.07460918,-0.015941558,0.052293453,-0.036448482
4.02,0.1252502,0.39797735,0.2728239,-0.26167944,-0.07363632,0.33519548,-0.16200562,-0.058794342,-0.080882415,-0.020262225,0.051904242,-0.038196467
4.03,0.1269775,0.4015797,0.27466965,-0.26424268,-0.073653646,0.3378894,-0.1631073,-0.061272938,-0.084787905,-0.020810325,0.051464077,-0.039754003
4.04,0.12807436,0.40225458,0.27422896,-0.26514685,-0.07305326,0.33805218,-0.1626198,-0.06193695,-0.08522828,-0.02052325,0.049610857,-0.039800826
4.05,0.12680645,0.39659414,0.26993975,-0.2616538,-0.071360394,0.33301437,-0.16229573,-0.06207814,-0.08680555,-0.023316888,0.048522856,-0.039447993
4.06,0.119999446,0.3932064,0.27315134,-0.2566868,-0.07625607,0.33309713,-0.16058357,-0.06364875,-0.085644044,-0.02371121,0.050185908,-0.03774982
4.07,0.12098452,0.38985893,0.2688005,-0.2554174,-0.073740646,0.32917634,-0.16442141,-0.06488347,-0.08729248,-0.022984598,0.046655957,-0.039007906
4.08,0.12180303,0.39054063,0.26883617,-0.25624672,-0.07342661,0.32963783,-0.16476892,-0.06628747,-0.090215676,-0.022724627,0.044537533,-0.041725587
4.09,0.12253978,0.39192772,0.2694917,-0.25720736,-0.073294915,0.33065018,-0.16399218,-0.06732885,-0.09131491,-0.023922794,0.042386044,-0.043586016
4.1,0.119951405,0.39229435,0.2722849,-0.25611097,-0.075934984,0.33200157,-0.16297099,-0.06946364,-0.09160203,-0.028253905,0.04240789,-0.04204227
4.11,0.1198474,0.3921427,0.27234578,-0.2560601,-0.076056734,0.3321506,-0.16506656,-0.069077805,-0.093327835,-0.029389273,0.04209175,-0.041424967
4.12,0.11696673,0.39110526,0.27408212,-0.2541303,-0.07820593,0.33233273,-0.16760497,-0.06832217,-0.09414414,-0.028001757,0.044258505,-0.040939063
4.13,0.11757248,0.3857842,0.26793787,-0.25162017,-0.074936844,0.3265645,-0.1675192,-0.06844038,-0.09411686,-0.030124467,0.044519335,-0.04191157
4.14,0.1210853,0.38527688,0.26410356,-0.2529731,-0.07132705,0.32432073,-0.16730334,-0.070172735,-0.09501483,-0.030315109,0.04268744,-0.04169485
4.15,0.1158435,0.3809724,0.2648521,-0.24832639,-0.07421986,0.32257572,-0.16670287,-0.070689715,-0.09292739,-0.028197307,0.043301683,-0.04326864
4.16,0.1131633,0.37915504,0.26589674,-0.24607761,-0.076127715,0.32224688,-0.16849867,-0.0718957,-0.09535089,-0.0273514,0.042909484,-0.044277236
4.17,0.1164926,0.37976724,0.26318374,-0.24794386,-0.072952785,0.32105073,-0.16774794,-0.07448132,-0.09517186,-0.02628843,0.041223038,-0.04104422
4.18,0.119061306,0.38264307,0.26343116,-0.25078633,-0.0719477,0.32279795,-0.16154577,-0.071742,-0.09277946,-0.023762053,0.045963656,-0.036376785
4.19,0.1269855,0.3978825,0.2709949,-0.26239112,-0.071819484,0.33421928,-0.15622589,-0.06347387,-0.085940614,-0.020211507,0.05241073,-0.033713244
4.2,0.12452818,0.4258278,0.30151102,-0.27518755,-0.088254124,0.36346143,-0.12611806,-0.043404162,-0.06922134,-0.004772616,0.06581095,-0.024346761
4.21,0.13263065,0.4341735,0.3017294,-0.28343397,-0.084194966,0.3677741,-0.11562171,-0.033202253,-0.05823963,0.0035028683,0.070523635,-0.021007529
4.22,0.13948025,0.44873643,0.30925894,-0.29406863,-0.08466805,0.37885237,-0.1131477,-0.026983367,-0.053489603,0.0105829155,0.07920481,-0.012871085
4.23,0.15559942,0.4848565,0.32925153,-0.32026145,-0.08653159,0.40669402,-0.12333988,-0.016037649,-0.03671104,0.031712484,0.09761611,0.008434246
4.24,0.18558219,0.50488067,0.31944597,-0.34530956,-0.06664306,0.41196874,-0.15295821,-0.016800446,-0.027097115,0.041959256,0.10972438,0.020408062
4.25,0.17905551,0.4780862,0.29902482,-0.32843664,-0.05967309,0.38831598,-0.16619302,-0.04462944,-0.05104496,0.018855967,0.09820049,0.008708911
4.26,0.17841227,0.46527714,0.2870574,-0.3219154,-0.054090098,0.37581757,-0.18239248,-0.04651691,-0.05025576,0.018849941,0.09675882,0.007849424
4.27,0.1565658,0.43905574,0.28229147,-0.29779714,-0.0625973,0.36047822,-0.18705195,-0.05448494,-0.05874681,0.012309862,0.08525582,-0.004578016
4.28,0.12760384,0.3998948,0.27243057,-0.26376548,-0.072216354,0.33591363,-0.18036808,-0.069735624,-0.076707624,-0.009300021,0.06060922,-0.028602902
4.29,0.12561832,0.3809457,0.25545233,-0.2532701,-0.06460838,0.31792,-0.18361337,-0.08729151,-0.098047115,-0.029367868,0.043153327,-0.041115988
4.3,0.118383154,0.37213102,0.25356895,-0.24534714,-0.067380995,0.31259248,-0.18556121,-0.092216,-0.10693142,-0.038825866,0.03556316,-0.050335623
4.31,0.11276366,0.365626,0.25288156,-0.23925795,-0.069873735,0.30901736,-0.18213709,-0.09254406,-0.10502176,-0.038537417,0.03687717,-0.048061818
4.32,0.10925469,0.35886908,0.24992746,-0.23398675,-0.070180885,0.30408296,-0.18173815,-0.08106542,-0.10333774,-0.039846875,0.030231383,-0.050927997
4.33,0.102222934,0.35898155,0.25702026,-0.23060924,-0.07709156,0.30771652,-0.18098311,-0.10038833,-0.11282584,-0.043687895,0.028291555,-0.056894623
4.34,0.08197467,0.36897185,0.2869593,-0.22548589,-0.10224786,0.3277613,-0.08973141,0.056840755,-0.04010762,-0.018736932,0.01618064,-0.07633226
4.35,0.14484389,0.28472552,0.13985023,-0.21478957,0.0026981868,0.2121101,0.05726332,0.30314046,0.104004666,-0.0092531135,-0.08005458,-0.18386978
4.36,0.46455517,0.22045818,-0.24412686,-0.34261847,0.354786,-0.012132874,-0.0024843672,0.4760108,0.39542827,0.12638462,-0.04942476,-0.16974866
4.37,0.7695247,0.6430144,-0.12697783,-0.7065347,0.4487824,0.257747,-0.26296365,-0.041107558,0.7563278,0.6729514,0.45278937,0.25645268
4.38,0.386474,0.5397426,0.1531492,-0.46323767,0.1169509,0.3462427,-0.06947339,-0.38246867,0.5589023,0.55963904,0.31789362,0.1795165
4.39,-0.07340188,0.20154636,0.27516478,-0.06408019,-0.17407654,0.23812625,-0.051143274,-0.6856314,-0.43850034,-0.21357499,-0.12525463,-0.13875222
4.4,-0.09565461,0.22901991,0.3247247,-0.06667412,-0.20997277,0.2766739,-0.16248967,-0.60048884,-0.43947393,-0.25773174,-0.11833901,-0.15934558
4.41,0.0026982268,0.2181936,0.21548831,-0.11046493,-0.10610129,0.21656136,-0.13946967,-0.23162325,-0.20647454,-0.15939288,-0.10230671,-0.1644557
4.42,0.112290576,0.33597144,0.22357306,-0.22405148,-0.05555293,0.2794691,-0.15934484,-0.05201587,-0.061240073,-0.035795327,0.007263831,-0.072624415
4.43,0.13566354,0.35231137,0.21651186,-0.24407291,-0.040131804,0.2841254,-0.13222177,0.022692902,-0.011318547,-0.008768162,0.018489404,-0.061611377
4.44,0.13888556,0.35804135,0.21911299,-0.24860573,-0.039867632,0.2884281,-0.14649278,0.014362062,-0.016596545,-0.008771113,0.02576208,-0.05692322
4.45,0.14845595,0.35527718,0.20682393,-0.25180918,-0.02898106,0.28084603,-0.14380813,0.034092218,-0.005661848,-0.0048569236,0.028170483,-0.055389278
4.46,0.15667595,0.36822432,0.2116083,-0.2625197,-0.027074166,0.28958225,-0.15433595,0.033030335,-0.0043025506,-0.003571015,0.030862123,-0.054489847
4.47,0.15727966,0.3652929,0.20814559,-0.2613913,-0.02517953,0.28644818,-0.15494528,0.04624883,0.006688204,-0.0026918312,0.03380937,-0.056818765
4.48,0.1622749,0.3643439,0.20214003,-0.26342568,-0.019814214,0.28312942,-0.15409847,0.057649724,0.011601427,0.0010271664,0.036206916,-0.054525077
4.49,0.1605122,0.36166725,0.20117472,-0.26111078,-0.02022178,0.28119493,-0.14909509,0.07574817,0.026559602,0.007584166,0.035648104,-0.054917388
4.5,0.17199415,0.371942,0.19978902,-0.27185115,-0.013785215,0.285615,-0.15031576,0.09185903,0.04238302,0.00797206,0.02341019,-0.058492474
4.51,0.18257451,0.3754913,0.1928236,-0.27894387,-0.0049244473,0.28391385,-0.1451576,0.115976416,0.0637132,0.02204908,0.028288802,-0.054699253
4.52,0.19383831,0.3800067,0.18598889,-0.286895,0.0042466912,0.2827352,-0.14168349,0.14259578,0.088599876,0.03570818,0.035904557,-0.05087191
4.53,0.2085984,0.3782259,0.16942544,-0.2934232,0.019816475,0.27351007,-0.14024723,0.17579362,0.11931099,0.050453976,0.037600916,-0.052023042
4.54,0.2157932,0.3794447,0.16352057,-0.2975427,0.026363244,0.27121627,-0.14016408,0.20785394,0.1527954,0.06507229,0.03474531,-0.051639035
4.55,0.24025075,0.3799235,0.13955875,-0.31001797,0.0505721,0.25940478,-0.13765718,0.24957287,0.18991251,0.07712245,0.034975845,-0.050660312
4.56,0.2568749,0.37821892,0.121079706,-0.3174888,0.068183154,0.2493624,-0.14176442,0.29363587,0.23071745,0.0917538,0.03210571,-0.0562087
4.57,0.2860753,0.3800036,0.09370764,-0.33299947,0.09647138,0.23648883,-0.14582796,0.34575087,0.27969384,0.10952709,0.032125097,-0.055694316
4.58,0.32063743,0.37622195,0.055434905,-0.34829253,0.13280156,0.21547963,-0.15078185,0.40042946,0.32922664,0.12350462,0.03195668,-0.056307428
4.59,0.36114347,0.38209736,0.02080241,-0.37155434,0.17031752,0.20122457,-0.15660043,0.45674053,0.3870268,0.14160885,0.032059938,-0.058148805
4.6,0.40347293,0.38478744,-0.018736085,-0.39414254,0.2113764,0.182746,-0.1617118,0.50778747,0.43467373,0.15641622,0.02136037,-0.06487282
4.61,0.43579498,0.3867279,-0.049179226,-0.4112663,0.24279137,0.16860898,-0.16458584,0.55151874,0.4749015,0.16747628,0.012120949,-0.07400639
4.62,0.46038708,0.38741094,-0.07307284,-0.42393047,0.2669209,0.15692712,-0.1559569,0.5915666,0.50983185,0.18191127,0.011341812,-0.07424333
4.63,0.4673523,0.38294062,-0.08453673,-0.4251293,0.27624807,0.14888577,-0.14592949,0.6145718,0.5299484,0.18992686,0.011118208,-0.07942701
4.64,0.46059492,0.39707473,-0.06345182,-0.42883193,0.26227474,0.16643378,-0.13520499,0.60218436,0.51627403,0.18987083,0.014827893,-0.07503848
4.65,0.41883996,0.41659054,-0.0024006525,-0.41777262,0.2108818,0.20679536,-0.12051396,0.5424528,0.45802537,0.1804081,0.024420833,-0.06412215
4.66,0.35192454,0.42129466,0.069468975,-0.3865351,0.14144877,0.24512796,-0.108902104,0.4484881,0.371402,0.1593377,0.036135428,-0.050291564
4.67,0.2925072,0.4173164,0.12480446,-0.35482228,0.08403296,0.27066234,-0.104572974,0.34498453,0.27369463,0.12728643,0.04307284,-0.04123501
4.68,0.23831312,0.41094247,0.17250352,-0.32456237,0.03308273,0.29139215,-0.11063505,0.24204704,0.17998804,0.08999222,0.041567214,-0.041832417
4.69,0.19150794,0.40183443,0.21034631,-0.29662743,-0.009169042,0.30591175,-0.12035292,0.15855575,0.10482068,0.058484722,0.032443456,-0.044978965
4.7,0.1674429,0.3971614,0.2296953,-0.2822611,-0.030955138,0.31310663,-0.12472995,0.10640239,0.05443348,0.034514863,0.027159424,-0.05368922
4.71,0.15770574,0.38993502,0.23219045,-0.27385387,-0.037058145,0.3108476,-0.12594065,0.07407713,0.026071912,0.020019129,0.021505434,-0.051745553
4.72,0.14729318,0.38614297,0.23875949,-0.26671097,-0.045522965,0.31223592,-0.12735519,0.06061551,0.011129332,0.011724609,0.018147802,-0.056252673
4.73,0.14504004,0.3880039,0.2431805,-0.26651758,-0.048909962,0.31544337,-0.1322373,0.056859266,0.007815569,0.009912347,0.020246718,-0.055775408
4.74,0.14435035,0.3872032,0.2430982,-0.26571995,-0.04911026,0.31491274,-0.13048947,0.059167273,0.010730708,0.013153531,0.018101484,-0.052232403
4.75,0.14387344,0.38611293,0.24213545,-0.26496047,-0.04883051,0.3137887,-0.12660298,0.06498335,0.017442334,0.013641646,0.012955289,-0.055289414
4.76,0.14711684,0.3894393,0.24246027,-0.26827872,-0.04746842,0.3157784,-0.12817231,0.0677824,0.020616522,0.014054555,0.01730706,-0.053031422
4.77,0.14917892,0.39245883,0.24327251,-0.27074158,-0.046836276,0.31773114,-0.1270733,0.07132924,0.02416863,0.018242117,0.026026063,-0.052201282
4.78,0.15084572,0.39491862,0.24434689,-0.27268773,-0.046432097,0.31937075,-0.12891193,0.07166266,0.030730996,0.026094759,0.029257197,-0.04784976
4.79,0.1518358,0.39734358,0.24568413,-0.2746932,-0.04667136,0.32137275,-0.13171342,0.06899366,0.033259016,0.030945916,0.02980073,-0.04687639
4.8,0.15195419,0.39732686,0.2456583,-0.27476147,-0.046650015,0.32135117,-0.13787828,0.063601375,0.03249211,0.03005885,0.023386303,-0.04985776
4.81,0.15428458,0.40191033,0.24766147,-0.27803507,-0.04633302,0.3245239,-0.14183214,0.055396337,0.029746411,0.032680128,0.031553913,-0.048885696
4.82,0.1549728,0.40170482,0.2467266,-0.27826416,-0.04558525,0.32389474,-0.14597408,0.050054993,0.025681812,0.035153724,0.03413246,-0.044028316
4.83,0.1534973,0.39844066,0.24514169,-0.27597135,-0.045595624,0.32163823,-0.14880036,0.038636982,0.0174747,0.02909102,0.029086739,-0.047353692
4.84,0.1598806,0.40087274,0.24103704,-0.28039876,-0.04040901,0.32065228,-0.1547294,0.028394055,0.010489561,0.025458107,0.032982353,-0.04542533
4.85,0.15206018,0.40335107,0.25128987,-0.2776449,-0.049546566,0.32719368,-0.15663311,0.012504549,-0.004271229,0.013896666,0.024911704,-0.047013886
4.86,0.15055959,0.39613315,0.24575932,-0.27329257,-0.04731083,0.3208063,-0.15753289,0.001911703,-0.011750279,0.0127180815,0.023397636,-0.046813264
4.87,0.14837039,0.3917212,0.24349236,-0.27002704,-0.047302894,0.3174738,-0.163512,-0.005895188,-0.017257772,0.01385344,0.025806444,-0.0477878
4.88,0.14358735,0.3997398,0.2563366,-0.27165735,-0.056173276,0.32788274,-0.16777256,-0.020607863,-0.033043034,-0.0032467002,0.015512292,-0.055159334
4.89,0.14315075,0.39828357,0.25524458,-0.2707763,-0.05586409,0.32656208,-0.16961525,-0.029178953,-0.044367675,-0.00985753,0.017057845,-0.054663476
4.9,0.13713586,0.39155945,0.25460783,-0.26445395,-0.058457904,0.32293618,-0.16707174,-0.033285566,-0.045890614,-0.00688851,0.01899777,-0.054083075
4.91,0.13546601,0.39017206,0.25471836,-0.2628923,-0.059359282,0.32233623,-0.16792578,-0.036762603,-0.051333603,-0.011904235,0.01688615,-0.055256523
4.92,0.13236922,0.3876344,0.2553338,-0.259935,-0.06113585,0.32115915,-0.16738704,-0.040827923,-0.053363916,-0.010582697,0.012810509,-0.057524227
4.93,0.132894,0.3867472,0.25389278,-0.2598902,-0.0603587,0.32021105,-0.17121497,-0.042245463,-0.056774918,-0.015956566,0.01013829,-0.059981894
4.94,0.1260649,0.38729915,0.26136112,-0.25663415,-0.067411974,0.3241341,-0.17462738,-0.043585725,-0.057232954,-0.013921469,0.011735827,-0.061587464
4.95,0.1250151,0.38442782,0.2596464,-0.25458923,-0.06712668,0.32168043,-0.1723858,-0.047771063,-0.060459264,-0.016550226,0.006408846,-0.06419839
4.96,0.1256997,0.3806995,0.25487342,-0.2531571,-0.064423695,0.3173927,-0.17637101,-0.046928402,-0.0640247,-0.023203839,0.0048138984,-0.06221057
4.97,0.1240742,0.38371393,0.25970533,-0.25378922,-0.06755589,0.321474,-0.17868724,-0.046331067,-0.06272282,-0.021722402,0.0033812756,-0.06524244
4.98,0.12455549,0.38586432,0.261363,-0.25509784,-0.068091825,0.32324106,-0.17470041,-0.046984434,-0.062337194,-0.018552214,0.0016100984,-0.06606156
4.99,0.12576321,0.3783315,0.25249052,-0.2519963,-0.06312353,0.31516042,-0.1739193,-0.046309087,-0.061997477,-0.018747436,0.007143646,-0.06277112
5.0,0.12485055,0.3795326,0.25482616,-0.2521196,-0.06484629,0.31691164,-0.17404568,-0.047716882,-0.061996587,-0.020394232,0.004923555,-0.06560385
5.01,0.12439877,0.380775,0.25627476,-0.25256768,-0.06568967,0.3183014,-0.1784895,-0.05021704,-0.06444286,-0.023842597,-0.0070417942,-0.071484454
5.02,0.115156606,0.3797467,0.26428086,-0.24744336,-0.074241415,0.32166526,-0.17843443,-0.048090167,-0.06048707,-0.023882708,-0.0038590492,-0.0713811
5.03,0.11986566,0.3764271,0.2564905,-0.24801552,-0.06799512,0.31607872,-0.17766902,-0.04771677,-0.061241027,-0.021026343,0.006609883,-0.065511584
5.04,0.12024099,0.3753664,0.2550745,-0.24771394,-0.067058235,0.31492934,-0.1772252,-0.04885152,-0.06469234,-0.021504689,-0.00045768952,-0.06551024
5.05,0.11988847,0.37802237,0.25808644,-0.24880171,-0.06890493,0.31769982,-0.18031281,-0.0499959,-0.06411242,-0.021929337,-0.0012112282,-0.06919684
5.06,0.117658615,0.3787343,0.26100707,-0.24811716,-0.07138413,0.3195672,-0.17628486,-0.05285993,-0.06644719,-0.026248606,-0.001772908,-0.0692265
5.07,0.11745386,0.3783335,0.26073158,-0.24790116,-0.07128225,0.31914634,-0.1763513,-0.053594526,-0.067227915,-0.025658673,-0.0037383959,-0.06629945
5.08,0.12163351,0.38327008,0.2617792,-0.25235456,-0.06982023,0.3223095,-0.17654467,-0.048913892,-0.060687024,-0.020945532,-0.0014556076,-0.067929745
5.09,0.12694518,0.40235946,0.2754395,-0.26460198,-0.07391187,0.33866465,-0.15684886,-0.031850293,-0.048025146,-0.006585798,0.0120317545,-0.058468737
5.1,0.13468565,0.42903537,0.29450995,-0.28190833,-0.07968789,0.36149836,-0.13292468,-0.012995614,-0.032584287,0.006465857,0.025339859,-0.04552586
5.11,0.13939191,0.4305159,0.29128674,-0.28485963,-0.075730555,0.36058965,-0.12717685,-0.010016166,-0.028996566,0.005715156,0.01806826,-0.05003976
5.12,0.13827634,0.4546568,0.3163114,-0.29637986,-0.08870024,0.38522607,-0.122327484,-0.0017428963,-0.020696979,0.019643357,0.03309825,-0.035857104
5.13,0.17255975,0.5007905,0.32823214,-0.336657,-0.07757048,0.41423294,-0.14516875,0.011794876,0.0028396675,0.045499887,0.05776192,-0.013941612
5.14,0.18167675,0.501979,0.32018083,-0.34182125,-0.068985984,0.41081917,-0.16541709,0.002294136,-0.0008614796,0.044212442,0.062440086,-0.004638487
5.15,0.16697149,0.46484417,0.29784507,-0.31591347,-0.065260395,0.38121247,-0.17585567,-0.02385871,-0.019261315,0.028858569,0.047062222,-0.018438622
5.16,0.16900592,0.45579678,0.2869758,-0.3124365,-0.05880326,0.37124985,-0.19009303,-0.019713558,-0.012165268,0.030153265,0.052044213,-0.016157521
5.17,0.13726701,0.42380545,0.28675732,-0.28051335,-0.074501835,0.35506958,-0.1913009,-0.037367284,-0.036332704,0.008666128,0.031702843,-0.036699653
5.18,0.1259168,0.39667842,0.2708278,-0.26129135,-0.072170034,0.33351725,-0.19173352,-0.053077355,-0.05536595,-0.006370715,0.0065859896,-0.057599794
5.19,0.122842364,0.37614343,0.253324,-0.24946022,-0.06505568,0.31441283,-0.19061063,-0.06431531,-0.0691168,-0.026559407,-0.014091477,-0.07484431
5.2,0.11720757,0.36846724,0.25109637,-0.24279849,-0.06671435,0.30959344,-0.19634399,-0.06795301,-0.074693315,-0.035634167,-0.020696994,-0.07657543
5.21,0.108197644,0.3669458,0.25886568,-0.2376294,-0.07501204,0.3127012,-0.18769252,-0.06344773,-0.070386074,-0.031410653,-0.019464035,-0.07819646
5.22,0.1112074,0.36045197,0.24928893,-0.2359059,-0.06889358,0.30467412,-0.19372763,-0.065190315,-0.07325365,-0.02633739,-0.01374317,-0.075966105
5.23,0.10071708,0.36068797,0.25996745,-0.23077004,-0.079441994,0.31004587,-0.17400448,-0.047052763,-0.06196929,-0.025531178,-0.017425433,-0.08000514
5.24,0.10119718,0.3620117,0.26060942,-0.23157048,-0.07935211,0.31098384,-0.05556564,0.15804547,0.031949047,-0.012104576,-0.06997612,-0.13255513
5.25,0.2057162,0.21553457,0.009801532,-0.21060771,0.09820773,0.11233578,0.07477656,0.43472034,0.23115417,0.0035849824,-0.18279816,-0.25601465
5.26,0.58707637,0.28810006,-0.29930976,-0.43773848,0.44362867,-0.0059410613,-0.09844634,0.4480408,0.5793588,0.29951084,0.04261493,-0.080573164
5.27,0.69475025,0.67489856,-0.020153034,-0.68506134,0.35794923,0.32724142,-0.25746813,-0.114768595,0.9082929,0.84328467,0.49301866,0.298569
5.28,0.18566456,0.395474,0.20994125,-0.2904908,-0.011948668,0.30248272,0.017908651,-0.41756263,0.28384474,0.35459194,0.10277306,0.032621883
5.29,-0.12648347,0.24957363,0.37590364,-0.06159156,-0.25088516,0.31247818,-0.055057377,-0.69340175,-0.5416119,-0.2635629,-0.17830358,-0.17168131
5.3,-0.078139745,0.2634162,0.34161696,-0.09276038,-0.20957701,0.30237934,-0.13034402,-0.45741367,-0.30007035,-0.1898888,-0.14938395,-0.18043613
5.31,0.033039246,0.251617,0.2186685,-0.14230476,-0.09263976,0.23490314,-0.1391498,-0.17408752,-0.15836598,-0.1340306,-0.1310234,-0.16678831
5.32,0.12777257,0.36208063,0.2344714,-0.24490434,-0.053192295,0.298035,-0.16303042,-0.003431999,0.0010107469,-0.0146715185,-0.034339614,-0.08740558
5.33,0.13737448,0.36702842,0.22976775,-0.2522499,-0.045891307,0.29809105,-0.14139798,0.042148285,0.015403251,-0.006031045,-0.025261195,-0.08098149
5.34,0.13722575,0.37396783,0.23666178,-0.25572425,-0.04940618,0.3051132,-0.1577433,0.04657689,0.029694153,0.0028863442,-0.018758895,-0.079476945
5.35,0.14261061,0.36965513,0.2270299,-0.25617653,-0.041898627,0.29814348,-0.1546361,0.06046642,0.037125453,0.009370011,-0.014815834,-0.07578366
5.36,0.15252787,0.37460214,0.22195907,-0.263539,-0.034430638,0.2980063,-0.16199812,0.06719481,0.048148394,0.016068207,-0.005865199,-0.067903444
5.37,0.15810102,0.37538657,0.21718055,-0.26662335,-0.029320007,0.2960332,-0.1634267,0.07817796,0.053317633,0.011467166,-0.010177636,-0.07261946
5.38,0.15946934,0.3809327,0.2213019,-0.27011967,-0.03059013,0.300854,-0.16370831,0.08757216,0.06185878,0.014174484,-0.013023102,-0.0715106
5.39,0.16613062,0.38549355,0.2193638,-0.2757477,-0.026395291,0.30215248,-0.15755011,0.10934477,0.08122354,0.02853781,-0.009271597,-0.06995963
5.4,0.17193817,0.38310364,0.21115209,-0.27756625,-0.019332793,0.29683542,-0.16022167,0.12840964,0.100249164,0.038815,-0.016307613,-0.07216718
5.41,0.18014959,0.38741598,0.20717642,-0.28375486,-0.013247388,0.29714438,-0.16026537,0.1482677,0.12096757,0.045207724,-0.013350585,-0.07081838
5.42,0.19114508,0.38737652,0.19630928,-0.28919816,-0.0022853545,0.29162064,-0.16019122,0.17669545,0.14803985,0.056056935,-0.0015446381,-0.065619834
5.43,0.20402615,0.38901892,0.18501061,-0.29657963,0.009732855,0.2868547,-0.16165258,0.20615053,0.17728254,0.07197447,-0.00089266314,-0.06494858
5.44,0.2172801,0.39078158,0.17355688,-0.30399507,0.022049919,0.2820326,-0.16388479,0.23938149,0.2102969,0.081646666,-0.010323612,-0.07226222
5.45,0.2411996,0.393581,0.15239975,-0.3174653,0.044612017,0.27275005,-0.16740695,0.27952915,0.25148234,0.10030738,-0.0027023996,-0.068214566
5.46,0.26700315,0.3951841,0.12839983,-0.33110926,0.06956991,0.26157862,-0.16860762,0.32981038,0.30131328,0.12319303,0.0035284092,-0.06369313
5.47,0.29606766,0.39367202,0.09776517,-0.34487107,0.09939852,0.24549079,-0.17794144,0.37914285,0.34993976,0.1319587,-0.003713954,-0.06920947
5.48,0.3248559,0.39664158,0.07171991,-0.36086625,0.12680484,0.23392187,-0.18539941,0.4375091,0.40735015,0.15170723,-0.009948906,-0.073279984
5.49,0.3624078,0.39137304,0.028931055,-0.3768901,0.1669923,0.20986281,-0.19464841,0.4903703,0.46360183,0.16444306,-0.006326282,-0.07277068
5.5,0.4046011,0.39173955,-0.012742061,-0.39821813,0.20887898,0.18937205,-0.19593798,0.54677296,0.5222019,0.18736744,-0.0044246223,-0.072045535
5.51,0.43277195,0.39571303,-0.037022293,-0.4142964,0.23519406,0.17921112,-0.19812012,0.59574026,0.56648463,0.20105872,-0.011973447,-0.081477664
5.52,0.4497118,0.399242,-0.05029112,-0.4245299,0.25026563,0.1742599,-0.19181888,0.63097924,0.6009011,0.21391496,-0.017501228,-0.08344093
5.53,0.45926014,0.40892646,-0.05030492,-0.43398216,0.25502262,0.178971,-0.1805629,0.6432689,0.61249,0.2202382,-0.017927835,-0.08223534
5.54,0.4317207,0.41524953,-0.016334414,-0.42348716,0.2243255,0.19916806,-0.15909529,0.6178288,0.5876729,0.22615221,-0.005538249,-0.075861014
5.55,0.38455668,0.4346323,0.05007365,-0.40959385,0.16744862,0.24207063,-0.13770412,0.5414274,0.50850755,0.20666684,0.0052591264,-0.05879714
5.56,0.3181091,0.44250116,0.12428198,-0.3802579,0.097204976,0.28308263,-0.12577298,0.43720013,0.4062122,0.17720996,0.010994553,-0.050945707
5.57,0.25944313,0.43912214,0.17973605,-0.34919018,0.040064745,0.30917597,-0.121232145,0.3295589,0.29882357,0.14074263,0.014347722,-0.049030498
5.58,0.2091902,0.43862534,0.22946356,-0.3238137,-0.009865199,0.33379778,-0.12531002,0.2304348,0.20044297,0.09759638,0.0033528775,-0.05382083
5.59,0.17419435,0.42404073,0.2499607,-0.29908904,-0.037689142,0.3368996,-0.13368411,0.15388255,0.12736468,0.06109608,-0.007723681,-0.05940366
5.6,0.15082157,0.41288736,0.26208764,-0.28184077,-0.055457126,0.33721173,-0.14112702,0.103734896,0.08037068,0.03752203,-0.007954668,-0.064823344
5.61,0.13688502,0.4028391,0.26613578,-0.26979557,-0.064377226,0.33419272,-0.14337572,0.07775191,0.055088334,0.022426529,-0.016255194,-0.066266
5.62,0.12971999,0.39258328,0.2630664,-0.26112798,-0.06646359,0.32762408,-0.14074512,0.06724629,0.041524936,0.01392049,-0.026268734,-0.072368234
5.63,0.13014452,0.39575556,0.2658632,-0.26297444,-0.067729525,0.33066687,-0.14532071,0.06487273,0.038224593,0.010738039,-0.0288544,-0.07431449
5.64,0.12912521,0.3963632,0.26719886,-0.2628219,-0.06877752,0.33151445,-0.14398924,0.06686801,0.043692905,0.018110452,-0.0248752,-0.0710536
5.65,0.13096417,0.4024674,0.27150366,-0.26672924,-0.07009584,0.3367353,-0.13720678,0.07870059,0.05125878,0.025253281,-0.017891634,-0.06590505
5.66,0.13557339,0.41056016,0.27504668,-0.27299452,-0.06959384,0.34261915,-0.13684528,0.08434806,0.05719286,0.02605576,-0.02500746,-0.069198616
5.67,0.15032919,0.42378703,0.27350467,-0.2869833,-0.061342634,0.3483556,-0.13765876,0.08683157,0.062103715,0.032521974,-0.01685609,-0.06308029
5.68,0.1453146,0.42453915,0.27938193,-0.28488693,-0.06690672,0.35177627,-0.13629238,0.08855617,0.063203074,0.033528257,-0.009420904,-0.062667
5.69,0.1474184,0.4196578,0.27239037,-0.28360772,-0.062137634,0.34571442,-0.14228913,0.08559406,0.063571595,0.03537149,-0.008204099,-0.058593545
5.7,0.14928405,0.42932734,0.28007674,-0.2894423,-0.06509903,0.35448,-0.14415783,0.08087464,0.06586784,0.04326012,-0.0048989556,-0.053777903
5.71,0.15345863,0.42574507,0.2724213,-0.28966507,-0.059208218,0.34889433,-0.1459472,0.076181434,0.061247878,0.0370651,-0.008743611,-0.056844037
5.72,0.14988546,0.42364156,0.27390835,-0.28666312,-0.061685685,0.34848937,-0.14754948,0.062975846,0.049973328,0.033326976,-0.0062314942,-0.054918345
5.73,0.15080291,0.42676112,0.2760877,-0.28876194,-0.062360875,0.3512033,-0.15402317,0.04703428,0.03665934,0.023263926,-0.011384374,-0.061708182
5.74,0.14985798,0.42947838,0.2796624,-0.28968608,-0.064736,0.3542888,-0.15486342,0.0362498,0.028332198,0.025173955,-0.0104075875,-0.06110212
5.75,0.14581029,0.42223656,0.27654713,-0.28396106,-0.06511903,0.34911847,-0.16277242,0.018976495,0.01298253,0.015812645,-0.01094174,-0.06342874
5.76,0.14104843,0.4184246,0.27756116,-0.27966526,-0.067989446,0.34776905,-0.17088863,0.005766603,-0.0008829611,0.006245877,-0.017518412,-0.06526444
5.77,0.14075342,0.4166102,0.2757588,-0.2787146,-0.06721159,0.3458824,-0.1723431,-0.0016508932,-0.005665416,0.0014575863,-0.012428132,-0.062062018
5.78,0.13335505,0.40797746,0.27455226,-0.27048922,-0.070338205,0.3409634,-0.17083143,-0.0113313105,-0.013215915,-0.00044186332,-0.017439708,-0.061902873
5.79,0.12799862,0.4092404,0.28118977,-0.26860315,-0.07646795,0.34505638,-0.17392264,-0.017803095,-0.021863436,-0.0069969366,-0.023610499,-0.06788193
5.8,0.12452247,0.40770182,0.28310955,-0.2660108,-0.07905439,0.34517497,-0.17476042,-0.023461329,-0.028761292,-0.010307194,-0.02354676,-0.07098089
5.81,0.12648855,0.40916404,0.28259856,-0.2677725,-0.07782326,0.34562793,-0.17592941,-0.026303716,-0.03271171,-0.012417258,-0.019546747,-0.07077879
5.82,0.1208486,0.40326318,0.28228185,-0.26208183,-0.08054217,0.34268376,-0.17817001,-0.029737702,-0.03759418,-0.017230099,-0.026617192,-0.07380676
5.83,0.116482005,0.40159693,0.28511673,-0.25911403,-0.084007375,0.34316212,-0.17584245,-0.034307428,-0.04046306,-0.018147988,-0.029140837,-0.07050984
5.84,0.119964555,0.40434837,0.2843522,-0.26209432,-0.08201457,0.34401712,-0.17623276,-0.033277027,-0.037850633,-0.0135853775,-0.02789689,-0.07285418
5.85,0.11754525,0.4048516,0.28730673,-0.26111567,-0.0846787,0.3457473,-0.18269369,-0.034731414,-0.041617006,-0.018724654,-0.030181445,-0.07460059
5.86,0.1191062,0.4082842,0.2890831,-0.26353467,-0.0847796,0.34842598,-0.18321125,-0.038380347,-0.046285905,-0.02046763,-0.029172875,-0.07603733
5.87,0.12135816,0.40981594,0.2882557,-0.2655633,-0.08303786,0.34861153,-0.1867797,-0.04094233,-0.04936273,-0.024140626,-0.032827646,-0.07689158
5.88,0.1111263,0.40396136,0.2927186,-0.25762305,-0.09059738,0.34808046,-0.18039443,-0.037099935,-0.045062233,-0.020431,-0.03124809,-0.07939246
5.89,0.115761,0.4051008,0.2892245,-0.26050732,-0.086411685,0.34691617,-0.18516865,-0.04244697,-0.047289997,-0.022125818,-0.02820503,-0.0743073
5.9,0.11403323,0.40674427,0.29251736,-0.26032668,-0.088944204,0.34926307,-0.18734655,-0.04545794,-0.052900508,-0.028975824,-0.031607084,-0.0773103
5.91,0.11599245,0.4106041,0.29455754,-0.26323146,-0.08913643,0.35228193,-0.1917194,-0.04752143,-0.052144065,-0.02098501,-0.029678639,-0.08109732
5.92,0.11210342,0.40685472,0.2948231,-0.25939578,-0.09115169,0.35061866,-0.18566972,-0.042440083,-0.051351245,-0.01863268,-0.026313128,-0.07640236
5.93,0.11044441,0.40380147,0.29356146,-0.25708684,-0.091386035,0.3484132,-0.18690194,-0.047539692,-0.058538586,-0.032343335,-0.02938857,-0.07656813
5.94,0.112073764,0.40830606,0.29616466,-0.26021764,-0.09170388,0.35194436,-0.18887976,-0.048266735,-0.054325685,-0.024123669,-0.02797736,-0.08028702
5.95,0.10911016,0.3980598,0.2890441,-0.253551,-0.08969631,0.34328932,-0.19115497,-0.050643925,-0.0564711,-0.026465906,-0.036879808,-0.08371414
5.96,0.10228748,0.40265208,0.30037606,-0.25244847,-0.09881405,0.35123742,-0.18844701,-0.050156787,-0.055986103,-0.029864283,-0.039204553,-0.08244208
5.97,0.110844664,0.42196202,0.31104755,-0.26640248,-0.09998175,0.36636114,-0.17748788,-0.037554707,-0.042921986,-0.014456032,-0.026386002,-0.07514246
5.98,0.11001096,0.4491776,0.33909035,-0.27953163,-0.11438465,0.3938798,-0.15122274,-0.016747102,-0.029041577,0.00016218811,-0.009881773,-0.061561007
5.99,0.119513825,0.45631036,0.33677605,-0.28802103,-0.10839602,0.39634374,-0.14331125,-0.0073446357,-0.024064843,0.0031821548,-0.004142077,-0.056244396
6.0,0.12296888,0.4743975,0.35145527,-0.29876056,-0.113956675,0.41264695,-0.13925666,-0.003094006,-0.012985169,0.013706064,0.0019389455,-0.04748581
6.01,0.14453201,0.51255006,0.36795083,-0.32854074,-0.111375876,0.43999183,-0.15290844,0.0069879433,0.0042619053,0.03625052,0.025401786,-0.027500194
6.02,0.16800708,0.5394446,0.37135348,-0.35374692,-0.101328306,0.4551704,-0.18194844,0.0038353452,0.009431831,0.044775885,0.0381982,-0.0137712695
6.03,0.155963,0.5114897,0.35556597,-0.33373854,-0.09944562,0.43322814,-0.19118305,-0.020958724,-0.014187123,0.021804696,0.017243443,-0.029206002
6.04,0.15519515,0.500383,0.34531146,-0.32778257,-0.09472212,0.4225845,-0.20592915,-0.018655691,-0.005464663,0.029545432,0.019319242,-0.026069716
6.05,0.13515083,0.4757206,0.34052265,-0.30532557,-0.102383435,0.4078394,-0.21222197,-0.03182155,-0.020224612,0.013731321,0.011776673,-0.037951667
6.06,0.111870795,0.43708855,0.32502732,-0.27452424,-0.106158696,0.38073134,-0.2091215,-0.05029483,-0.04419414,-0.0096801445,-0.008000293,-0.06129061
6.07,0.10906006,0.41456574,0.3054705,-0.26186296,-0.09788061,0.35973823,-0.21202426,-0.06295827,-0.060385898,-0.028509824,-0.02674318,-0.078737944
6.08,0.1003441,0.403284,0.302942,-0.25186098,-0.101082064,0.3528126,-0.21342689,-0.069801494,-0.06697582,-0.034457963,-0.039437316,-0.08508721
6.09,0.09491966,0.402105,0.30719045,-0.2485266,-0.10593849,0.35439646,-0.21287847,-0.07273617,-0.0670591,-0.035882547,-0.03616905,-0.086691774
6.1,0.09587253,0.3993762,0.30341756,-0.24771327,-0.103471436,0.35122487,-0.21372604,-0.06721033,-0.072244376,-0.04439189,-0.039428942,-0.09230546
6.11,0.08627424,0.39875254,0.31244153,-0.24259372,-0.1128188,0.35534078,-0.20753087,-0.07254268,-0.06693504,-0.036313903,-0.03957858,-0.0909099
6.12,0.080120295,0.40677112,0.32645965,-0.24350551,-0.12290711,0.36643207,-0.10560977,0.10836631,0.010771929,-0.013771055,-0.06496045,-0.120735414
6.13,0.15773542,0.30403715,0.14639747,-0.23084468,0.0059498865,0.22492972,0.045492128,0.39864644,0.19471468,-0.0016228644,-0.16769938,-0.23742984
6.14,0.47523773,0.27977338,-0.19562197,-0.37762,0.3358338,0.0418075,-0.048969015,0.47085136,0.50853163,0.23094632,-0.035157204,-0.1429288
6.15,0.6727626,0.7088457,0.03560708,-0.6910427,0.31900275,0.3720178,-0.2844089,-0.15324879,0.8601782,0.84249336,0.49753782,0.2963818
6.16,0.2556542,0.53266394,0.27705944,-0.39415514,-0.010378274,0.40469,-0.06848086,-0.484232,0.45844978,0.5416976,0.22936286,0.12698705
6.17,-0.109365724,0.28167328,0.390941,-0.086203046,-0.24981782,0.3359877,-0.083719015,-0.76513046,-0.55050707,-0.27093455,-0.19256845,-0.17210433
6.18,-0.10781462,0.31872305,0.42658788,-0.10545013,-0.26695454,0.37241822,-0.17966698,-0.56097615,-0.37582788,-0.23205613,-0.16267039,-0.18453337
6.19,-0.0016652639,0.28416744,0.2857601,-0.14123699,-0.14340563,0.28474432,-0.16438524,-0.2258268,-0.1870969,-0.16316277,-0.15949723,-0.19336614
6.2,0.09807613,0.39149737,0.2935032,-0.24490762,-0.09745409,0.34227931,-0.18783592,-0.04256972,-0.031487484,-0.036954172,-0.0546166,-0.110695995
6.21,0.11795361,0.40710887,0.28915304,-0.26242462,-0.08540287,0.34775317,-0.17201303,0.030485421,0.010821211,-0.010062688,-0.037044834,-0.09471917
6.22,0.12391254,0.4202298,0.2964711,-0.27200946,-0.08604155,0.3580482,-0.18817216,0.027019408,0.016873755,-0.0045901737,-0.02973951,-0.08799689
6.23,0.13058119,0.41556007,0.28512722,-0.2730863,-0.07702979,0.35013625,-0.18131825,0.047979206,0.027402014,-0.002672131,-0.029411662,-0.087927625
6.24,0.13,0.41757452,0.2874627,-0.27375266,-0.078502275,0.35234842,-0.19149254,0.049521744,0.029504374,-0.0024634453,-0.02523256,-0.08530358
6.25,0.1428682,0.42205262,0.2793852,-0.28247583,-0.067981094,0.35048807,-0.18949655,0.06382063,0.039657105,0.0021703157,-0.022643818,-0.08377591
6.26,0.146888,0.42841685,0.2817739,-0.2877031,-0.06734206,0.35491067,-0.1926014,0.075165585,0.046499375,0.005338087,-0.025143823,-0.084453255
6.27,0.14651377,0.43304116,0.28663376,-0.28983116,-0.0698118,0.35971934,-0.19354804,0.09014983,0.062058486,0.011276537,-0.021185322,-0.08422494
6.28,0.15479973,0.43565527,0.28094047,-0.29524073,-0.062749356,0.35797834,-0.18953705,0.10649224,0.07660267,0.016785722,-0.01815455,-0.081035405
6.29,0.16811644,0.44083354,0.27269778,-0.3045688,-0.05204277,0.35654616,-0.18490621,0.12972544,0.101188205,0.029985067,-0.015891565,-0.080715954
6.3,0.17661977,0.44218662,0.26536214,-0.30940574,-0.04402267,0.35353762,-0.18459627,0.15526141,0.12831819,0.043394532,-0.011128062,-0.07844234
6.31,0.1890065,0.44744533,0.25828475,-0.31823716,-0.034388557,0.35258088,-0.18968643,0.18434204,0.15638341,0.05524083,-0.008202891,-0.076645285
6.32,0.1982043,0.44608042,0.24770363,-0.3220585,-0.024563553,0.34668952,-0.18668213,0.2217119,0.19272025,0.0694357,-0.010505752,-0.07713471
6.33,0.21678984,0.44800842,0.23092034,-0.33236673,-0.006812839,0.3391736,-0.1869685,0.26348835,0.23469566,0.084487796,-0.0066439155,-0.073241174
6.34,0.23975745,0.44928655,0.20932806,-0.34443802,0.015321113,0.32900098,-0.18916467,0.31284282,0.28220177,0.10408271,-0.0007893084,-0.072506145
6.35,0.2692874,0.44850856,0.17907436,-0.35883403,0.045304447,0.3135181,-0.19409433,0.36881766,0.3368159,0.121546,0.0007664131,-0.073522836
6.36,0.30532435,0.4498915,0.14439544,-0.37759355,0.08077268,0.29684886,-0.19808786,0.43414083,0.39682224,0.14367852,-0.0025877238,-0.07765343
6.37,0.3402459,0.4512656,0.11107107,-0.3957929,0.11488228,0.28094625,-0.20129602,0.4985888,0.46302208,0.16666432,-0.0044304403,-0.07824514
6.38,0.38110292,0.45642063,0.075459525,-0.41873387,0.15301658,0.2657026,-0.20336877,0.5583825,0.5224243,0.18574274,-0.0030783003,-0.07740022
6.39,0.41681898,0.4632992,0.046579633,-0.44017586,0.18537101,0.254758,-0.20154536,0.6068308,0.56632495,0.19669424,-0.010004675,-0.08343452
6.4,0.43498084,0.4613089,0.026264807,-0.4482368,0.20458072,0.2435473,-0.19625121,0.63926214,0.5982623,0.21144654,-0.008475166,-0.0845721
6.41,0.4428351,0.46074614,0.018041104,-0.4518229,0.21266371,0.23916553,-0.18783884,0.6440255,0.60624456,0.21545096,-0.0067289104,-0.08553268
6.42,0.42694244,0.47416458,0.04716226,-0.4505509,0.19015695,0.2603424,-0.16958696,0.6117501,0.57556456,0.20761774,-0.0074820956,-0.08292421
6.43,0.379251,0.4872277,0.10802717,-0.4332877,0.13582924,0.29733887,-0.15293144,0.5311996,0.49799833,0.19365294,-0.00025562214,-0.0753393
6.44,0.31196535,0.4983741,0.18650022,-0.40517765,0.062919356,0.34220588,-0.14292781,0.41430527,0.3866257,0.16035146,0.013128281,-0.06425465
6.45,0.25447792,0.4993422,0.24491745,-0.37701395,0.0051054438,0.37202138,-0.14542699,0.29858944,0.27177048,0.11450479,0.011247077,-0.061619375
6.46,0.20218457,0.48930255,0.28713423,-0.3457405,-0.04217652,0.38799632,-0.15019606,0.19685769,0.17298943,0.07284801,0.0071887528,-0.06100713
6.47,0.16396615,0.48430055,0.32021397,-0.32408297,-0.077922255,0.40194446,-0.15868197,0.11593624,0.09513202,0.03953079,0.007222035,-0.06125013
6.48,0.14608158,0.47750553,0.33131513,-0.31178087,-0.092395395,0.40411532,-0.16844691,0.062125947,0.0443917,0.012951979,-0.0017512991,-0.06711354
6.49,0.13169675,0.46590027,0.3344544,-0.29883382,-0.10123857,0.39993897,-0.17162079,0.03348071,0.015523211,-0.0054550236,-0.008160014,-0.07112832
6.5,0.1220208,0.45926857,0.33736062,-0.29065105,-0.107328534,0.398131,-0.1726238,0.02078408,-0.00123177,-0.017059563,-0.012421524,-0.07571433
6.51,0.11623702,0.45679373,0.34051776,-0.28646457,-0.11184821,0.3985308,-0.17291264,0.016460331,-0.006129809,-0.021961503,-0.016237326,-0.077890635
6.52,0.11387446,0.45491043,0.34111193,-0.28433686,-0.113488816,0.39784566,-0.17031538,0.019176727,-0.006920245,-0.021074725,-0.013896514,-0.07757292
6.53,0.11249127,0.45883027,0.34634933,-0.28570697,-0.11668873,0.40231964,-0.16919008,0.023789093,-0.0053559565,-0.021572247,-0.01606664,-0.07935954
6.54,0.11584801,0.46571216,0.34990147,-0.29091498,-0.11669069,0.40758926,-0.17072292,0.027139194,-0.0031416893,-0.023150612,-0.017254585,-0.07994967
6.55,0.117089175,0.47212145,0.35494843,-0.29459506,-0.11872985,0.41323587,-0.1723611,0.028951576,-0.0013563541,-0.018432904,-0.011743202,-0.078512706
6.56,0.11724233,0.4769569,0.3597137,-0.29707426,-0.12095891,0.41801637,-0.17103623,0.03357123,0.007589847,-0.009290421,-0.0018407672,-0.07063677
6.57,0.11967603,0.4818202,0.36212045,-0.30060104,-0.12083563,0.42159903,-0.17244998,0.034403898,0.00965039,-0.0062607434,0.0018446462,-0.06941098
6.58,0.12243099,0.485904,0.36360016,-0.30405188,-0.12034034,0.42442787,-0.17135404,0.03340635,0.010488912,-0.0017314487,0.0057691676,-0.06388931
6.59,0.12466483,0.48730913,0.36282378,-0.30603978,-0.1188642,0.42477697,-0.17636311,0.0260368,0.007751507,-0.0017028305,0.0075932452,-0.063806884
6.6,0.12175286,0.4863896,0.36487192,-0.304047,-0.12132562,0.42535025,-0.17846116,0.018725017,0.0019269584,-0.0043121255,0.007999294,-0.064580105
6.61,0.120865084,0.4861822,0.36516342,-0.30347547,-0.12190885,0.42549628,-0.18133104,0.008775597,-0.003841859,-0.006705861,0.008668809,-0.06274275
6.62,0.12227478,0.48955372,0.36733755,-0.3060618,-0.122304544,0.4281622,-0.18575752,-0.0039530294,-0.013230536,-0.011528443,0.009063457,-0.06505016
6.63,0.12004749,0.4882253,0.36820477,-0.30424094,-0.12372765,0.42797124,-0.18945904,-0.016805561,-0.029686054,-0.023478342,0.0039154063,-0.0681808
6.64,0.11545345,0.4888303,0.37313896,-0.30224836,-0.12853894,0.43076742,-0.19302605,-0.029444663,-0.043632966,-0.030635133,0.0018145434,-0.070793346
6.65,0.11605545,0.48554188,0.36933494,-0.30079994,-0.12632987,0.4271159,-0.19745842,-0.042212985,-0.05379863,-0.03675032,0.001861177,-0.0703249
6.66,0.111590244,0.47844744,0.3667613,-0.29488596,-0.12723306,0.42226252,-0.19885679,-0.053130597,-0.064421624,-0.043643996,-0.0010647434,-0.07186573
6.67,0.10550699,0.477234,0.37164474,-0.2913965,-0.13284032,0.42407846,-0.20088886,-0.06080223,-0.072696485,-0.04967071,-0.0021007827,-0.07418184
6.68,0.109547876,0.48108393,0.3716653,-0.2952669,-0.13085836,0.42606574,-0.20150214,-0.06701395,-0.08018778,-0.053612404,-0.0032662759,-0.074961364
6.69,0.103275,0.47942594,0.37615302,-0.291265,-0.13623258,0.42751753,-0.20127977,-0.07015209,-0.08686002,-0.060410745,-0.0032384442,-0.078433394
6.7,0.09997009,0.4773018,0.37717167,-0.28856334,-0.13833413,0.42691502,-0.20410562,-0.07651126,-0.08797022,-0.06287862,-0.0067932727,-0.08030121
6.71,0.10238455,0.47971073,0.37724394,-0.2909066,-0.13723224,0.42807865,-0.20442612,-0.079537384,-0.09261641,-0.06303847,-0.008754354,-0.0817095
6.72,0.096700154,0.4744088,0.3775796,-0.2856146,-0.13999309,0.42564312,-0.20637204,-0.085560545,-0.09956183,-0.06899605,-0.01246393,-0.086216435
6.73,0.09026956,0.46907791,0.3787076,-0.27973568,-0.14395718,0.4237275,-0.20862179,-0.085000105,-0.10164526,-0.071642876,-0.012653457,-0.08634833
6.74,0.08777993,0.46413535,0.37655866,-0.27589655,-0.14414561,0.41999453,-0.20945683,-0.08813293,-0.10395571,-0.0756805,-0.014774247,-0.08781706
6.75,0.08828622,0.46629155,0.37806115,-0.27726015,-0.144653,0.42192343,-0.20954143,-0.09007291,-0.10334097,-0.07492082,-0.017197061,-0.0881672
6.76,0.08828345,0.47073913,0.38246477,-0.27950472,-0.14686394,0.42638293,-0.20978211,-0.08851364,-0.10511132,-0.07441713,-0.017830063,-0.08713411
6.77,0.0881645,0.46866056,0.38031495,-0.27840862,-0.14590362,0.42423534,-0.20937654,-0.089372896,-0.10666803,-0.0770066,-0.016846081,-0.086058326
6.78,0.08894071,0.4696373,0.3806503,-0.27928302,-0.14552025,0.42489013,-0.20996897,-0.09136514,-0.105681315,-0.07582373,-0.01483519,-0.08513488
6.79,0.087605335,0.46626723,0.3787348,-0.2770307,-0.14537343,0.42232123,-0.20736046,-0.08945267,-0.107003905,-0.07670431,-0.014487712,-0.08613788
6.8,0.08522977,0.4658852,0.38075265,-0.27551132,-0.14753921,0.42308137,-0.20675518,-0.08968548,-0.10841378,-0.07622884,-0.0136498,-0.08407607
6.81,0.087232694,0.46518677,0.37824768,-0.27619258,-0.14532647,0.4214791,-0.21028227,-0.09104726,-0.11223372,-0.07928463,-0.016503213,-0.08536075
6.82,0.08731112,0.46678925,0.37937686,-0.2771133,-0.14576134,0.42278782,-0.20881619,-0.094635434,-0.11465786,-0.08148025,-0.016294288,-0.08650144
6.83,0.08898183,0.46804374,0.37900743,-0.27858052,-0.14475816,0.42329296,-0.20769471,-0.096483804,-0.11581864,-0.082313344,-0.0179353,-0.08848644
6.84,0.08610164,0.47106063,0.38500583,-0.27858305,-0.14919123,0.4277555,-0.2053231,-0.09169735,-0.11367833,-0.080880046,-0.01413234,-0.08515824
6.85,0.08935557,0.49144694,0.40198368,-0.29049405,-0.15594755,0.4465311,-0.19192593,-0.07897204,-0.10184469,-0.06829085,-0.0028428214,-0.07550471
6.86,0.10106096,0.5248282,0.4236923,-0.31299266,-0.1611487,0.47404835,-0.16033362,-0.05728136,-0.08340047,-0.049923748,0.0114169875,-0.06379305
6.87,0.10708988,0.53066206,0.42375335,-0.31875125,-0.15819319,0.47710055,-0.15270934,-0.05022748,-0.08091243,-0.04856983,0.012559342,-0.06402441
6.88,0.10900341,0.55512005,0.44617262,-0.33201241,-0.16841267,0.5003738,-0.1552553,-0.04403339,-0.074103944,-0.03830312,0.025508983,-0.053215753
6.89,0.13455594,0.59271955,0.45824072,-0.36364293,-0.16160189,0.52525157,-0.1740011,-0.036597043,-0.05943619,-0.02103096,0.044214472,-0.031742923
6.9,0.15676367,0.6039523,0.44723928,-0.38034043,-0.14505306,0.5253568,-0.20204473,-0.04347562,-0.0560776,-0.0176395,0.050679915,-0.026071064
6.91,0.14496733,0.57288414,0.42786422,-0.35895082,-0.14119048,0.5000576,-0.2097307,-0.06705998,-0.07611281,-0.03443235,0.039179794,-0.0377569
6.92,0.14548199,0.56064296,0.41525075,-0.35307083,-0.13466044,0.48779956,-0.22266711,-0.06377474,-0.06683458,-0.028874587,0.04595578,-0.03194987
6.93,0.12053328,0.52618545,0.4055926,-0.32339102,-0.14221422,0.4656629,-0.22148271,-0.07934743,-0.086001076,-0.051606473,0.028783321,-0.050944597
6.94,0.09710189,0.4901879,0.39320713,-0.29358196,-0.14784922,0.4415381,-0.21426877,-0.09587611,-0.10601575,-0.07303116,0.008043987,-0.07063808
6.95,0.09336867,0.47001737,0.37655875,-0.28170416,-0.14131942,0.4229615,-0.21330123,-0.10558734,-0.12100821,-0.08725345,-0.0058535575,-0.08208259
6.96,0.085502945,0.45885023,0.37349597,-0.27224612,-0.14376701,0.41603354,-0.21911523,-0.11777813,-0.1330108,-0.09904782,-0.01732366,-0.09082857
6.97,0.08568122,0.46120742,0.37547538,-0.273495,-0.14453995,0.4181138,-0.21415631,-0.11159865,-0.1273733,-0.094658114,-0.015985826,-0.090834565
6.98,0.08855173,0.457016,0.3685953,-0.27277893,-0.13975747,0.41250265,-0.21601851,-0.11350265,-0.1316979,-0.099440545,-0.018877199,-0.09359624
6.99,0.06989194,0.45709237,0.3872875,-0.26346156,-0.15849686,0.42202255,-0.20165497,-0.100864455,-0.12331601,-0.094449274,-0.015981348,-0.09493141
7.0,0.060173433,0.4783085,0.4181754,-0.26920724,-0.17866777,0.44807488,-0.08566533,0.07929772,-0.05215139,-0.07406438,-0.040985778,-0.12591647
7.01,0.15448137,0.36052847,0.20621789,-0.2574442,-0.025707377,0.28312343,0.06372669,0.39282915,0.1459429,-0.05565523,-0.14545763,-0.2397587
7.02,0.49650836,0.39849797,-0.09825014,-0.44760826,0.29767516,0.14991795,-0.06083744,0.34477544,0.43615738,0.20128103,0.028410861,-0.107159905
7.03,0.64126396,0.82729036,0.18557931,-0.73454547,0.22836293,0.50621253,-0.27193466,-0.3938348,0.7489591,0.7756516,0.53645325,0.31810477
7.04,0.21740994,0.53435105,0.31701183,-0.3758608,-0.04967892,0.42546993,-0.09017787,-0.6244958,0.29124144,0.34903947,0.17666209,0.0675465
7.05,-0.123601995,0.2713447,0.3950441,-0.07378342,-0.25912216,0.3329866,-0.18471257,-0.87228894,-0.662988,-0.40960005,-0.20745334,-0.20113014
7.06,-0.10030078,0.32211733,0.42236343,-0.11086254,-0.26118386,0.37204593,-0.21146247,-0.54337496,-0.39795396,-0.2941805,-0.15934747,-0.20325056
7.07,0.013485506,0.35030258,0.33691394,-0.18176839,-0.16146168,0.34332722,-0.17367041,-0.19588219,-0.1995274,-0.19031607,-0.11688165,-0.17837861
7.08,0.096521035,0.45828223,0.36167723,-0.27739564,-0.13227987,0.40968734,-0.17598748,-0.030832088,-0.048728563,-0.06732254,-0.016684165,-0.09637494
7.09,0.09963731,0.45240203,0.35255027,-0.2760172,-0.12619287,0.40210405,-0.15871435,-0.0011355446,-0.04862357,-0.07235591,-0.02048663,-0.09912565
7.1,0.11107538,0.4686649,0.3578112,-0.28988606,-0.1231383,0.41293985,-0.16934262,0.0073830714,-0.03177694,-0.060751505,-0.0072575375,-0.08813027
7.11,0.114262804,0.4642266,0.34995332,-0.28939602,-0.11740308,0.40686464,-0.1672071,0.019646134,-0.029633252,-0.06268375,-0.01071967,-0.09013422
7.12,0.11898473,0.47182333,0.3529638,-0.29544196,-0.11669591,0.41211903,-0.16933723,0.028824495,-0.020510338,-0.057118334,-0.0041753566,-0.08394475
7.13,0.124912985,0.47320625,0.3481225,-0.299015,-0.11144469,0.41043225,-0.17027564,0.040261235,-0.0145419305,-0.058180593,-0.0054866006,-0.08712565
7.14,0.12627222,0.47344732,0.34731948,-0.29978064,-0.110414796,0.41018477,-0.17370257,0.05127651,-0.007446359,-0.054448172,-0.0057349578,-0.08549822
7.15,0.133927,0.4764859,0.34253335,-0.30527452,-0.1040745,0.40924636,-0.16844258,0.0673176,0.0064348327,-0.0508313,-0.002230533,-0.08413159
7.16,0.1353027,0.47816497,0.34263343,-0.30662143,-0.103317,0.41004148,-0.16418931,0.08597028,0.021067904,-0.045181356,-0.0028609566,-0.08567039
7.17,0.14481528,0.48275736,0.33799535,-0.3135873,-0.09630199,0.40994787,-0.15959428,0.11288554,0.043501884,-0.03380684,-0.0024721813,-0.08546682
7.18,0.15529838,0.48700467,0.3316304,-0.32116556,-0.08793828,0.4091368,-0.1584045,0.14434998,0.071675524,-0.021253914,-0.0007909137,-0.08562852
7.19,0.16175705,0.48573512,0.32397145,-0.32364815,-0.08085405,0.40453973,-0.15469031,0.18003803,0.105161905,-0.006109504,0.0016235152,-0.085391566
7.2,0.17012532,0.48851714,0.31846666,-0.3293888,-0.07381084,0.40321624,-0.15149476,0.22314359,0.1408009,0.009897238,0.0022446313,-0.08616373
7.21,0.19034083,0.48817793,0.29780248,-0.33934397,-0.05340621,0.39271256,-0.14973362,0.2705235,0.18248124,0.026987066,0.0019703635,-0.087452814
7.22,0.21533294,0.49318558,0.27798137,-0.35422617,-0.031068165,0.38539436,-0.14633296,0.3296894,0.23476955,0.04743335,0.0044406513,-0.0848881
7.23,0.24040128,0.48851052,0.2482592,-0.3644761,-0.0036393423,0.36819446,-0.14369741,0.39609182,0.29393166,0.06806007,0.002122815,-0.08878578
7.24,0.28235766,0.4940732,0.21192034,-0.38830993,0.03545873,0.35278836,-0.14217703,0.4647192,0.35601655,0.089661844,0.0012436032,-0.090583116
7.25,0.31970567,0.4921508,0.17242523,-0.40602767,0.073985055,0.33212602,-0.14184959,0.53176737,0.42183205,0.109136805,0.0003027349,-0.09537924
7.26,0.36232975,0.49301103,0.13094239,-0.42770553,0.115946166,0.31173703,-0.14018331,0.59071845,0.48042646,0.12888114,-0.0035544871,-0.098814435
7.27,0.39208058,0.49042684,0.09829415,-0.4413535,0.14720368,0.294236,-0.139731,0.63760436,0.5237502,0.13965203,-0.011033164,-0.105646096
7.28,0.41743234,0.4932526,0.076055594,-0.45534918,0.17091152,0.28443623,-0.13456456,0.6647211,0.54866105,0.14892608,-0.0151960235,-0.10995329
7.29,0.42423984,0.49534827,0.07143602,-0.45981112,0.17677388,0.28313455,-0.12202768,0.6640492,0.5535218,0.15167208,-0.016870879,-0.10687156
7.3,0.40262887,0.5027938,0.10024737,-0.45266068,0.15146008,0.30120388,-0.110893615,0.61936104,0.5168732,0.143839,-0.014899795,-0.10434429
7.31,0.3566395,0.51539457,0.15893316,-0.4359682,0.09913446,0.33680782,-0.10802941,0.5208086,0.42966,0.119773,-0.0052626627,-0.09549013
7.32,0.29129338,0.52487284,0.23351711,-0.40809393,0.029059017,0.37902126,-0.10938332,0.3987909,0.31734952,0.08686024,0.00745618,-0.08401317
7.33,0.23295808,0.5251551,0.292375,-0.37900847,-0.029489495,0.40857086,-0.11349253,0.28118116,0.20856744,0.04939661,0.012237004,-0.07710796
7.34,0.18212502,0.52116865,0.33911633,-0.35159755,-0.0782084,0.42982894,-0.12581989,0.17599086,0.112629294,0.011134067,0.01105451,-0.07223455
7.35,0.14628889,0.5129565,0.36656296,-0.3294651,-0.11002746,0.43949363,-0.13971828,0.09739316,0.03861647,-0.019261658,0.00820567,-0.07313327
7.36,0.12184912,0.5042775,0.38239253,-0.3130816,-0.13002124,0.44311303,-0.14820577,0.04643269,-0.01145955,-0.042715967,0.00036111323,-0.07711172
7.37,0.113655895,0.49741048,0.38374245,-0.30562547,-0.13471921,0.4404378,-0.15293646,0.018581662,-0.037133083,-0.054777402,-0.0026508698,-0.07922375
7.38,0.107848376,0.49482748,0.38743192,-0.30122864,-0.13963248,0.44088373,-0.15241691,0.006730444,-0.04631678,-0.059864227,-0.0050074873,-0.080400854
7.39,0.102570556,0.49172446,0.38945702,-0.2971221,-0.14323518,0.44022846,-0.15352745,0.002892656,-0.051436592,-0.0636074,-0.006703147,-0.07969909
7.4,0.1063309,0.49582613,0.3896892,-0.30104688,-0.14146584,0.44252896,-0.15326518,0.0053147897,-0.054428793,-0.061425567,-0.0062100864,-0.07865303
7.41,0.109333746,0.49926853,0.39013958,-0.30417317,-0.14028646,0.44449884,-0.15135069,0.010033148,-0.050739612,-0.059293263,-0.0027995056,-0.07708594
7.42,0.105009034,0.49986386,0.39498085,-0.30234802,-0.14480338,0.44722453,-0.1499239,0.014443201,-0.047684673,-0.057735015,-0.00080505374,-0.077914804
7.43,0.11081339,0.506318,0.3953472,-0.30852306,-0.14201733,0.45058808,-0.15052846,0.016780442,-0.04413546,-0.05460207,0.0023485243,-0.07628987
7.44,0.108306706,0.509614,0.40138152,-0.30892473,-0.1463325,0.45527953,-0.1507597,0.01452348,-0.041650694,-0.052319814,0.0075577027,-0.07264002
7.45,0.11197673,0.51204526,0.3999755,-0.31192634,-0.14367212,0.45572284,-0.15263121,0.011242414,-0.041993484,-0.04981559,0.0074114134,-0.06874987
7.46,0.11527356,0.5184603,0.40312403,-0.31697878,-0.14355025,0.46058175,-0.15436311,0.012662647,-0.03863169,-0.0443284,0.015485774,-0.06376102
7.47,0.11990553,0.52444714,0.40453213,-0.3221981,-0.14217421,0.46428543,-0.15745096,0.008164863,-0.03767115,-0.036741834,0.019483354,-0.0614315
7.48,0.12125183,0.5231716,0.4019657,-0.3223305,-0.14019786,0.46237338,-0.15941909,0.0021154184,-0.039880257,-0.03795797,0.019656302,-0.059816223
7.49,0.1205405,0.51958334,0.39908314,-0.32018632,-0.13904186,0.45917332,-0.16203368,-0.0043710694,-0.043588538,-0.03817212,0.02009735,-0.059444346
7.5,0.115326904,0.5160089,0.40023372,-0.3157351,-0.14222342,0.4579201,-0.16473342,-0.014038396,-0.050183196,-0.040849548,0.020104779,-0.060891125
7.51,0.11593974,0.51354825,0.39730656,-0.31475744,-0.14036474,0.45500028,-0.16922028,-0.02427674,-0.06014008,-0.046551872,0.019216334,-0.05943327
7.52,0.10998971,0.50918466,0.39911923,-0.30949813,-0.14431879,0.45393392,-0.17037551,-0.035349645,-0.069138765,-0.054291073,0.014442888,-0.062120758
7.53,0.10847583,0.5041421,0.39574596,-0.3061815,-0.14352824,0.44979247,-0.17335215,-0.04675586,-0.07999266,-0.060472663,0.011223368,-0.065022126
7.54,0.104865074,0.5046239,0.3998006,-0.30467498,-0.14717261,0.45195177,-0.17628977,-0.05638498,-0.088909954,-0.06658355,0.0101014115,-0.06622621
7.55,0.09881742,0.5007163,0.40186405,-0.2998822,-0.15135619,0.45108438,-0.17760722,-0.06546134,-0.09846879,-0.07356675,0.0071405545,-0.06743904
7.56,0.09755385,0.4987412,0.40110955,-0.29826477,-0.15156037,0.44970655,-0.18038508,-0.0748428,-0.11032449,-0.081166275,0.0035376716,-0.07093529
7.57,0.0943664,0.49753895,0.4033024,-0.2960033,-0.15417512,0.45022482,-0.18141326,-0.08209177,-0.11563817,-0.0874641,-0.00087178766,-0.0723455
7.58,0.08939131,0.49391687,0.40476355,-0.29167816,-0.15740821,0.4492001,-0.18240102,-0.08490543,-0.121279866,-0.09074034,-0.0036774166,-0.07492522
7.59,0.08709292,0.49185017,0.4048289,-0.28953373,-0.15856881,0.44807944,-0.1836474,-0.08697649,-0.12235446,-0.09006965,-0.0024315012,-0.074787945
7.6,0.08413011,0.48899743,0.40505365,-0.2865988,-0.16027698,0.4468445,-0.18466154,-0.09009712,-0.122980565,-0.09270922,-0.003852126,-0.07684861
7.61,0.08662816,0.4866673,0.40008178,-0.2866935,-0.15651393,0.44313,-0.1851107,-0.092012346,-0.1232018,-0.09331045,-0.0077992044,-0.07909755
7.62,0.08089117,0.48728,0.4064148,-0.28411135,-0.16255665,0.44662648,-0.18341446,-0.09168788,-0.12418851,-0.09202916,-0.004746183,-0.07700073
7.63,0.07991591,0.48505366,0.40519726,-0.28251722,-0.1623242,0.4448697,-0.18458404,-0.09013109,-0.12699373,-0.09592259,-0.0059563112,-0.078529
7.64,0.08222551,0.4877255,0.40555573,-0.28498423,-0.16146234,0.44651327,-0.18397187,-0.09062668,-0.1297651,-0.09734337,-0.0077864253,-0.07824682
7.65,0.083266966,0.4905322,0.40753302,-0.28687721,-0.16188583,0.44881693,-0.18341896,-0.090966366,-0.13242449,-0.10017327,-0.01036322,-0.08026447
7.66,0.084812045,0.4878496,0.4032031,-0.28625754,-0.15894215,0.44533893,-0.18648942,-0.091790944,-0.13460806,-0.10337474,-0.01213158,-0.08215336
7.67,0.08492623,0.4894642,0.40469924,-0.2872167,-0.15968776,0.4467778,-0.18803215,-0.09386225,-0.13568042,-0.10445335,-0.012748338,-0.082135804
7.68,0.08367796,0.49110705,0.4075097,-0.28740457,-0.16172966,0.4490982,-0.18684927,-0.09309283,-0.13430262,-0.10263841,-0.012396603,-0.0818606
7.69,0.08869377,0.49173695,0.4030185,-0.29024684,-0.1568699,0.44717994,-0.18556368,-0.09617173,-0.13570558,-0.102827944,-0.011843761,-0.081861295
7.7,0.0796319,0.4887044,0.40899605,-0.284164,-0.16439949,0.4487135,-0.18620987,-0.09714518,-0.13503137,-0.10165252,-0.013037331,-0.081827454
7.71,0.07651166,0.4838929,0.40730724,-0.2802,-0.1650961,0.44535822,-0.18907566,-0.09996208,-0.1391157,-0.10511759,-0.015745971,-0.08584632
7.72,0.07580382,0.484264,0.40828085,-0.27996412,-0.16597493,0.4460278,-0.1906057,-0.10322937,-0.14226721,-0.10668058,-0.018107638,-0.08658241
7.73,0.075709276,0.4840127,0.40809155,-0.27987376,-0.16592179,0.44582897,-0.19049983,-0.104247876,-0.14112101,-0.10751759,-0.01756853,-0.08563333
7.74,0.07911317,0.48757714,0.40834436,-0.28329828,-0.16443826,0.44777575,-0.184331,-0.096652985,-0.13577199,-0.10356633,-0.011904014,-0.081944674
7.75,0.0857701,0.51581895,0.4300459,-0.30081785,-0.17185986,0.4727782,-0.16145906,-0.07786161,-0.12065693,-0.087423526,0.0023881833,-0.06801566
7.76,0.0921463,0.53936654,0.44722596,-0.31571683,-0.17712525,0.49309418,-0.13612843,-0.058898233,-0.104880065,-0.07384047,0.013364501,-0.057490468
7.77,0.096010774,0.543003,0.44701326,-0.31944165,-0.17523672,0.4947456,-0.13473956,-0.05403093,-0.101298414,-0.072550304,0.01289454,-0.0557738
7.78,0.11052422,0.57828945,0.46782345,-0.344411,-0.1784187,0.5227912,-0.13605128,-0.04706945,-0.089157164,-0.056816872,0.030438293,-0.03797423
7.79,0.14125434,0.6158553,0.4747079,-0.37850562,-0.16636482,0.5448884,-0.16219056,-0.037313577,-0.07396707,-0.037946623,0.04973681,-0.018565482
7.8,0.14571014,0.60252565,0.45686474,-0.37394765,-0.15539423,0.52938277,-0.17954281,-0.052675836,-0.08345178,-0.045548357,0.0455382,-0.021966107
7.81,0.13530792,0.5731727,0.4378913,-0.35426122,-0.15096538,0.50524426,-0.19308983,-0.07075774,-0.09922973,-0.061494075,0.03432538,-0.0337949
7.82,0.13880122,0.5663137,0.4275451,-0.35256782,-0.14416772,0.4966369,-0.20444608,-0.06850133,-0.09485718,-0.057697553,0.03788562,-0.030283319
7.83,0.104938045,0.5272392,0.4224221,-0.31605554,-0.158531,0.47470558,-0.19970863,-0.091046534,-0.12359918,-0.087416105,0.009425288,-0.05628797
7.84,0.0915694,0.49648035,0.40504342,-0.29403663,-0.15638228,0.45035797,-0.19956012,-0.10601802,-0.13705312,-0.103790894,-0.00870436,-0.07384969
7.85,0.07956508,0.47529078,0.39579132,-0.2773932,-0.15781508,0.435223,-0.20145835,-0.1162304,-0.15076125,-0.1190303,-0.025260244,-0.0872228
7.86,0.07752782,0.46702877,0.38948104,-0.27235037,-0.15570302,0.42802197,-0.20513876,-0.12704946,-0.16052894,-0.12487071,-0.029227454,-0.08900932
7.87,0.07344432,0.46248078,0.38905847,-0.2680089,-0.15758772,0.4256193,-0.19741367,-0.108039126,-0.14822024,-0.120276876,-0.026488572,-0.088573456
7.88,0.07180317,0.46507698,0.3933498,-0.26858613,-0.1604814,0.42893127,-0.20415309,-0.12979999,-0.16209283,-0.12561195,-0.025458561,-0.08795994
7.89,0.05017581,0.47443026,0.42421636,-0.2623678,-0.18676049,0.44901857,-0.15971605,-0.05718408,-0.123381734,-0.11032527,-0.027864758,-0.09394633
7.9,0.059492964,0.46844682,0.4088838,-0.26403558,-0.17437474,0.43839568,-0.024113236,0.14511994,-0.03282844,-0.0966785,-0.07934689,-0.15741238
7.91,0.24895407,0.32554692,0.07669565,-0.2872565,0.08631223,0.20082544,0.06919099,0.4511816,0.21352312,-0.060337257,-0.1775019,-0.26532674
7.92,0.63802725,0.57039344,-0.0681499,-0.6044763,0.3536242,0.250919,-0.17324032,0.15017477,0.53065956,0.34873247,0.18773288,0.040800843
7.93,0.57288325,0.82914615,0.25597435,-0.7011894,0.15885927,0.54241306,-0.20947759,-0.41988182,0.735945,0.71549076,0.47959122,0.29787055
7.94,0.047194973,0.39396882,0.34679082,-0.22058491,-0.14956783,0.37012172,-0.05454812,-0.6442044,-0.10445322,-0.023515064,-0.047623534,-0.07829718
7.95,-0.15589109,0.309118,0.46492574,-0.07657646,-0.31002262,0.3868688,-0.19982286,-0.81209385,-0.65352035,-0.42747867,-0.20566237,-0.20183906
7.96,-0.07772976,0.31703475,0.39479247,-0.11958382,-0.23605275,0.3556816,-0.16660982,-0.3851859,-0.30913708,-0.27388775,-0.1731044,-0.21118194
7.97,0.042610858,0.40601686,0.3634323,-0.22421147,-0.16014975,0.38439038,-0.17743355,-0.14530197,-0.17313455,-0.16805099,-0.08722907,-0.14105296
7.98,0.09650757,0.4689803,0.37247682,-0.28282368,-0.13776131,0.42060494,-0.15620254,-0.013088526,-0.053559933,-0.08614767,-0.029133454,-0.09280013
7.99,0.092664644,0.4666632,0.37391928,-0.27964827,-0.14034492,0.42004162,-0.15960084,-0.020120604,-0.081390835,-0.10101515,-0.0302123,-0.09199102
8.0,0.10429987,0.477272,0.37292582,-0.29059008,-0.13413505,0.42472824,-0.16009891,0.0015738771,-0.05645469,-0.08555092,-0.02033082,-0.0859207
8.01,0.1083099,0.4765457,0.36804733,-0.2923268,-0.12969843,0.42205688,-0.16258742,0.0030930552,-0.061469465,-0.088327214,-0.021259475,-0.08707373
8.02,0.114935584,0.4803829,0.36507383,-0.2975474,-0.124739714,0.4224122,-0.16427036,0.017279275,-0.047419827,-0.082225114,-0.02004818,-0.087229185
8.03,0.11593935,0.479784,0.36364323,-0.2976887,-0.12349755,0.42141452,-0.16420715,0.028704526,-0.04418364,-0.08264587,-0.021145428,-0.08779664
8.04,0.11598836,0.48108605,0.36491966,-0.29840156,-0.124147296,0.42269477,-0.16113873,0.045353103,-0.030666353,-0.07606744,-0.01592907,-0.08556559
8.05,0.1277212,0.48832548,0.3605934,-0.3079362,-0.11618084,0.4240983,-0.15941352,0.062098313,-0.018251743,-0.07129091,-0.014650503,-0.083761685
8.06,0.1340904,0.48839286,0.3542413,-0.31125927,-0.10979742,0.42117482,-0.15527184,0.08498262,-0.00064587616,-0.06262035,-0.014273839,-0.08299823
8.07,0.1396276,0.4893513,0.34979042,-0.31454507,-0.104916096,0.41951096,-0.15226826,0.111460224,0.02085802,-0.05252811,-0.015362587,-0.08337411
8.08,0.14804707,0.49353057,0.34565789,-0.32073998,-0.0985899,0.41938177,-0.14990029,0.14178999,0.050219525,-0.03911671,-0.013754285,-0.08177813
8.09,0.16269805,0.49573007,0.333099,-0.32916662,-0.084992155,0.41431203,-0.14832747,0.17601754,0.08143294,-0.026153527,-0.011912161,-0.08077847
8.1,0.1766668,0.50132066,0.3247603,-0.33902603,-0.07372589,0.41285902,-0.1435952,0.21793023,0.12094145,-0.007895059,-0.009290563,-0.07913704
8.11,0.20240945,0.5070837,0.3046469,-0.35473853,-0.05089016,0.40555468,-0.14290741,0.26383233,0.1615332,0.008801797,-0.008485664,-0.079871655
8.12,0.22673497,0.5066824,0.27989978,-0.36667746,-0.026289558,0.3929934,-0.14588813,0.31469408,0.20452778,0.023205684,-0.010189667,-0.0830344
8.13,0.2535795,0.50674015,0.25308463,-0.38011152,0.000541443,0.37961724,-0.14590222,0.3720867,0.25852033,0.042425215,-0.010194804,-0.08495681
8.14,0.29946253,0.513031,0.2132894,-0.40618944,0.043415237,0.3628343,-0.14850846,0.43294695,0.3158501,0.062638074,-0.01237198,-0.0873918
8.15,0.34114638,0.51388377,0.17261852,-0.427566,0.08468896,0.3429419,-0.15141015,0.49261442,0.37029314,0.078038804,-0.018343417,-0.094505906
8.16,0.37798762,0.51405823,0.13592996,-0.44607005,0.12125311,0.3246002,-0.15234078,0.54349834,0.4155132,0.09126142,-0.024620812,-0.09970794
8.17,0.40228644,0.5097035,0.10725347,-0.4560087,0.14772512,0.3082677,-0.14798562,0.5820863,0.4535798,0.10337445,-0.030139942,-0.10573989
8.18,0.42044875,0.51168823,0.09127367,-0.46583948,0.16466133,0.30120072,-0.13856603,0.6091774,0.48026854,0.11518067,-0.03028452,-0.10803946
8.19,0.41902885,0.51567143,0.09663714,-0.46720695,0.16131626,0.3057572,-0.12965317,0.60512966,0.477505,0.11609457,-0.033293795,-0.110164635
8.2,0.39353272,0.52747345,0.13413705,-0.46061608,0.1299419,0.33062342,-0.11818297,0.5578642,0.43305513,0.10567048,-0.028483132,-0.10261021
8.21,0.33514753,0.5342421,0.19941252,-0.4347235,0.06813521,0.36656496,-0.110376276,0.46612594,0.34874547,0.08852764,-0.013704458,-0.08546343
8.22,0.27306113,0.5406743,0.26763278,-0.40677992,0.0029517873,0.4038204,-0.109104194,0.3542906,0.24812563,0.059355687,-0.004467612,-0.07665669
8.23,0.21526636,0.53870165,0.32325795,-0.3769665,-0.0536758,0.43076503,-0.11261425,0.2489474,0.1520789,0.025852561,0.00028704558,-0.07251807
8.24,0.16941802,0.5317186,0.36249354,-0.3506092,-0.096219756,0.44690743,-0.12274075,0.1569422,0.06855491,-0.0065552006,-0.0006168551,-0.070373885
8.25,0.13750671,0.51988393,0.38240224,-0.32857046,-0.122246176,0.4509502,-0.12984785,0.09263993,0.010792243,-0.031834953,-0.0038472533,-0.06779871
8.26,0.11780076,0.50998867,0.39202827,-0.31391504,-0.13672855,0.45058522,-0.13567966,0.052981693,-0.027207294,-0.047746968,-0.006524499,-0.07134417
8.27,0.1088681,0.5051577,0.39643195,-0.30690095,-0.14357242,0.4505773,-0.13718739,0.032702092,-0.04948894,-0.05597112,-0.008172262,-0.07244157
8.28,0.108370245,0.50375307,0.39564335,-0.3058936,-0.14344238,0.44945255,-0.13802475,0.02564627,-0.055076808,-0.06127442,-0.010442718,-0.07401694
8.29,0.1030378,0.504312,0.4012677,-0.3036275,-0.14886652,0.4524617,-0.13926806,0.028493984,-0.053690024,-0.059206393,-0.00982299,-0.07267788
8.3,0.10289432,0.5049558,0.40207827,-0.30390152,-0.1493418,0.45312697,-0.1371951,0.030756457,-0.05138777,-0.056092635,-0.007973854,-0.0722556
8.31,0.10750631,0.5108212,0.4032608,-0.30903658,-0.14769858,0.45671543,-0.13643157,0.036736224,-0.04566907,-0.0535918,-0.0058778543,-0.07038598
8.32,0.10823201,0.51179725,0.40356165,-0.30989784,-0.14742973,0.45733875,-0.1385078,0.038087662,-0.04505228,-0.05191444,-0.005179452,-0.07046958
8.33,0.1094855,0.51070833,0.4012276,-0.31009904,-0.14562199,0.4555115,-0.1400327,0.03735074,-0.042889316,-0.049846884,-0.0034649437,-0.070385985
8.34,0.110472895,0.51397234,0.4033877,-0.3121621,-0.14615606,0.45824993,-0.1388784,0.04018916,-0.039085902,-0.044536464,0.0015055308,-0.06512044
8.35,0.11291391,0.51662624,0.40356728,-0.31493795,-0.14494768,0.46003136,-0.14289045,0.039411396,-0.03580311,-0.03910233,0.0067140567,-0.05943665
8.36,0.11682177,0.5201549,0.4032253,-0.31849286,-0.14298101,0.4614688,-0.14563432,0.035595864,-0.035906017,-0.03773511,0.0076242755,-0.05785317
8.37,0.115297824,0.5192767,0.40401223,-0.31723353,-0.14417627,0.4614576,-0.14773944,0.03234147,-0.03566341,-0.032640614,0.009624072,-0.05547339
8.38,0.1097031,0.51672435,0.40687078,-0.31327733,-0.1483284,0.46170568,-0.14919165,0.025655495,-0.03802182,-0.030492162,0.013582755,-0.05471436
8.39,0.11280713,0.51773363,0.40469104,-0.3153438,-0.14569585,0.46103165,-0.15171668,0.017823538,-0.042944074,-0.03400826,0.01339752,-0.054987796
8.4,0.11023793,0.517108,0.4069068,-0.31383315,-0.14817114,0.46187398,-0.15586959,0.008804649,-0.049796667,-0.036913954,0.011028095,-0.056252778
8.41,0.11049544,0.51510984,0.40461612,-0.31276092,-0.14681514,0.4595606,-0.15959045,-0.001401805,-0.060555138,-0.043265343,0.0067733186,-0.057947546
8.42,0.10688648,0.50910693,0.40207353,-0.3078716,-0.14742762,0.45531303,-0.16448069,-0.010641626,-0.07168727,-0.049801562,0.0056356476,-0.057622917
8.43,0.105714954,0.5034492,0.3977289,-0.30450585,-0.14576694,0.45027056,-0.16328925,-0.018576328,-0.08136868,-0.055004176,0.007963952,-0.058340184
8.44,0.106343985,0.50261736,0.39629194,-0.30432373,-0.14481226,0.44920978,-0.16431358,-0.0277104,-0.09019872,-0.062637724,0.004172943,-0.06167523
8.45,0.10370727,0.49768943,0.39406258,-0.30067113,-0.14512746,0.44578627,-0.16825974,-0.033045657,-0.10004875,-0.06842398,0.00056404003,-0.06306135
8.46,0.096953504,0.49482822,0.39781937,-0.29595253,-0.15024011,0.44615,-0.16740204,-0.037161388,-0.105146654,-0.06964207,0.0014085255,-0.060924344
8.47,0.09257257,0.48546785,0.39270455,-0.2889761,-0.1498635,0.43885005,-0.16774152,-0.04112884,-0.10746783,-0.07383151,-0.0011392288,-0.06222678
8.48,0.09351395,0.4892286,0.39560527,-0.29151326,-0.15070337,0.44214696,-0.1660425,-0.040729497,-0.108667925,-0.071304195,0.0014772445,-0.0633655
8.49,0.09286854,0.4840659,0.39113525,-0.2884874,-0.14887023,0.43738598,-0.16558997,-0.041699875,-0.11288139,-0.07384287,-0.0007619841,-0.068663225
8.5,0.08783595,0.48131067,0.39317957,-0.28461227,-0.15236035,0.4369757,-0.16650951,-0.040232725,-0.11228158,-0.075085804,-0.0011331436,-0.067636274
8.51,0.08849064,0.4779802,0.38907447,-0.28321868,-0.15006293,0.43329275,-0.16689694,-0.038828406,-0.11242153,-0.07529853,0.0016118971,-0.06534324
8.52,0.08807937,0.47577986,0.38740993,-0.28183073,-0.14938709,0.43136418,-0.16782688,-0.038227215,-0.11095319,-0.07355433,-0.0017907562,-0.06847105
8.53,0.08942395,0.4750458,0.38534328,-0.28232765,-0.14759861,0.42992702,-0.16675858,-0.035267163,-0.10887789,-0.073072694,-0.000955887,-0.066578105
8.54,0.09133687,0.4726857,0.3812331,-0.28198287,-0.14471492,0.42664924,-0.16678602,-0.033914007,-0.11078175,-0.075616255,-0.0016706395,-0.065689564
8.55,0.08961659,0.47397578,0.3842318,-0.28178152,-0.14692226,0.4288023,-0.16515289,-0.030783989,-0.108649485,-0.0727691,-0.0029269322,-0.06639169
8.56,0.0907285,0.47277734,0.3818954,-0.28187674,-0.14525265,0.42703417,-0.16468857,-0.028279249,-0.11042224,-0.0726611,-0.0028178648,-0.0679016
8.57,0.09177446,0.46623078,0.37449715,-0.27898923,-0.14098638,0.41999364,-0.16712734,-0.029249126,-0.109257646,-0.07279646,-0.00021956404,-0.06731876
8.58,0.08937417,0.46703768,0.3778161,-0.27824268,-0.14385116,0.42216834,-0.16610478,-0.028622555,-0.109762594,-0.07268324,-0.0004231567,-0.067381285
8.59,0.092775024,0.46869093,0.37597921,-0.2809458,-0.14119726,0.4220902,-0.16527872,-0.025100395,-0.107887335,-0.07178877,-0.00010935661,-0.06668359
8.6,0.0944944,0.47016186,0.37566987,-0.2822256,-0.1403387,0.42272836,-0.1630196,-0.02434975,-0.10797407,-0.06918369,0.00031693073,-0.06930447
8.61,0.0933349,0.46703756,0.37374845,-0.28031674,-0.13995332,0.41997156,-0.16074254,-0.022482228,-0.104997315,-0.065776125,-2.2432112e-05,-0.06902534
8.62,0.09004782,0.4586951,0.3685469,-0.2744718,-0.13901922,0.41337988,-0.16406861,-0.02387948,-0.10683971,-0.0692656,-0.0044073537,-0.07101818
8.63,0.08250824,0.4522777,0.3699365,-0.2674254,-0.14339744,0.41086012,-0.16745566,-0.022474948,-0.10710715,-0.069425896,-0.0031187616,-0.07152794
8.64,0.08611668,0.45528525,0.36920804,-0.27070615,-0.14125057,0.41193697,-0.16023925,-0.018628048,-0.10415684,-0.07057266,-0.0011743698,-0.07084841
8.65,0.09438544,0.46863967,0.37422773,-0.28151155,-0.139608,0.42115745,-0.14871621,-0.0038852713,-0.09332564,-0.057372436,0.008109983,-0.06400352
8.66,0.10015513,0.49711192,0.39704907,-0.2987349,-0.14818442,0.44688344,-0.12189707,0.022536937,-0.07489536,-0.03877291,0.023775402,-0.04853018
8.67,0.109138794,0.50965863,0.40021512,-0.309451,-0.14533186,0.45464495,-0.10601812,0.037228722,-0.06476455,-0.030502066,0.026768196,-0.04331364
8.68,0.1156297,0.5214821,0.40571934,-0.31873283,-0.14475217,0.46342885,-0.10383741,0.044689216,-0.05785,-0.021108378,0.037081264,-0.03665942
8.69,0.13205224,0.554887,0.4228043,-0.34344053,-0.14506945,0.4886064,-0.11150102,0.05528442,-0.04199225,-0.0026805575,0.05981638,-0.017266879
8.7,0.15957269,0.58197546,0.4223778,-0.37066212,-0.13122739,0.50190145,-0.14105983,0.06048116,-0.029103238,0.012020339,0.07720961,3.2448188e-05
8.71,0.15863334,0.5574858,0.3987985,-0.35807514,-0.119867325,0.47792897,-0.15214966,0.03645682,-0.048568957,-0.0063970233,0.05730376,-0.014070494
8.72,0.14941639,0.536186,0.3867477,-0.34272596,-0.11837648,0.46127537,-0.16854118,0.03195358,-0.048353896,-0.009083272,0.05594464,-0.01684309
8.73,0.13289346,0.51444805,0.38153473,-0.32371876,-0.12392916,0.44772,-0.17597203,0.028208457,-0.05738566,-0.018918782,0.050388247,-0.021856947
8.74,0.105945915,0.47863397,0.3728637,-0.29222196,-0.13321264,0.42545822,-0.16852349,0.014558372,-0.07680014,-0.04095569,0.024390722,-0.04732825
8.75,0.103785545,0.4528891,0.34908295,-0.27828512,-0.1223934,0.40075013,-0.16477267,0.00822894,-0.084103145,-0.050507434,0.01240495,-0.057844058
8.76,0.09215649,0.43149012,0.33934158,-0.2617858,-0.12321336,0.3851151,-0.16749117,0.0035184112,-0.09649714,-0.06069509,0.0029374815,-0.06896541
8.77,0.08761031,0.42996806,0.3425594,-0.2588945,-0.12719835,0.38609737,-0.1685201,-0.0012686105,-0.09774779,-0.06060834,0.0011699089,-0.07226084
8.78,0.086621135,0.42595798,0.3393395,-0.25634405,-0.12608114,0.38238585,-0.16512592,0.018808955,-0.08819415,-0.058255453,-0.0011625316,-0.07189726
8.79,0.08876448,0.42535564,0.3366525,-0.2569343,-0.123573706,0.38068968,-0.1682519,5.1010764e-05,-0.09582661,-0.059503764,-0.00041584836,-0.07412543
8.8,0.06447992,0.4349763,0.37058216,-0.24975358,-0.15280695,0.40247607,-0.09032534,0.13756548,-0.033215996,-0.039155915,-0.013280854,-0.09282702
8.81,0.107163124,0.37370196,0.2665656,-0.24038093,-0.07943744,0.3198505,0.05680245,0.37027088,0.09213311,-0.030413937,-0.097677246,-0.18843502
8.82,0.3837683,0.26201963,-0.121864475,-0.32298672,0.2530561,0.06987268,0.04705791,0.5921022,0.37080225,0.06357535,-0.118123665,-0.22105081
8.83,0.74555844,0.65235287,-0.0935873,-0.6991418,0.42005092,0.27906248,-0.22638187,0.15170468,0.7440707,0.5929426,0.3723291,0.19399752
8.84,0.442759,0.65496683,0.21208367,-0.54904395,0.115682594,0.43317762,-0.081686944,-0.23687878,0.6838853,0.6278405,0.35519385,0.20558001
8.85,-0.062025253,0.28386906,0.34595093,-0.11091111,-0.20372376,0.31463492,-0.010169025,-0.5258216,-0.31661713,-0.16149879,-0.12487305,-0.13955666
8.86,-0.12446005,0.3034778,0.42800644,-0.08956716,-0.27602065,0.3655987,-0.13405924,-0.51801,-0.45124835,-0.28159696,-0.14268859,-0.17411947
8.87,-0.017981209,0.2789387,0.29677007,-0.1305713,-0.15715952,0.28772846,-0.10887913,-0.1323414,-0.180826,-0.17084916,-0.12587105,-0.18708554
8.88,0.09433375,0.38464248,0.29024616,-0.23935072,-0.0976471,0.33715636,-0.13875918,0.055359967,-0.046896707,-0.057389,-0.024281774,-0.0978755
8.89,0.120021775,0.41271132,0.29258174,-0.26638952,-0.08595142,0.35222682,-0.10685612,0.15399966,0.022083424,-0.019697268,0.0010550576,-0.0767428
8.9,0.1268911,0.41919047,0.2925578,-0.2728983,-0.08263625,0.35566083,-0.119814284,0.14586096,0.010895588,-0.02017912,0.0119455205,-0.07236723
8.91,0.13302504,0.42068407,0.2878324,-0.27689976,-0.07719912,0.35402167,-0.115469605,0.17250238,0.033046376,-0.008559812,0.013777465,-0.06555847
8.92,0.13796096,0.41962272,0.28166637,-0.27877003,-0.07172073,0.35040668,-0.11760724,0.17828706,0.0382419,-0.0018404376,0.01763579,-0.06333877
8.93,0.14546682,0.42014652,0.27490848,-0.2827401,-0.06450096,0.34734112,-0.11558435,0.19654383,0.04945744,-0.0036679665,0.013470253,-0.06415375
8.94,0.1432236,0.4206966,0.27748773,-0.2818598,-0.06686802,0.3488877,-0.11991712,0.20463774,0.054481752,-0.008501953,0.010884761,-0.06807445
8.95,0.14974353,0.42219943,0.27272323,-0.28600597,-0.061209634,0.34736478,-0.12075802,0.22360475,0.071993046,0.009902463,0.018511627,-0.06549774
8.96,0.15302908,0.41682354,0.2637542,-0.28495914,-0.055080853,0.34009385,-0.113227755,0.24629107,0.093084045,0.02278336,0.025869863,-0.058905523
8.97,0.16208827,0.41699585,0.25502282,-0.28950158,-0.046263237,0.33583254,-0.11093935,0.26995632,0.111826345,0.02591458,0.02763169,-0.057563666
8.98,0.16190608,0.41835758,0.25638306,-0.29007375,-0.047018915,0.33712578,-0.10913349,0.2976563,0.13631794,0.034449518,0.025435971,-0.063611984
8.99,0.17405039,0.41752672,0.24349254,-0.29573616,-0.034433946,0.33019516,-0.10701127,0.3296551,0.16543753,0.04764673,0.020793205,-0.06535925
9.0,0.19353339,0.42147976,0.22810963,-0.3074881,-0.017010495,0.32447565,-0.106022134,0.36878267,0.20070107,0.06233504,0.021760056,-0.06206888
9.01,0.20685595,0.41873157,0.21179003,-0.31282163,-0.0022233601,0.3150465,-0.106316574,0.40853775,0.23903435,0.08347978,0.024987428,-0.063268505
9.02,0.23083776,0.41973415,0.18899661,-0.32521343,0.02106915,0.30411723,-0.10224993,0.45813805,0.2863055,0.10410448,0.02660087,-0.057041388
9.03,0.26731184,0.42250022,0.15529336,-0.3449551,0.056268923,0.28868738,-0.10381925,0.51391554,0.3354661,0.11875698,0.025877925,-0.056884237
9.04,0.2922992,0.4173944,0.12532967,-0.35484454,0.083643116,0.27115783,-0.11361317,0.56665254,0.3824425,0.1329887,0.020001987,-0.06515549
9.05,0.33421528,0.4228903,0.08871008,-0.3785835,0.12300458,0.25555557,-0.114828154,0.62380296,0.43686557,0.14980377,0.021248225,-0.068489544
9.06,0.37912324,0.42741698,0.04839644,-0.40336752,0.16567382,0.23757198,-0.11745342,0.68247664,0.49134734,0.16602062,0.0131522175,-0.07078382
9.07,0.41347852,0.42345327,0.010065457,-0.4184773,0.201955,0.21655819,-0.11792205,0.7347988,0.541842,0.18593037,0.012697373,-0.07426963
9.08,0.43820646,0.42457673,-0.013678485,-0.43143338,0.22621687,0.20521088,-0.11430001,0.77819246,0.5768388,0.19708882,0.0152091095,-0.07643102
9.09,0.45109782,0.4273053,-0.023809263,-0.43919122,0.23776974,0.2014647,-0.10175891,0.80444723,0.60157573,0.20807236,0.009226676,-0.07670614
9.1,0.44708368,0.4310299,-0.016161792,-0.4391033,0.23192418,0.20728925,-0.086204946,0.80463356,0.5983226,0.21615593,0.014612328,-0.073538385
9.11,0.41264275,0.4442354,0.03146921,-0.42837006,0.19087069,0.23747851,-0.0674386,0.75891244,0.5521726,0.20838487,0.026268862,-0.06153197
9.12,0.35142967,0.4496981,0.097879395,-0.40051475,0.12711823,0.27351865,-0.052193727,0.6727459,0.47697225,0.19470407,0.037651464,-0.050354756
9.13,0.28640857,0.452806,0.16631578,-0.36963505,0.060275048,0.30936393,-0.050830495,0.56943226,0.37963742,0.16226088,0.041586783,-0.040475633
9.14,0.22775249,0.44677445,0.21890654,-0.3371678,0.0046047545,0.3325793,-0.047290508,0.47292835,0.29259136,0.1341219,0.048747055,-0.035358053
9.15,0.1936111,0.43817902,0.24433967,-0.31587714,-0.02517145,0.34105232,-0.054668073,0.3904656,0.21404892,0.10497253,0.049276803,-0.03448046
9.16,0.1619586,0.42784688,0.2660387,-0.29496592,-0.051746693,0.34673017,-0.06166425,0.33147368,0.15944655,0.07815804,0.04462964,-0.03895232
9.17,0.14738704,0.4136522,0.26646966,-0.28050628,-0.059264943,0.3397876,-0.063295424,0.30539653,0.1324798,0.065282606,0.032956112,-0.046752416
9.18,0.14152488,0.40850535,0.2669552,-0.2749138,-0.06243882,0.3375217,-0.062823676,0.29277718,0.117202066,0.05513661,0.029793022,-0.04305612
9.19,0.13626656,0.4052668,0.26897115,-0.27075166,-0.06615828,0.33681884,-0.059214666,0.2938466,0.11899753,0.060555715,0.037905827,-0.039193112
9.2,0.1366169,0.39913374,0.26270774,-0.26786062,-0.06270368,0.33055216,-0.056872472,0.29605594,0.1184831,0.0644403,0.04201848,-0.037130933
9.21,0.13360387,0.39682648,0.2632432,-0.26526594,-0.06461721,0.32986444,-0.05708394,0.29919586,0.12160298,0.057631034,0.038131017,-0.038730875
9.22,0.14053196,0.4020991,0.26149896,-0.2714065,-0.06031637,0.33163977,-0.057822384,0.30845731,0.1318664,0.066873014,0.03944997,-0.04311179
9.23,0.14427517,0.40447628,0.26022428,-0.27433032,-0.057843715,0.33215898,-0.05458158,0.31408003,0.13810267,0.07429048,0.038127773,-0.040344737
9.24,0.1428015,0.40180308,0.2590066,-0.27233392,-0.05776746,0.33009702,-0.05905478,0.31315282,0.13995935,0.07457982,0.046861045,-0.0333086
9.25,0.1418906,0.40031627,0.25848168,-0.27117553,-0.05809223,0.3291882,-0.05999254,0.31465465,0.14632204,0.08126578,0.050761357,-0.029621664
9.26,0.15159376,0.402561,0.25100154,-0.2769867,-0.049565732,0.3265063,-0.065700874,0.31373912,0.14523454,0.08364688,0.049649082,-0.03031908
9.27,0.1464538,0.4000899,0.25357312,-0.2732088,-0.053391784,0.3266091,-0.067523494,0.30823848,0.14568312,0.08395492,0.052624673,-0.028722424
9.28,0.14272617,0.39430603,0.25162184,-0.26856282,-0.054271366,0.3228549,-0.06501146,0.30444187,0.14748725,0.0905933,0.058269236,-0.02250713
9.29,0.14493133,0.39185888,0.24699527,-0.26841316,-0.050891038,0.3193454,-0.06560275,0.2966769,0.14298896,0.098553665,0.06376728,-0.020119166
9.3,0.13975352,0.3892689,0.24957114,-0.2647042,-0.054677505,0.31929666,-0.06732152,0.2862173,0.13264549,0.088202246,0.059029352,-0.022442732
9.31,0.13969101,0.38670418,0.24704994,-0.26310083,-0.053328887,0.31654158,-0.07327269,0.27617213,0.123247966,0.08316782,0.05926421,-0.018473351
9.32,0.1355056,0.37995175,0.24416466,-0.25767517,-0.0540093,0.31167963,-0.075141974,0.26747283,0.11681463,0.07612956,0.051503878,-0.021521967
9.33,0.13581972,0.3804296,0.24451436,-0.2580689,-0.05401995,0.31211677,-0.078936726,0.2575352,0.10532458,0.068529114,0.04908824,-0.024346322
9.34,0.13213608,0.37629023,0.2440172,-0.25428694,-0.05562737,0.30984226,-0.08051724,0.25074098,0.099181674,0.06618967,0.055287424,-0.022152584
9.35,0.13105495,0.36900133,0.23805526,-0.2500402,-0.053312253,0.30330324,-0.07929001,0.2469014,0.093353726,0.06280847,0.053851888,-0.026544502
9.36,0.12553151,0.36498135,0.23955783,-0.24519491,-0.0567766,0.3019901,-0.0827385,0.24371873,0.087971866,0.05723376,0.05004985,-0.025718484
9.37,0.12558429,0.36166084,0.23614311,-0.24364495,-0.05514639,0.29870647,-0.07601123,0.24561936,0.08747838,0.059277635,0.05421117,-0.023257963
9.38,0.121570885,0.35804784,0.23657452,-0.23978768,-0.05713114,0.29712647,-0.07760573,0.24550533,0.08793648,0.05920183,0.04997057,-0.0271158
9.39,0.11945375,0.35410118,0.23460056,-0.23669986,-0.057366576,0.2941382,-0.07420098,0.24825913,0.09033911,0.06277408,0.04957293,-0.02457991
9.4,0.11843857,0.34977177,0.23121606,-0.23413517,-0.05613032,0.2901975,-0.07644022,0.24807717,0.08920991,0.05988416,0.04721216,-0.02302949
9.41,0.117245756,0.34641623,0.22901464,-0.231792,-0.05559392,0.2873017,-0.07587102,0.24867408,0.08754002,0.057651244,0.047980335,-0.024663106
9.42,0.11496999,0.34275928,0.2276454,-0.2288846,-0.056005623,0.2849243,-0.07490737,0.25307253,0.08840474,0.059668865,0.05100359,-0.021354796
9.43,0.1120178,0.33423653,0.22218633,-0.22321881,-0.05475967,0.278025,-0.07273396,0.25288907,0.08790013,0.059630815,0.047660153,-0.020525092
9.44,0.114640266,0.33127114,0.21674213,-0.22296596,-0.050836533,0.27368814,-0.07141202,0.25366837,0.090168476,0.061613325,0.04357953,-0.023501586
9.45,0.11289426,0.32633296,0.21366027,-0.21965553,-0.050115876,0.2697758,-0.07422794,0.25516284,0.09138693,0.060455088,0.05129298,-0.021692107
9.46,0.10775515,0.32589945,0.21823119,-0.21670893,-0.05504471,0.271872,-0.06944058,0.25766426,0.092406325,0.06426145,0.047112215,-0.021611432
9.47,0.10977976,0.3274782,0.21791579,-0.21857251,-0.05387078,0.272381,-0.06962905,0.25826833,0.09123966,0.05817064,0.044093564,-0.022206293
9.48,0.10900527,0.32032835,0.21131037,-0.21459846,-0.050947838,0.26554352,-0.068945125,0.26007667,0.095622875,0.060881186,0.049577698,-0.016764248
9.49,0.10731655,0.31651855,0.2091758,-0.21195337,-0.050670173,0.2626392,-0.06665421,0.26335233,0.099197574,0.071527414,0.05588682,-0.013545309
9.5,0.10551872,0.31231123,0.20686588,-0.20887437,-0.0504517,0.259368,-0.061883733,0.26313585,0.10095833,0.07407998,0.055032067,-0.017489746
9.51,0.10892167,0.3103739,0.20138156,-0.20959054,-0.04600125,0.25557372,-0.06846407,0.26518437,0.102149695,0.06840131,0.04877634,-0.018604878
9.52,0.11123444,0.3126928,0.20138273,-0.21188557,-0.04485437,0.25678703,-0.06619446,0.26565763,0.09912966,0.06487014,0.045262568,-0.015215518
9.53,0.108009286,0.30328754,0.19523858,-0.20559546,-0.043337297,0.24894777,-0.054948818,0.26932245,0.103570096,0.07464518,0.05140771,-0.014415306
9.54,0.11741349,0.30598548,0.18868269,-0.21169129,-0.035382006,0.24718592,-0.056106392,0.2746327,0.11035757,0.08022438,0.061432637,-0.007333334
9.55,0.12109293,0.32764894,0.20664202,-0.22442272,-0.042574216,0.26694906,-0.03710607,0.29469806,0.12973885,0.09586736,0.07659753,0.0046500084
9.56,0.124411486,0.34886354,0.22433518,-0.23666348,-0.049599584,0.28617805,-0.009718176,0.3134974,0.14197871,0.10412033,0.0807244,0.012704206
9.57,0.13223799,0.34875387,0.21643402,-0.24052115,-0.041782133,0.2822569,-0.0041925134,0.3210057,0.14863321,0.11277355,0.083980925,0.012837834
9.58,0.1325484,0.36669883,0.23410709,-0.24967822,-0.050495476,0.30007797,0.0003232661,0.33599675,0.1644727,0.1269777,0.09876235,0.028433993
9.59,0.16688554,0.41023672,0.2433416,-0.28848284,-0.038031902,0.32649228,-0.03169366,0.34614265,0.18426324,0.14935873,0.11964741,0.048256535
9.6,0.17282084,0.40271863,0.22991301,-0.28780147,-0.028398504,0.31590986,-0.04729127,0.33499146,0.17934014,0.14771937,0.12725839,0.054278255
9.61,0.16096862,0.36888045,0.20795746,-0.26489788,-0.023343943,0.28822145,-0.052347906,0.3160734,0.16024096,0.13196157,0.113387704,0.04878154
9.62,0.16548707,0.36071244,0.19518092,-0.2631456,-0.014592055,0.27773023,-0.06257075,0.3241457,0.17586683,0.14336088,0.124545604,0.053317163
9.63,0.12819302,0.31428576,0.1860011,-0.22134306,-0.028650928,0.24986619,-0.0632729,0.30782437,0.15185666,0.12117322,0.09960643,0.033699516
9.64,0.11643508,0.28489235,0.16828297,-0.20070393,-0.025546962,0.22625707,-0.05394499,0.29622275,0.13604541,0.098408625,0.07275233,0.010897709
9.65,0.108990654,0.25680047,0.1478021,-0.18282835,-0.019174779,0.20214927,-0.058498353,0.2823781,0.12040689,0.083072014,0.060124423,-0.0039218324
9.66,0.10687134,0.24542055,0.13862392,-0.17608649,-0.015706858,0.19167379,-0.062146746,0.2805353,0.120114736,0.08337747,0.06537793,0.0013428713
9.67,0.09860126,0.23492707,0.13626961,-0.1668005,-0.018573266,0.18539548,-0.05348524,0.29352573,0.12834635,0.08093123,0.05776894,-0.0011627113
9.68,0.102621906,0.23727067,0.13450424,-0.16997819,-0.015635626,0.18566523,-0.060455747,0.27994257,0.11688436,0.08320172,0.06059722,-0.00049472204
9.69,0.0822529,0.23112038,0.14888287,-0.1567322,-0.032990463,0.18976416,-0.020470822,0.33321822,0.14642712,0.0906493,0.061141465,-0.004910992
9.7,0.09761944,0.21261251,0.114945084,-0.1551306,-0.008414102,0.16349787,0.11514989,0.5563436,0.2554152,0.11020534,0.007952245,-0.06571973
9.71,0.24142069,0.04263069,-0.198791,-0.14197117,0.22036965,-0.078460366,0.21838424,0.8472502,0.4919697,0.14616227,-0.10139172,-0.18336745
9.72,0.63399535,0.2090475,-0.42533955,-0.4217466,0.53007054,-0.108415,-0.008900884,0.73824024,0.8599313,0.5315066,0.230075,0.08755726
9.73,0.61226344,0.5278514,-0.0846431,-0.5701686,0.34890306,0.22122502,-0.07425538,0.18324615,1.1092752,0.9749704,0.5779835,0.38887978
9.74,0.08586322,0.18827027,0.10254898,-0.1370645,-0.008169132,0.14514208,0.19176531,-0.09801284,0.29900786,0.3329745,0.09665339,0.060880724
9.75,-0.1399911,0.12101473,0.2611346,0.0094136875,-0.20031457,0.19082855,0.068210766,-0.32307494,-0.3418783,-0.14890768,-0.081856616,-0.08077881
9.76,-0.072247066,0.0947447,0.16688003,-0.011259944,-0.11924205,0.13060957,0.025011234,-0.026171532,-0.051474113,-0.0466895,-0.057712536,-0.09993794
9.77,0.03378631,0.09677833,0.06294856,-0.06519206,-0.014317908,0.07957789,0.0009912417,0.21902081,0.064814135,0.011863601,-0.014042494,-0.065385155
9.78,0.11672051,0.19306816,0.076315545,-0.1548744,0.020455537,0.13438942,-0.0045466134,0.39052236,0.22439986,0.12695348,0.06517333,0.004459449
9.79,0.12250602,0.18675567,0.06440404,-0.15466957,0.02931654,0.12532903,0.010719249,0.41405526,0.22869778,0.1347392,0.076074526,0.015900677
9.8,0.13773164,0.1950513,0.057285365,-0.16644098,0.040395062,0.1259646,-0.0029579888,0.42642367,0.24908186,0.13885534,0.085819915,0.02679386
9.81,0.1426317,0.1886373,0.046120573,-0.16565241,0.04844111,0.11713467,0.0059504304,0.44299874,0.25281286,0.13879095,0.08513069,0.024199653
9.82,0.14874566,0.19283122,0.044330064,-0.1708143,0.05251683,0.11840409,0.00015013802,0.45285723,0.2646724,0.1507438,0.08833494,0.02673496
9.83,0.15647213,0.19129032,0.03491047,-0.17390287,0.061004482,0.11297959,-0.0012449286,0.46427706,0.2737438,0.1537162,0.09754385,0.030925008
9.84,0.1573355,0.17768776,0.02029573,-0.16747904,0.06882765,0.098689266,0.0040242155,0.4813912,0.2928988,0.16407019,0.104751475,0.037133098
9.85,0.16257054,0.17823315,0.015534802,-0.17035732,0.073757745,0.0965181,0.0046250517,0.500257,0.30642557,0.17026487,0.09477948,0.035718802
9.86,0.1660183,0.17810166,0.012090018,-0.17199363,0.07727353,0.09474726,0.00653116,0.5187911,0.32425073,0.17987975,0.099446446,0.03925892
9.87,0.17673594,0.17378691,-0.002907914,-0.17518215,0.090012126,0.08523225,0.009611915,0.5426717,0.34796298,0.18937634,0.10783297,0.044491876
9.88,0.18988067,0.17472792,-0.015329317,-0.18225655,0.10284667,0.07948326,0.010658156,0.5694584,0.3771762,0.20792162,0.108659714,0.04491535
9.89,0.20157106,0.16821024,-0.0333686,-0.1849235,0.11774941,0.06714974,0.01152788,0.6021078,0.40888304,0.21913823,0.10902338,0.04806209
9.9,0.21540949,0.16105759,-0.05442128,-0.18828268,0.13521187,0.05309052,0.00965584,0.63932943,0.44547683,0.23254295,0.1048513,0.04548275
9.91,0.23231098,0.1575273,-0.07481257,-0.19504286,0.15384968,0.041150726,0.006753071,0.6803888,0.48758572,0.24828745,0.11333677,0.05156346
9.92,0.26339352,0.16140135,-0.10197048,-0.21256997,0.18297943,0.029485065,0.0046014716,0.73282593,0.53751445,0.27040994,0.1203565,0.05364056
9.93,0.28772008,0.15318646,-0.13456485,-0.22046804,0.21143466,0.0090954965,0.00060893444,0.78740394,0.59347206,0.28628922,0.11246047,0.05515249
9.94,0.3254086,0.14687644,-0.17862225,-0.23605935,0.25227812,-0.016151698,-0.0074424203,0.844784,0.64988124,0.29955223,0.10904687,0.054232687
9.95,0.36030325,0.14846134,-0.21188277,-0.25433862,0.28641132,-0.03200595,-0.012092475,0.90464675,0.7105655,0.3243966,0.11604819,0.051045783
9.96,0.3949993,0.14562455,-0.24931283,-0.27023643,0.32238328,-0.05206365,-0.01411926,0.96281683,0.770124,0.35005078,0.12092506,0.050665174
9.97,0.42792732,0.13578925,-0.29227057,-0.28191382,0.3601898,-0.07844663,-0.015804173,1.0155799,0.8193578,0.36824852,0.118243985,0.053228587
9.98,0.43363145,0.13084097,-0.30261728,-0.28231084,0.36832553,-0.086090855,-0.0054539754,1.0538344,0.85239124,0.38683733,0.12151579,0.053630166
9.99,0.44214347,0.13624552,-0.3059026,-0.28913438,0.37427938,-0.08512393,0.006041017,1.0623428,0.85730976,0.39170617,0.12409681,0.056906603
